# 3ds Max Wavefront OBJ Exporter v0.97b - (c)2007 guruware
# File Created: 01.04.2020 19:42:10

mtllib light.mtl

#
# object Rectangle042
#

v  40.0000 4.1712 0.0000
v  39.2314 4.1712 -7.8036
v  38.9407 4.1712 -7.7458
v  39.7036 4.1712 0.0000
v  30.3560 4.1712 -6.0382
v  30.9507 4.1712 0.0000
v  30.1251 4.1712 -5.9923
v  30.7153 4.1712 0.0000
v  30.1251 4.4741 -5.9923
v  30.7153 4.4741 0.0000
v  30.1251 24.6953 -5.9923
v  30.7153 24.6953 0.0000
v  30.1251 25.0000 -5.9923
v  30.7153 25.0000 0.0000
v  29.8847 25.0000 -5.9444
v  30.4702 25.0000 0.0000
v  27.2311 25.0000 -5.4166
v  27.7646 25.0000 0.0000
v  26.9563 25.0000 -5.3619
v  27.4844 25.0000 0.0000
v  26.9563 24.6752 -5.3619
v  27.4844 24.6752 0.0000
v  26.9563 0.3053 -5.3619
v  27.4844 0.3053 -0.0000
v  26.9563 0.0000 -5.3619
v  27.4844 0.0000 -0.0000
v  27.2139 0.0000 -5.4132
v  27.7471 0.0000 -0.0000
v  36.9748 0.0000 -7.3548
v  37.6992 0.0000 -0.0000
v  37.2698 0.0000 -7.4134
v  38.0000 0.0000 -0.0000
v  37.4490 0.1827 -7.4491
v  38.1826 0.1827 -0.0000
v  39.0707 1.8361 -7.7716
v  39.8361 1.8361 0.0000
v  39.2314 2.0000 -7.8036
v  40.0000 2.0000 0.0000
v  39.2314 2.3095 -7.8036
v  40.0000 2.3095 0.0000
v  39.2314 3.8928 -7.8036
v  40.0000 3.8928 0.0000
v  36.9552 4.1712 -15.3073
v  36.6814 4.1712 -15.1939
v  28.5947 4.1712 -11.8443
v  28.3772 4.1712 -11.7542
v  28.3772 4.4741 -11.7542
v  28.3772 24.6953 -11.7542
v  28.3772 25.0000 -11.7542
v  28.1508 25.0000 -11.6604
v  25.6511 25.0000 -10.6250
v  25.3923 25.0000 -10.5178
v  25.3923 24.6752 -10.5178
v  25.3923 0.3053 -10.5178
v  25.3923 0.0000 -10.5178
v  25.6350 0.0000 -10.6183
v  34.8295 0.0000 -14.4269
v  35.1074 0.0000 -14.5420
v  35.2762 0.1827 -14.6119
v  36.8038 1.8361 -15.2446
v  36.9552 2.0000 -15.3073
v  36.9552 2.3095 -15.3073
v  36.9552 3.8928 -15.3073
v  33.2588 4.1712 -22.2228
v  33.0124 4.1712 -22.0581
v  25.7346 4.1712 -17.1953
v  25.5388 4.1712 -17.0645
v  25.5388 4.4741 -17.0645
v  25.5388 24.6953 -17.0645
v  25.5388 25.0000 -17.0645
v  25.3350 25.0000 -16.9283
v  23.0854 25.0000 -15.4252
v  22.8524 25.0000 -15.2695
v  22.8524 24.6752 -15.2695
v  22.8524 0.3053 -15.2695
v  22.8524 0.0000 -15.2695
v  23.0708 0.0000 -15.4154
v  31.3458 0.0000 -20.9446
v  31.5958 0.0000 -21.1117
v  31.7477 0.1827 -21.2131
v  33.1225 1.8361 -22.1318
v  33.2588 2.0000 -22.2228
v  33.2588 2.3095 -22.2228
v  33.2588 3.8928 -22.2228
v  28.2843 4.1712 -28.2843
v  28.0747 4.1712 -28.0747
v  21.8854 4.1712 -21.8854
v  21.7190 4.1712 -21.7190
v  21.7190 4.4741 -21.7190
v  21.7190 24.6953 -21.7190
v  21.7190 25.0000 -21.7190
v  21.5457 25.0000 -21.5457
v  19.6325 25.0000 -19.6325
v  19.4344 25.0000 -19.4344
v  19.4344 24.6752 -19.4344
v  19.4344 0.3053 -19.4344
v  19.4344 0.0000 -19.4344
v  19.6201 0.0000 -19.6201
v  26.6574 0.0000 -26.6574
v  26.8701 0.0000 -26.8701
v  26.9992 0.1827 -26.9992
v  28.1684 1.8361 -28.1684
v  28.2843 2.0000 -28.2843
v  28.2843 2.3095 -28.2843
v  28.2843 3.8928 -28.2843
v  22.2228 4.1712 -33.2588
v  22.0581 4.1712 -33.0124
v  17.1953 4.1712 -25.7346
v  17.0645 4.1712 -25.5388
v  17.0645 4.4741 -25.5388
v  17.0645 24.6953 -25.5388
v  17.0645 25.0000 -25.5388
v  16.9283 25.0000 -25.3350
v  15.4252 25.0000 -23.0854
v  15.2695 25.0000 -22.8524
v  15.2695 24.6752 -22.8524
v  15.2695 0.3053 -22.8524
v  15.2695 0.0000 -22.8524
v  15.4154 0.0000 -23.0708
v  20.9446 0.0000 -31.3458
v  21.1117 0.0000 -31.5958
v  21.2131 0.1827 -31.7477
v  22.1318 1.8361 -33.1225
v  22.2228 2.0000 -33.2588
v  22.2228 2.3095 -33.2588
v  22.2228 3.8928 -33.2588
v  15.3073 4.1712 -36.9552
v  15.1939 4.1712 -36.6814
v  11.8443 4.1712 -28.5947
v  11.7542 4.1712 -28.3772
v  11.7542 4.4741 -28.3772
v  11.7542 24.6953 -28.3772
v  11.7542 25.0000 -28.3772
v  11.6604 25.0000 -28.1508
v  10.6250 25.0000 -25.6511
v  10.5178 25.0000 -25.3922
v  10.5178 24.6752 -25.3922
v  10.5178 0.3053 -25.3922
v  10.5178 0.0000 -25.3922
v  10.6183 0.0000 -25.6350
v  14.4269 0.0000 -34.8295
v  14.5420 0.0000 -35.1074
v  14.6119 0.1827 -35.2762
v  15.2446 1.8361 -36.8038
v  15.3073 2.0000 -36.9552
v  15.3073 2.3095 -36.9552
v  15.3073 3.8928 -36.9552
v  7.8036 4.1712 -39.2314
v  7.7458 4.1712 -38.9407
v  6.0382 4.1712 -30.3560
v  5.9923 4.1712 -30.1251
v  5.9923 4.4741 -30.1251
v  5.9923 24.6953 -30.1251
v  5.9923 25.0000 -30.1251
v  5.9444 25.0000 -29.8847
v  5.4166 25.0000 -27.2311
v  5.3619 25.0000 -26.9563
v  5.3619 24.6752 -26.9563
v  5.3619 0.3053 -26.9563
v  5.3619 0.0000 -26.9563
v  5.4132 0.0000 -27.2139
v  7.3547 0.0000 -36.9748
v  7.4134 0.0000 -37.2698
v  7.4491 0.1827 -37.4490
v  7.7716 1.8361 -39.0707
v  7.8036 2.0000 -39.2314
v  7.8036 2.3095 -39.2314
v  7.8036 3.8928 -39.2314
v  -0.0000 4.1712 -40.0000
v  -0.0000 4.1712 -39.7036
v  0.0000 4.1712 -30.9507
v  0.0000 4.1712 -30.7153
v  0.0000 4.4741 -30.7153
v  0.0000 24.6953 -30.7153
v  0.0000 25.0000 -30.7153
v  0.0000 25.0000 -30.4702
v  0.0000 25.0000 -27.7646
v  0.0000 25.0000 -27.4844
v  0.0000 24.6752 -27.4844
v  -0.0000 0.3053 -27.4844
v  -0.0000 0.0000 -27.4844
v  -0.0000 0.0000 -27.7471
v  -0.0000 0.0000 -37.6992
v  -0.0000 0.0000 -38.0000
v  -0.0000 0.1827 -38.1826
v  -0.0000 1.8361 -39.8361
v  -0.0000 2.0000 -40.0000
v  -0.0000 2.3095 -40.0000
v  -0.0000 3.8928 -40.0000
v  -7.8036 4.1712 -39.2314
v  -7.7458 4.1712 -38.9407
v  -6.0382 4.1712 -30.3560
v  -5.9923 4.1712 -30.1251
v  -5.9923 4.4741 -30.1251
v  -5.9923 24.6953 -30.1251
v  -5.9923 25.0000 -30.1251
v  -5.9444 25.0000 -29.8847
v  -5.4166 25.0000 -27.2311
v  -5.3619 25.0000 -26.9563
v  -5.3619 24.6752 -26.9563
v  -5.3619 0.3053 -26.9563
v  -5.3619 0.0000 -26.9563
v  -5.4132 0.0000 -27.2139
v  -7.3548 0.0000 -36.9748
v  -7.4134 0.0000 -37.2698
v  -7.4491 0.1827 -37.4490
v  -7.7716 1.8361 -39.0707
v  -7.8036 2.0000 -39.2314
v  -7.8036 2.3095 -39.2314
v  -7.8036 3.8928 -39.2314
v  -15.3073 4.1712 -36.9552
v  -15.1939 4.1712 -36.6814
v  -11.8443 4.1712 -28.5947
v  -11.7542 4.1712 -28.3772
v  -11.7542 4.4741 -28.3772
v  -11.7542 24.6953 -28.3772
v  -11.7542 25.0000 -28.3772
v  -11.6604 25.0000 -28.1508
v  -10.6250 25.0000 -25.6511
v  -10.5178 25.0000 -25.3923
v  -10.5178 24.6752 -25.3923
v  -10.5178 0.3053 -25.3922
v  -10.5178 0.0000 -25.3922
v  -10.6184 0.0000 -25.6350
v  -14.4269 0.0000 -34.8295
v  -14.5420 0.0000 -35.1074
v  -14.6119 0.1827 -35.2762
v  -15.2446 1.8361 -36.8038
v  -15.3073 2.0000 -36.9552
v  -15.3073 2.3095 -36.9552
v  -15.3073 3.8928 -36.9552
v  -22.2228 4.1712 -33.2588
v  -22.0582 4.1712 -33.0124
v  -17.1953 4.1712 -25.7346
v  -17.0645 4.1712 -25.5388
v  -17.0645 4.4741 -25.5388
v  -17.0645 24.6953 -25.5388
v  -17.0645 25.0000 -25.5388
v  -16.9283 25.0000 -25.3350
v  -15.4252 25.0000 -23.0854
v  -15.2695 25.0000 -22.8524
v  -15.2695 24.6752 -22.8524
v  -15.2695 0.3053 -22.8524
v  -15.2695 0.0000 -22.8524
v  -15.4155 0.0000 -23.0708
v  -20.9446 0.0000 -31.3458
v  -21.1117 0.0000 -31.5958
v  -21.2131 0.1827 -31.7477
v  -22.1318 1.8361 -33.1225
v  -22.2228 2.0000 -33.2588
v  -22.2228 2.3095 -33.2588
v  -22.2228 3.8928 -33.2588
v  -28.2843 4.1712 -28.2843
v  -28.0747 4.1712 -28.0747
v  -21.8854 4.1712 -21.8854
v  -21.7190 4.1712 -21.7190
v  -21.7190 4.4741 -21.7190
v  -21.7190 24.6953 -21.7190
v  -21.7190 25.0000 -21.7190
v  -21.5457 25.0000 -21.5457
v  -19.6325 25.0000 -19.6325
v  -19.4344 25.0000 -19.4344
v  -19.4344 24.6752 -19.4344
v  -19.4344 0.3053 -19.4344
v  -19.4344 0.0000 -19.4344
v  -19.6201 0.0000 -19.6201
v  -26.6574 0.0000 -26.6574
v  -26.8701 0.0000 -26.8701
v  -26.9992 0.1827 -26.9992
v  -28.1684 1.8361 -28.1684
v  -28.2843 2.0000 -28.2843
v  -28.2843 2.3095 -28.2843
v  -28.2843 3.8928 -28.2843
v  -33.2588 4.1712 -22.2228
v  -33.0124 4.1712 -22.0581
v  -25.7346 4.1712 -17.1953
v  -25.5388 4.1712 -17.0645
v  -25.5388 4.4741 -17.0645
v  -25.5388 24.6953 -17.0645
v  -25.5388 25.0000 -17.0645
v  -25.3350 25.0000 -16.9283
v  -23.0854 25.0000 -15.4252
v  -22.8524 25.0000 -15.2695
v  -22.8524 24.6752 -15.2695
v  -22.8524 0.3053 -15.2695
v  -22.8524 0.0000 -15.2695
v  -23.0709 0.0000 -15.4154
v  -31.3458 0.0000 -20.9446
v  -31.5958 0.0000 -21.1117
v  -31.7477 0.1827 -21.2131
v  -33.1225 1.8361 -22.1318
v  -33.2588 2.0000 -22.2228
v  -33.2588 2.3095 -22.2228
v  -33.2588 3.8928 -22.2228
v  -36.9552 4.1712 -15.3073
v  -36.6814 4.1712 -15.1939
v  -28.5947 4.1712 -11.8443
v  -28.3772 4.1712 -11.7542
v  -28.3772 4.4741 -11.7542
v  -28.3772 24.6953 -11.7542
v  -28.3772 25.0000 -11.7542
v  -28.1508 25.0000 -11.6604
v  -25.6511 25.0000 -10.6250
v  -25.3923 25.0000 -10.5178
v  -25.3923 24.6752 -10.5178
v  -25.3923 0.3053 -10.5178
v  -25.3923 0.0000 -10.5178
v  -25.6350 0.0000 -10.6183
v  -34.8295 0.0000 -14.4269
v  -35.1074 0.0000 -14.5420
v  -35.2762 0.1827 -14.6119
v  -36.8038 1.8361 -15.2446
v  -36.9552 2.0000 -15.3073
v  -36.9552 2.3095 -15.3073
v  -36.9552 3.8928 -15.3073
v  -39.2314 4.1712 -7.8036
v  -38.9407 4.1712 -7.7458
v  -30.3560 4.1712 -6.0382
v  -30.1251 4.1712 -5.9923
v  -30.1251 4.4741 -5.9923
v  -30.1251 24.6953 -5.9923
v  -30.1251 25.0000 -5.9923
v  -29.8847 25.0000 -5.9444
v  -27.2311 25.0000 -5.4166
v  -26.9563 25.0000 -5.3619
v  -26.9563 24.6752 -5.3619
v  -26.9563 0.3053 -5.3619
v  -26.9563 0.0000 -5.3619
v  -27.2139 0.0000 -5.4132
v  -36.9748 0.0000 -7.3548
v  -37.2698 0.0000 -7.4134
v  -37.4490 0.1827 -7.4491
v  -39.0707 1.8361 -7.7716
v  -39.2314 2.0000 -7.8036
v  -39.2314 2.3095 -7.8036
v  -39.2314 3.8928 -7.8036
v  -40.0000 4.1712 0.0000
v  -39.7036 4.1712 0.0000
v  -30.9507 4.1712 0.0000
v  -30.7153 4.1712 0.0000
v  -30.7153 4.4741 0.0000
v  -30.7153 24.6953 0.0000
v  -30.7153 25.0000 0.0000
v  -30.4702 25.0000 0.0000
v  -27.7646 25.0000 0.0000
v  -27.4844 25.0000 0.0000
v  -27.4844 24.6752 0.0000
v  -27.4844 0.3053 0.0000
v  -27.4844 0.0000 0.0000
v  -27.7471 0.0000 0.0000
v  -37.6992 0.0000 0.0000
v  -38.0000 0.0000 0.0000
v  -38.1826 0.1827 0.0000
v  -39.8361 1.8361 0.0000
v  -40.0000 2.0000 0.0000
v  -40.0000 2.3095 0.0000
v  -40.0000 3.8928 0.0000
v  -39.2314 4.1712 7.8036
v  -38.9407 4.1712 7.7458
v  -30.3560 4.1712 6.0382
v  -30.1251 4.1712 5.9923
v  -30.1251 4.4741 5.9923
v  -30.1251 24.6953 5.9923
v  -30.1251 25.0000 5.9923
v  -29.8847 25.0000 5.9444
v  -27.2311 25.0000 5.4166
v  -26.9563 25.0000 5.3619
v  -26.9563 24.6752 5.3619
v  -26.9563 0.3053 5.3619
v  -26.9563 0.0000 5.3619
v  -27.2139 0.0000 5.4132
v  -36.9748 0.0000 7.3548
v  -37.2698 0.0000 7.4134
v  -37.4490 0.1827 7.4491
v  -39.0707 1.8361 7.7716
v  -39.2314 2.0000 7.8036
v  -39.2314 2.3095 7.8036
v  -39.2314 3.8928 7.8036
v  -36.9552 4.1712 15.3073
v  -36.6814 4.1712 15.1939
v  -28.5947 4.1712 11.8443
v  -28.3772 4.1712 11.7542
v  -28.3772 4.4741 11.7542
v  -28.3772 24.6953 11.7542
v  -28.3772 25.0000 11.7542
v  -28.1508 25.0000 11.6604
v  -25.6511 25.0000 10.6250
v  -25.3923 25.0000 10.5178
v  -25.3923 24.6752 10.5178
v  -25.3923 0.3053 10.5178
v  -25.3923 0.0000 10.5178
v  -25.6350 0.0000 10.6183
v  -34.8295 0.0000 14.4269
v  -35.1074 0.0000 14.5420
v  -35.2762 0.1827 14.6119
v  -36.8038 1.8361 15.2446
v  -36.9552 2.0000 15.3073
v  -36.9552 2.3095 15.3073
v  -36.9552 3.8928 15.3073
v  -33.2588 4.1712 22.2228
v  -33.0124 4.1712 22.0582
v  -25.7346 4.1712 17.1953
v  -25.5388 4.1712 17.0645
v  -25.5388 4.4741 17.0645
v  -25.5388 24.6953 17.0645
v  -25.5388 25.0000 17.0645
v  -25.3350 25.0000 16.9283
v  -23.0854 25.0000 15.4252
v  -22.8524 25.0000 15.2695
v  -22.8524 24.6752 15.2695
v  -22.8524 0.3053 15.2695
v  -22.8524 0.0000 15.2695
v  -23.0708 0.0000 15.4155
v  -31.3458 0.0000 20.9446
v  -31.5958 0.0000 21.1117
v  -31.7477 0.1827 21.2131
v  -33.1225 1.8361 22.1318
v  -33.2588 2.0000 22.2228
v  -33.2588 2.3095 22.2228
v  -33.2588 3.8928 22.2228
v  -28.2843 4.1712 28.2843
v  -28.0747 4.1712 28.0747
v  -21.8854 4.1712 21.8854
v  -21.7190 4.1712 21.7190
v  -21.7190 4.4741 21.7190
v  -21.7190 24.6953 21.7190
v  -21.7190 25.0000 21.7190
v  -21.5457 25.0000 21.5457
v  -19.6325 25.0000 19.6325
v  -19.4344 25.0000 19.4344
v  -19.4344 24.6752 19.4344
v  -19.4344 0.3053 19.4344
v  -19.4344 0.0000 19.4344
v  -19.6201 0.0000 19.6202
v  -26.6574 0.0000 26.6574
v  -26.8700 0.0000 26.8701
v  -26.9992 0.1827 26.9992
v  -28.1684 1.8361 28.1684
v  -28.2843 2.0000 28.2843
v  -28.2843 2.3095 28.2843
v  -28.2843 3.8928 28.2843
v  -22.2228 4.1712 33.2588
v  -22.0581 4.1712 33.0124
v  -17.1953 4.1712 25.7346
v  -17.0645 4.1712 25.5388
v  -17.0645 4.4741 25.5388
v  -17.0645 24.6953 25.5389
v  -17.0645 25.0000 25.5389
v  -16.9283 25.0000 25.3350
v  -15.4252 25.0000 23.0854
v  -15.2695 25.0000 22.8524
v  -15.2695 24.6752 22.8524
v  -15.2695 0.3053 22.8524
v  -15.2695 0.0000 22.8524
v  -15.4154 0.0000 23.0709
v  -20.9446 0.0000 31.3458
v  -21.1117 0.0000 31.5958
v  -21.2131 0.1827 31.7477
v  -22.1318 1.8361 33.1225
v  -22.2228 2.0000 33.2588
v  -22.2228 2.3095 33.2588
v  -22.2228 3.8928 33.2588
v  -15.3073 4.1712 36.9552
v  -15.1939 4.1712 36.6814
v  -11.8443 4.1712 28.5947
v  -11.7542 4.1712 28.3772
v  -11.7542 4.4741 28.3772
v  -11.7542 24.6953 28.3773
v  -11.7542 25.0000 28.3773
v  -11.6604 25.0000 28.1508
v  -10.6250 25.0000 25.6511
v  -10.5178 25.0000 25.3923
v  -10.5178 24.6752 25.3923
v  -10.5178 0.3053 25.3923
v  -10.5178 0.0000 25.3923
v  -10.6183 0.0000 25.6350
v  -14.4269 0.0000 34.8295
v  -14.5420 0.0000 35.1074
v  -14.6119 0.1827 35.2762
v  -15.2446 1.8361 36.8038
v  -15.3073 2.0000 36.9552
v  -15.3073 2.3095 36.9552
v  -15.3073 3.8928 36.9552
v  -7.8036 4.1712 39.2314
v  -7.7458 4.1712 38.9407
v  -6.0382 4.1712 30.3560
v  -5.9923 4.1712 30.1251
v  -5.9923 4.4741 30.1251
v  -5.9923 24.6953 30.1251
v  -5.9923 25.0000 30.1251
v  -5.9444 25.0000 29.8847
v  -5.4166 25.0000 27.2311
v  -5.3619 25.0000 26.9563
v  -5.3619 24.6752 26.9563
v  -5.3619 0.3053 26.9563
v  -5.3619 0.0000 26.9563
v  -5.4132 0.0000 27.2139
v  -7.3548 0.0000 36.9748
v  -7.4134 0.0000 37.2698
v  -7.4491 0.1827 37.4490
v  -7.7716 1.8361 39.0707
v  -7.8036 2.0000 39.2314
v  -7.8036 2.3095 39.2314
v  -7.8036 3.8928 39.2314
v  -0.0000 4.1712 40.0000
v  -0.0000 4.1712 39.7036
v  -0.0000 4.1712 30.9507
v  -0.0000 4.1712 30.7153
v  -0.0000 4.4741 30.7153
v  -0.0000 24.6953 30.7153
v  -0.0000 25.0000 30.7153
v  -0.0000 25.0000 30.4702
v  -0.0000 25.0000 27.7646
v  -0.0000 25.0000 27.4844
v  -0.0000 24.6752 27.4844
v  0.0000 0.3053 27.4844
v  0.0000 0.0000 27.4844
v  0.0000 0.0000 27.7471
v  0.0000 0.0000 37.6992
v  0.0000 0.0000 38.0000
v  0.0000 0.1827 38.1826
v  0.0000 1.8361 39.8361
v  0.0000 2.0000 40.0000
v  0.0000 2.3095 40.0000
v  -0.0000 3.8928 40.0000
v  7.8036 4.1712 39.2314
v  7.7458 4.1712 38.9407
v  6.0382 4.1712 30.3560
v  5.9923 4.1712 30.1251
v  5.9923 4.4741 30.1251
v  5.9923 24.6953 30.1251
v  5.9923 25.0000 30.1251
v  5.9444 25.0000 29.8847
v  5.4166 25.0000 27.2311
v  5.3619 25.0000 26.9563
v  5.3619 24.6752 26.9563
v  5.3619 0.3053 26.9563
v  5.3619 0.0000 26.9563
v  5.4132 0.0000 27.2139
v  7.3548 0.0000 36.9748
v  7.4134 0.0000 37.2698
v  7.4491 0.1827 37.4490
v  7.7716 1.8361 39.0707
v  7.8036 2.0000 39.2314
v  7.8036 2.3095 39.2314
v  7.8036 3.8928 39.2314
v  15.3073 4.1712 36.9552
v  15.1939 4.1712 36.6814
v  11.8443 4.1712 28.5947
v  11.7542 4.1712 28.3772
v  11.7542 4.4741 28.3772
v  11.7542 24.6953 28.3772
v  11.7542 25.0000 28.3772
v  11.6604 25.0000 28.1508
v  10.6250 25.0000 25.6511
v  10.5178 25.0000 25.3923
v  10.5178 24.6752 25.3923
v  10.5178 0.3053 25.3923
v  10.5178 0.0000 25.3923
v  10.6184 0.0000 25.6350
v  14.4269 0.0000 34.8295
v  14.5420 0.0000 35.1074
v  14.6119 0.1827 35.2762
v  15.2446 1.8361 36.8038
v  15.3073 2.0000 36.9552
v  15.3073 2.3095 36.9552
v  15.3073 3.8928 36.9552
v  22.2228 4.1712 33.2588
v  22.0582 4.1712 33.0123
v  17.1953 4.1712 25.7346
v  17.0645 4.1712 25.5388
v  17.0645 4.4741 25.5388
v  17.0645 24.6953 25.5388
v  17.0645 25.0000 25.5388
v  16.9283 25.0000 25.3350
v  15.4252 25.0000 23.0854
v  15.2695 25.0000 22.8524
v  15.2695 24.6752 22.8524
v  15.2695 0.3053 22.8524
v  15.2695 0.0000 22.8524
v  15.4155 0.0000 23.0708
v  20.9446 0.0000 31.3458
v  21.1117 0.0000 31.5958
v  21.2132 0.1827 31.7477
v  22.1318 1.8361 33.1225
v  22.2228 2.0000 33.2588
v  22.2228 2.3095 33.2588
v  22.2228 3.8928 33.2588
v  28.2843 4.1712 28.2843
v  28.0747 4.1712 28.0747
v  21.8854 4.1712 21.8854
v  21.7190 4.1712 21.7190
v  21.7190 4.4741 21.7190
v  21.7190 24.6953 21.7190
v  21.7190 25.0000 21.7190
v  21.5457 25.0000 21.5457
v  19.6325 25.0000 19.6325
v  19.4344 25.0000 19.4344
v  19.4344 24.6752 19.4344
v  19.4344 0.3053 19.4344
v  19.4344 0.0000 19.4344
v  19.6202 0.0000 19.6201
v  26.6574 0.0000 26.6574
v  26.8701 0.0000 26.8700
v  26.9992 0.1827 26.9992
v  28.1684 1.8361 28.1684
v  28.2843 2.0000 28.2843
v  28.2843 2.3095 28.2843
v  28.2843 3.8928 28.2843
v  33.2588 4.1712 22.2228
v  33.0124 4.1712 22.0582
v  25.7346 4.1712 17.1953
v  25.5388 4.1712 17.0645
v  25.5388 4.4741 17.0645
v  25.5388 24.6953 17.0645
v  25.5388 25.0000 17.0645
v  25.3350 25.0000 16.9283
v  23.0854 25.0000 15.4252
v  22.8524 25.0000 15.2695
v  22.8524 24.6752 15.2695
v  22.8524 0.3053 15.2695
v  22.8524 0.0000 15.2695
v  23.0708 0.0000 15.4155
v  31.3458 0.0000 20.9446
v  31.5958 0.0000 21.1117
v  31.7477 0.1827 21.2131
v  33.1225 1.8361 22.1318
v  33.2588 2.0000 22.2228
v  33.2588 2.3095 22.2228
v  33.2588 3.8928 22.2228
v  36.9552 4.1712 15.3073
v  36.6814 4.1712 15.1939
v  28.5947 4.1712 11.8443
v  28.3772 4.1712 11.7542
v  28.3772 4.4741 11.7542
v  28.3772 24.6953 11.7542
v  28.3772 25.0000 11.7542
v  28.1508 25.0000 11.6604
v  25.6511 25.0000 10.6250
v  25.3923 25.0000 10.5178
v  25.3923 24.6752 10.5178
v  25.3923 0.3053 10.5178
v  25.3923 0.0000 10.5178
v  25.6350 0.0000 10.6183
v  34.8295 0.0000 14.4269
v  35.1074 0.0000 14.5420
v  35.2762 0.1827 14.6119
v  36.8038 1.8361 15.2446
v  36.9552 2.0000 15.3073
v  36.9552 2.3095 15.3073
v  36.9552 3.8928 15.3073
v  39.2314 4.1712 7.8036
v  38.9407 4.1712 7.7458
v  30.3560 4.1712 6.0382
v  30.1251 4.1712 5.9923
v  30.1251 4.4741 5.9923
v  30.1251 24.6953 5.9923
v  30.1251 25.0000 5.9923
v  29.8847 25.0000 5.9444
v  27.2311 25.0000 5.4166
v  26.9563 25.0000 5.3619
v  26.9563 24.6752 5.3619
v  26.9563 0.3053 5.3619
v  26.9563 0.0000 5.3619
v  27.2139 0.0000 5.4132
v  36.9748 0.0000 7.3548
v  37.2698 0.0000 7.4134
v  37.4490 0.1827 7.4491
v  39.0707 1.8361 7.7716
v  39.2314 2.0000 7.8036
v  39.2314 2.3095 7.8036
v  39.2314 3.8928 7.8036
# 672 vertices

vn 0.7279 0.6857 0.0000
vn 0.7139 0.6857 -0.1420
vn -0.0000 1.0000 0.0000
vn 0.0000 1.0000 -0.0000
vn 0.0000 1.0000 0.0000
vn 0.6705 0.7298 -0.1334
vn 0.6836 0.7298 -0.0000
vn 0.9808 -0.0000 -0.1951
vn 1.0000 -0.0000 -0.0000
vn -0.6705 0.7298 0.1334
vn -0.6836 0.7298 0.0000
vn -0.9808 -0.0000 0.1951
vn -1.0000 -0.0000 0.0000
vn -0.6705 -0.7298 0.1334
vn -0.6836 -0.7298 0.0000
vn 0.0000 -1.0000 0.0000
vn 0.0000 -1.0000 -0.0000
vn 0.3950 -0.9153 -0.0786
vn 0.4027 -0.9153 -0.0000
vn 0.6935 -0.7071 -0.1379
vn 0.7071 -0.7071 -0.0000
vn 0.9094 -0.3745 -0.1809
vn 0.9272 -0.3745 0.0000
vn 0.9808 0.0000 -0.1951
vn 1.0000 -0.0000 0.0000
vn 0.6725 0.6857 -0.2786
vn 0.6316 0.7298 -0.2616
vn 0.9239 -0.0000 -0.3827
vn -0.6316 0.7298 0.2616
vn -0.9239 -0.0000 0.3827
vn -0.6316 -0.7298 0.2616
vn -0.0000 -1.0000 0.0000
vn 0.3721 -0.9153 -0.1541
vn 0.6533 -0.7071 -0.2706
vn 0.8566 -0.3745 -0.3548
vn 0.9239 0.0000 -0.3827
vn 0.6052 0.6857 -0.4044
vn 0.5684 0.7298 -0.3798
vn 0.8315 -0.0000 -0.5556
vn -0.5684 0.7298 0.3798
vn -0.8315 -0.0000 0.5556
vn -0.5684 -0.7298 0.3798
vn 0.3349 -0.9153 -0.2237
vn 0.5879 -0.7071 -0.3928
vn 0.7710 -0.3745 -0.5151
vn 0.8315 0.0000 -0.5556
vn 0.5147 0.6857 -0.5147
vn 0.4834 0.7298 -0.4834
vn 0.7071 -0.0000 -0.7071
vn -0.4834 0.7298 0.4834
vn -0.7071 -0.0000 0.7071
vn -0.4834 -0.7298 0.4834
vn 0.2848 -0.9153 -0.2848
vn 0.5000 -0.7071 -0.5000
vn 0.6556 -0.3745 -0.6556
vn 0.7071 0.0000 -0.7071
vn 0.4044 0.6857 -0.6052
vn 0.3798 0.7298 -0.5684
vn 0.5556 -0.0000 -0.8315
vn -0.3798 0.7298 0.5684
vn -0.5556 -0.0000 0.8315
vn -0.3798 -0.7298 0.5684
vn 0.2237 -0.9153 -0.3349
vn 0.3928 -0.7071 -0.5879
vn 0.5151 -0.3745 -0.7710
vn 0.5556 0.0000 -0.8315
vn 0.2785 0.6857 -0.6724
vn 0.2616 0.7298 -0.6316
vn 0.3827 -0.0000 -0.9239
vn 0.2786 0.6857 -0.6725
vn -0.2616 0.7298 0.6316
vn -0.3827 -0.0000 0.9239
vn -0.2616 -0.7298 0.6316
vn 0.1541 -0.9153 -0.3721
vn 0.2706 -0.7071 -0.6533
vn 0.3548 -0.3745 -0.8567
vn 0.3827 0.0000 -0.9239
vn 0.1420 0.6857 -0.7139
vn 0.1334 0.7299 -0.6704
vn 0.1951 -0.0000 -0.9808
vn -0.0000 1.0000 -0.0000
vn -0.1334 0.7298 0.6705
vn -0.1951 -0.0000 0.9808
vn -0.1951 0.0000 0.9808
vn -0.1334 -0.7299 0.6704
vn 0.0786 -0.9153 -0.3950
vn 0.1379 -0.7071 -0.6935
vn 0.1809 -0.3745 -0.9094
vn 0.1951 0.0000 -0.9808
vn 0.0000 0.6857 -0.7279
vn -0.0000 0.7298 -0.6836
vn 0.0000 -0.0000 -1.0000
vn -0.0000 -0.0000 -1.0000
vn 0.0000 0.7298 0.6836
vn 0.0000 -0.0000 1.0000
vn 0.0000 -0.7298 0.6836
vn -0.0000 -0.9153 -0.4027
vn 0.0000 -0.7071 -0.7071
vn -0.0000 -0.7071 -0.7071
vn 0.0000 -0.3745 -0.9272
vn 0.0000 0.0000 -1.0000
vn -0.1420 0.6857 -0.7139
vn -0.1333 0.7299 -0.6704
vn -0.1951 -0.0000 -0.9808
vn 0.1334 0.7298 0.6705
vn 0.1951 -0.0000 0.9808
vn 0.1334 -0.7298 0.6705
vn -0.0000 -1.0000 -0.0000
vn -0.0786 -0.9153 -0.3950
vn -0.1379 -0.7071 -0.6935
vn -0.1809 -0.3745 -0.9094
vn -0.1951 0.0000 -0.9808
vn -0.2785 0.6857 -0.6724
vn -0.2616 0.7299 -0.6315
vn -0.3827 -0.0000 -0.9239
vn -0.2786 0.6857 -0.6725
vn 0.2616 0.7299 0.6315
vn 0.3827 -0.0000 0.9239
vn 0.2616 -0.7298 0.6316
vn -0.1541 -0.9153 -0.3721
vn -0.2706 -0.7071 -0.6533
vn -0.3548 -0.3745 -0.8566
vn -0.3827 0.0000 -0.9239
vn -0.4044 0.6857 -0.6052
vn -0.3798 0.7298 -0.5684
vn -0.5556 -0.0000 -0.8315
vn 0.3798 0.7299 0.5684
vn 0.5556 -0.0000 0.8315
vn 0.3798 -0.7298 0.5684
vn -0.2237 -0.9153 -0.3349
vn -0.3928 -0.7071 -0.5879
vn -0.5151 -0.3745 -0.7710
vn -0.5556 0.0000 -0.8315
vn -0.5147 0.6857 -0.5147
vn -0.4834 0.7298 -0.4834
vn -0.7071 -0.0000 -0.7071
vn 0.4834 0.7298 0.4834
vn 0.7071 -0.0000 0.7071
vn 0.4834 -0.7298 0.4834
vn -0.2848 -0.9153 -0.2848
vn -0.5000 -0.7071 -0.5000
vn -0.6556 -0.3745 -0.6556
vn -0.7071 0.0000 -0.7071
vn -0.6053 0.6857 -0.4044
vn -0.5684 0.7298 -0.3798
vn -0.8315 -0.0000 -0.5556
vn -0.6052 0.6857 -0.4044
vn 0.5684 0.7299 0.3798
vn 0.8315 -0.0000 0.5556
vn 0.8315 0.0000 0.5556
vn 0.5684 -0.7298 0.3798
vn -0.3349 -0.9153 -0.2237
vn -0.5879 -0.7071 -0.3928
vn -0.7710 -0.3745 -0.5151
vn -0.8315 0.0000 -0.5556
vn -0.6724 0.6857 -0.2785
vn -0.6315 0.7299 -0.2616
vn -0.9239 -0.0000 -0.3827
vn 0.6315 0.7299 0.2616
vn 0.9239 -0.0000 0.3827
vn 0.9239 0.0000 0.3827
vn 0.6316 -0.7298 0.2616
vn -0.3721 -0.9153 -0.1541
vn -0.6533 -0.7071 -0.2706
vn -0.8566 -0.3745 -0.3548
vn -0.7139 0.6857 -0.1420
vn -0.6705 0.7298 -0.1334
vn -0.9808 -0.0000 -0.1951
vn 0.6705 0.7298 0.1334
vn 0.9808 0.0000 0.1951
vn 0.6705 -0.7298 0.1334
vn -0.3950 -0.9153 -0.0786
vn -0.6935 -0.7071 -0.1379
vn -0.9094 -0.3745 -0.1809
vn -0.7279 0.6857 -0.0000
vn -0.6836 0.7299 0.0000
vn -0.7279 0.6857 0.0000
vn 0.6836 -0.7298 -0.0000
vn -0.4027 -0.9153 0.0000
vn -0.7071 -0.7071 -0.0000
vn -0.7071 -0.7071 0.0000
vn -0.9272 -0.3745 -0.0000
vn -1.0000 0.0000 -0.0000
vn -0.7139 0.6857 0.1420
vn 0.6705 -0.7298 -0.1334
vn -0.3950 -0.9153 0.0786
vn -0.6935 -0.7071 0.1379
vn -0.9094 -0.3745 0.1809
vn -0.9808 0.0000 0.1951
vn -0.6724 0.6857 0.2785
vn -0.6315 0.7299 0.2616
vn 0.6315 0.7299 -0.2616
vn 0.6316 -0.7298 -0.2616
vn -0.3721 -0.9153 0.1541
vn -0.6533 -0.7071 0.2706
vn -0.8566 -0.3745 0.3548
vn -0.9239 0.0000 0.3827
vn -0.6052 0.6857 0.4044
vn 0.5684 -0.7298 -0.3798
vn -0.3349 -0.9153 0.2237
vn -0.5879 -0.7071 0.3928
vn -0.7710 -0.3745 0.5151
vn -0.5147 0.6857 0.5147
vn 0.4834 -0.7298 -0.4834
vn -0.2848 -0.9153 0.2848
vn -0.5000 -0.7071 0.5000
vn -0.6557 -0.3745 0.6557
vn -0.7071 0.0000 0.7071
vn -0.4044 0.6857 0.6052
vn 0.3798 -0.7298 -0.5684
vn -0.2237 -0.9153 0.3349
vn -0.3928 -0.7071 0.5879
vn -0.5151 -0.3745 0.7710
vn -0.2786 0.6857 0.6725
vn 0.2616 -0.7298 -0.6316
vn -0.1541 -0.9153 0.3721
vn -0.2706 -0.7071 0.6533
vn -0.3548 -0.3745 0.8566
vn -0.1420 0.6857 0.7139
vn -0.1334 0.7299 0.6704
vn 0.1334 0.7298 -0.6705
vn 0.1334 -0.7298 -0.6705
vn -0.0786 -0.9153 0.3950
vn -0.1379 -0.7071 0.6935
vn -0.1809 -0.3745 0.9094
vn 0.0000 0.6857 0.7279
vn 0.0000 0.7299 0.6836
vn -0.0000 -0.0000 1.0000
vn -0.0000 0.6857 0.7279
vn 0.0000 0.7298 -0.6836
vn -0.0000 0.0000 -1.0000
vn -0.0000 -0.7298 -0.6836
vn 0.0000 -0.9153 0.4027
vn 0.0000 -0.7071 0.7071
vn -0.0000 -0.3745 0.9272
vn 0.1420 0.6857 0.7139
vn -0.1334 0.7298 -0.6705
vn -0.1334 -0.7298 -0.6705
vn 0.0786 -0.9153 0.3950
vn 0.1379 -0.7071 0.6935
vn 0.1809 -0.3745 0.9094
vn 0.1951 0.0000 0.9808
vn 0.2785 0.6857 0.6724
vn 0.2616 0.7298 0.6316
vn 0.2786 0.6857 0.6725
vn -0.2616 0.7298 -0.6316
vn -0.2616 -0.7299 -0.6315
vn 0.1541 -0.9153 0.3721
vn 0.2706 -0.7071 0.6533
vn 0.3548 -0.3745 0.8566
vn 0.3827 0.0000 0.9239
vn 0.4044 0.6857 0.6052
vn 0.3798 0.7298 0.5684
vn -0.3798 -0.7298 -0.5684
vn 0.2237 -0.9153 0.3349
vn 0.3928 -0.7071 0.5879
vn 0.5151 -0.3745 0.7710
vn 0.5147 0.6857 0.5147
vn -0.4834 -0.7298 -0.4834
vn 0.2848 -0.9153 0.2848
vn 0.5000 -0.7071 0.5000
vn 0.6557 -0.3745 0.6557
vn 0.6052 0.6857 0.4044
vn -0.5684 -0.7298 -0.3798
vn 0.3349 -0.9153 0.2237
vn 0.5879 -0.7071 0.3928
vn 0.7710 -0.3745 0.5151
vn 0.6724 0.6857 0.2785
vn 0.6316 0.7298 0.2616
vn -0.9239 0.0000 -0.3827
vn -0.6315 -0.7299 -0.2616
vn 0.3721 -0.9153 0.1541
vn 0.6533 -0.7071 0.2706
vn 0.8567 -0.3745 0.3548
vn 0.7139 0.6857 0.1420
vn 0.6704 0.7299 0.1334
vn 0.9808 -0.0000 0.1951
vn 0.7138 0.6858 0.1420
vn -0.9808 0.0000 -0.1951
vn -0.6705 -0.7298 -0.1334
vn 0.3950 -0.9153 0.0786
vn 0.6935 -0.7071 0.1379
vn 0.9094 -0.3745 0.1809
# 283 vertex normals

vt -59.3843 60.3843 0.0000
vt -55.6415 60.3843 0.0000
vt -55.6415 59.9037 0.0000
vt -59.3843 59.9037 0.0000
vt -55.6415 45.7102 0.0000
vt -59.3843 45.7102 0.0000
vt -55.6415 45.3285 0.0000
vt -59.3843 45.3285 0.0000
vt -55.6415 44.8374 0.0000
vt -59.3843 44.8374 0.0000
vt -55.6415 12.0471 0.0000
vt -59.3843 12.0471 0.0000
vt -55.6415 11.5531 0.0000
vt -59.3843 11.5531 0.0000
vt -55.6415 11.1556 0.0000
vt -59.3843 11.1556 0.0000
vt -55.6415 6.7682 0.0000
vt -59.3843 6.7682 0.0000
vt -55.6415 6.3139 0.0000
vt -59.3843 6.3139 0.0000
vt -55.6415 5.7872 0.0000
vt -59.3843 5.7872 0.0000
vt -55.6415 -33.7303 0.0000
vt -59.3843 -33.7303 0.0000
vt -55.6415 -34.2254 0.0000
vt -59.3843 -34.2254 0.0000
vt 2.0311 -126.2123 0.0000
vt -2.7320 -125.7432 0.0000
vt -2.7775 -125.9721 0.0000
vt 2.0311 -126.4457 0.0000
vt -4.5022 -134.6429 0.0000
vt 2.0311 -135.2863 0.0000
vt -4.5543 -134.9049 0.0000
vt 2.0311 -135.5535 0.0000
vt -59.3843 -51.2772 0.0000
vt -55.6415 -51.2772 0.0000
vt -55.6415 -51.6960 0.0000
vt -59.3843 -51.6960 0.0000
vt -55.6415 -55.4879 0.0000
vt -59.3843 -55.4879 0.0000
vt -55.6415 -55.8637 0.0000
vt -59.3843 -55.8637 0.0000
vt -55.6415 -56.3655 0.0000
vt -59.3843 -56.3655 0.0000
vt -55.6415 -58.9329 0.0000
vt -59.3843 -58.9329 0.0000
vt -55.6415 -59.3844 0.0000
vt -59.3843 -59.3844 0.0000
vt -51.8988 60.3843 0.0000
vt -51.8988 59.9037 0.0000
vt -51.8988 45.7102 0.0000
vt -51.8988 45.3285 0.0000
vt -51.8988 44.8374 0.0000
vt -51.8988 12.0471 0.0000
vt -51.8988 11.5531 0.0000
vt -51.8988 11.1556 0.0000
vt -51.8988 6.7682 0.0000
vt -51.8988 6.3139 0.0000
vt -51.8988 5.7872 0.0000
vt -51.8988 -33.7303 0.0000
vt -51.8988 -34.2254 0.0000
vt -7.3120 -124.3539 0.0000
vt -7.4013 -124.5695 0.0000
vt -10.7844 -132.7371 0.0000
vt -10.8867 -132.9840 0.0000
vt -51.8988 -51.2772 0.0000
vt -51.8988 -51.6960 0.0000
vt -51.8988 -55.4879 0.0000
vt -51.8988 -55.8637 0.0000
vt -51.8988 -56.3655 0.0000
vt -51.8988 -58.9329 0.0000
vt -51.8988 -59.3844 0.0000
vt -48.1560 60.3843 0.0000
vt -48.1560 59.9037 0.0000
vt -48.1560 45.7102 0.0000
vt -48.1560 45.3285 0.0000
vt -48.1560 44.8374 0.0000
vt -48.1560 12.0471 0.0000
vt -48.1560 11.5531 0.0000
vt -48.1560 11.1556 0.0000
vt -48.1560 6.7682 0.0000
vt -48.1560 6.3139 0.0000
vt -48.1560 5.7872 0.0000
vt -48.1560 -33.7303 0.0000
vt -48.1560 -34.2254 0.0000
vt -11.5329 -122.0976 0.0000
vt -11.6626 -122.2917 0.0000
vt -16.5742 -129.6424 0.0000
vt -16.7226 -129.8645 0.0000
vt -48.1560 -51.2772 0.0000
vt -48.1560 -51.6960 0.0000
vt -48.1560 -55.4879 0.0000
vt -48.1560 -55.8637 0.0000
vt -48.1560 -56.3655 0.0000
vt -48.1560 -58.9329 0.0000
vt -48.1560 -59.3844 0.0000
vt -44.4132 60.3843 0.0000
vt -44.4132 59.9037 0.0000
vt -44.4132 45.7102 0.0000
vt -44.4132 45.3285 0.0000
vt -44.4132 44.8374 0.0000
vt -44.4132 12.0471 0.0000
vt -44.4132 11.5531 0.0000
vt -44.4132 11.1556 0.0000
vt -44.4132 6.7682 0.0000
vt -44.4132 6.3139 0.0000
vt -44.4132 5.7872 0.0000
vt -44.4132 -33.7303 0.0000
vt -44.4132 -34.2254 0.0000
vt -15.2326 -119.0613 0.0000
vt -15.3977 -119.2263 0.0000
vt -21.6489 -125.4776 0.0000
vt -21.8378 -125.6665 0.0000
vt -44.4132 -51.2772 0.0000
vt -44.4132 -51.6960 0.0000
vt -44.4132 -55.4879 0.0000
vt -44.4132 -55.8637 0.0000
vt -44.4132 -56.3655 0.0000
vt -44.4132 -58.9329 0.0000
vt -44.4132 -59.3844 0.0000
vt -40.6704 60.3843 0.0000
vt -40.6704 59.9037 0.0000
vt -40.6704 45.7102 0.0000
vt -40.6704 45.3285 0.0000
vt -40.6704 44.8374 0.0000
vt -40.6704 12.0472 0.0000
vt -40.6704 11.5531 0.0000
vt -40.6704 11.1556 0.0000
vt -40.6704 6.7682 0.0000
vt -40.6704 6.3139 0.0000
vt -40.6704 5.7872 0.0000
vt -40.6704 -33.7303 0.0000
vt -40.6704 -34.2254 0.0000
vt -18.2689 -115.3615 0.0000
vt -18.4629 -115.4911 0.0000
vt -25.8137 -120.4027 0.0000
vt -26.0358 -120.5511 0.0000
vt -40.6704 -51.2772 0.0000
vt -40.6704 -51.6960 0.0000
vt -40.6704 -55.4879 0.0000
vt -40.6704 -55.8637 0.0000
vt -40.6704 -56.3655 0.0000
vt -40.6704 -58.9329 0.0000
vt -40.6704 -59.3844 0.0000
vt -36.9277 60.3843 0.0000
vt -36.9277 59.9037 0.0000
vt -36.9277 45.7102 0.0000
vt -36.9277 45.3285 0.0000
vt -36.9277 44.8374 0.0000
vt -36.9277 12.0472 0.0000
vt -36.9277 11.5531 0.0000
vt -36.9277 11.1556 0.0000
vt -36.9277 6.7682 0.0000
vt -36.9277 6.3139 0.0000
vt -36.9277 5.7872 0.0000
vt -36.9277 -33.7303 0.0000
vt -36.9277 -34.2254 0.0000
vt -20.5251 -111.1404 0.0000
vt -20.7407 -111.2297 0.0000
vt -28.9083 -114.6128 0.0000
vt -29.1552 -114.7151 0.0000
vt -36.9277 -51.2772 0.0000
vt -36.9277 -51.6960 0.0000
vt -36.9277 -55.4879 0.0000
vt -36.9277 -55.8637 0.0000
vt -36.9277 -56.3655 0.0000
vt -36.9277 -58.9329 0.0000
vt -36.9277 -59.3844 0.0000
vt -33.1849 60.3843 0.0000
vt -33.1849 59.9037 0.0000
vt -33.1849 45.7102 0.0000
vt -33.1849 45.3285 0.0000
vt -33.1849 44.8374 0.0000
vt -33.1849 12.0472 0.0000
vt -33.1849 11.5531 0.0000
vt -33.1849 11.1556 0.0000
vt -33.1849 6.7682 0.0000
vt -33.1849 6.3139 0.0000
vt -33.1849 5.7872 0.0000
vt -33.1849 -33.7303 0.0000
vt -33.1849 -34.2254 0.0000
vt -21.9144 -106.5602 0.0000
vt -22.1433 -106.6058 0.0000
vt -30.8140 -108.3305 0.0000
vt -31.0761 -108.3826 0.0000
vt -33.1849 -51.2772 0.0000
vt -33.1849 -51.6960 0.0000
vt -33.1849 -55.4879 0.0000
vt -33.1849 -55.8637 0.0000
vt -33.1849 -56.3655 0.0000
vt -33.1849 -58.9329 0.0000
vt -33.1849 -59.3844 0.0000
vt -29.4421 60.3843 0.0000
vt -29.4421 59.9037 0.0000
vt -29.4421 45.7102 0.0000
vt -29.4421 45.3285 0.0000
vt -29.4421 44.8374 0.0000
vt -29.4421 12.0472 0.0000
vt -29.4421 11.5531 0.0000
vt -29.4421 11.1556 0.0000
vt -29.4421 6.7682 0.0000
vt -29.4421 6.3139 0.0000
vt -29.4421 5.7872 0.0000
vt -29.4421 -33.7303 0.0000
vt -29.4421 -34.2254 0.0000
vt -22.3835 -101.7970 0.0000
vt -22.6169 -101.7970 0.0000
vt -31.4575 -101.7970 0.0000
vt -31.7247 -101.7970 0.0000
vt -29.4421 -51.2772 0.0000
vt -29.4421 -51.6960 0.0000
vt -29.4421 -55.4879 0.0000
vt -29.4421 -55.8637 0.0000
vt -29.4421 -56.3655 0.0000
vt -29.4421 -58.9329 0.0000
vt -29.4421 -59.3844 0.0000
vt -25.6994 60.3843 0.0000
vt -25.6994 59.9037 0.0000
vt -25.6994 45.7102 0.0000
vt -25.6994 45.3285 0.0000
vt -25.6994 44.8374 0.0000
vt -25.6994 12.0472 0.0000
vt -25.6994 11.5531 0.0000
vt -25.6994 11.1556 0.0000
vt -25.6994 6.7682 0.0000
vt -25.6994 6.3139 0.0000
vt -25.6994 5.7872 0.0000
vt -25.6994 -33.7303 0.0000
vt -25.6994 -34.2254 0.0000
vt -21.9144 -97.0338 0.0000
vt -22.1433 -96.9883 0.0000
vt -30.8140 -95.2636 0.0000
vt -31.0761 -95.2115 0.0000
vt -25.6994 -51.2772 0.0000
vt -25.6994 -51.6960 0.0000
vt -25.6994 -55.4879 0.0000
vt -25.6994 -55.8637 0.0000
vt -25.6994 -56.3655 0.0000
vt -25.6994 -58.9329 0.0000
vt -25.6994 -59.3844 0.0000
vt -21.9566 60.3843 0.0000
vt -21.9566 59.9037 0.0000
vt -21.9566 45.7102 0.0000
vt -21.9566 45.3285 0.0000
vt -21.9566 44.8374 0.0000
vt -21.9566 12.0472 0.0000
vt -21.9566 11.5531 0.0000
vt -21.9566 11.1556 0.0000
vt -21.9566 6.7682 0.0000
vt -21.9566 6.3139 0.0000
vt -21.9566 5.7872 0.0000
vt -21.9566 -33.7303 0.0000
vt -21.9566 -34.2254 0.0000
vt -20.5251 -92.4537 0.0000
vt -20.7407 -92.3644 0.0000
vt -28.9083 -88.9813 0.0000
vt -29.1552 -88.8790 0.0000
vt -21.9566 -51.2772 0.0000
vt -21.9566 -51.6960 0.0000
vt -21.9566 -55.4879 0.0000
vt -21.9566 -55.8637 0.0000
vt -21.9566 -56.3655 0.0000
vt -21.9566 -58.9329 0.0000
vt -21.9566 -59.3844 0.0000
vt -18.2138 60.3843 0.0000
vt -18.2138 59.9037 0.0000
vt -18.2138 45.7102 0.0000
vt -18.2138 45.3285 0.0000
vt -18.2138 44.8374 0.0000
vt -18.2138 12.0472 0.0000
vt -18.2138 11.5531 0.0000
vt -18.2138 11.1556 0.0000
vt -18.2138 6.7682 0.0000
vt -18.2138 6.3139 0.0000
vt -18.2138 5.7872 0.0000
vt -18.2138 -33.7303 0.0000
vt -18.2138 -34.2254 0.0000
vt -18.2689 -88.2327 0.0000
vt -18.4629 -88.1030 0.0000
vt -25.8136 -83.1914 0.0000
vt -26.0358 -83.0430 0.0000
vt -18.2138 -51.2772 0.0000
vt -18.2138 -51.6960 0.0000
vt -18.2138 -55.4879 0.0000
vt -18.2138 -55.8637 0.0000
vt -18.2138 -56.3655 0.0000
vt -18.2138 -58.9329 0.0000
vt -18.2138 -59.3844 0.0000
vt -14.4711 60.3843 0.0000
vt -14.4711 59.9037 0.0000
vt -14.4711 45.7102 0.0000
vt -14.4711 45.3285 0.0000
vt -14.4711 44.8374 0.0000
vt -14.4711 12.0472 0.0000
vt -14.4711 11.5531 0.0000
vt -14.4711 11.1556 0.0000
vt -14.4711 6.7682 0.0000
vt -14.4711 6.3139 0.0000
vt -14.4711 5.7872 0.0000
vt -14.4710 -33.7303 0.0000
vt -14.4710 -34.2254 0.0000
vt -15.2326 -84.5329 0.0000
vt -15.3977 -84.3679 0.0000
vt -21.6489 -78.1166 0.0000
vt -21.8378 -77.9277 0.0000
vt -14.4710 -51.2772 0.0000
vt -14.4710 -51.6960 0.0000
vt -14.4710 -55.4879 0.0000
vt -14.4710 -55.8637 0.0000
vt -14.4710 -56.3655 0.0000
vt -14.4710 -58.9329 0.0000
vt -14.4710 -59.3844 0.0000
vt -10.7283 60.3843 0.0000
vt -10.7283 59.9037 0.0000
vt -10.7283 45.7102 0.0000
vt -10.7283 45.3285 0.0000
vt -10.7283 44.8374 0.0000
vt -10.7283 12.0472 0.0000
vt -10.7283 11.5531 0.0000
vt -10.7283 11.1556 0.0000
vt -10.7283 6.7682 0.0000
vt -10.7283 6.3139 0.0000
vt -10.7283 5.7872 0.0000
vt -10.7283 -33.7303 0.0000
vt -10.7283 -34.2254 0.0000
vt -11.5329 -81.4965 0.0000
vt -11.6626 -81.3025 0.0000
vt -16.5742 -73.9518 0.0000
vt -16.7226 -73.7297 0.0000
vt -10.7283 -51.2772 0.0000
vt -10.7283 -51.6960 0.0000
vt -10.7283 -55.4879 0.0000
vt -10.7283 -55.8637 0.0000
vt -10.7283 -56.3655 0.0000
vt -10.7283 -58.9329 0.0000
vt -10.7283 -59.3844 0.0000
vt -6.9855 60.3843 0.0000
vt -6.9855 59.9037 0.0000
vt -6.9855 45.7102 0.0000
vt -6.9855 45.3285 0.0000
vt -6.9855 44.8374 0.0000
vt -6.9855 12.0472 0.0000
vt -6.9855 11.5531 0.0000
vt -6.9855 11.1556 0.0000
vt -6.9855 6.7682 0.0000
vt -6.9855 6.3139 0.0000
vt -6.9855 5.7872 0.0000
vt -6.9855 -33.7303 0.0000
vt -6.9855 -34.2254 0.0000
vt -7.3120 -79.2403 0.0000
vt -7.4013 -79.0247 0.0000
vt -10.7844 -70.8571 0.0000
vt -10.8867 -70.6102 0.0000
vt -6.9855 -51.2772 0.0000
vt -6.9855 -51.6960 0.0000
vt -6.9855 -55.4879 0.0000
vt -6.9855 -55.8637 0.0000
vt -6.9855 -56.3655 0.0000
vt -6.9855 -58.9329 0.0000
vt -6.9855 -59.3844 0.0000
vt -3.2427 60.3843 0.0000
vt -3.2427 59.9037 0.0000
vt -3.2427 45.7102 0.0000
vt -3.2427 45.3285 0.0000
vt -3.2427 44.8374 0.0000
vt -3.2427 12.0472 0.0000
vt -3.2427 11.5531 0.0000
vt -3.2427 11.1556 0.0000
vt -3.2427 6.7682 0.0000
vt -3.2427 6.3139 0.0000
vt -3.2427 5.7872 0.0000
vt -3.2427 -33.7303 0.0000
vt -3.2427 -34.2254 0.0000
vt -2.7320 -77.8510 0.0000
vt -2.7775 -77.6221 0.0000
vt -4.5022 -68.9514 0.0000
vt -4.5543 -68.6893 0.0000
vt -3.2427 -51.2772 0.0000
vt -3.2427 -51.6960 0.0000
vt -3.2427 -55.4879 0.0000
vt -3.2427 -55.8637 0.0000
vt -3.2427 -56.3655 0.0000
vt -3.2427 -58.9329 0.0000
vt -3.2427 -59.3844 0.0000
vt 0.5000 60.3843 0.0000
vt 0.5000 59.9037 0.0000
vt 0.5000 45.7102 0.0000
vt 0.5000 45.3285 0.0000
vt 0.5000 44.8374 0.0000
vt 0.5000 12.0472 0.0000
vt 0.5000 11.5531 0.0000
vt 0.5000 11.1556 0.0000
vt 0.5000 6.7682 0.0000
vt 0.5000 6.3139 0.0000
vt 0.5000 5.7872 0.0000
vt 0.5000 -33.7303 0.0000
vt 0.5000 -34.2254 0.0000
vt 2.0311 -77.3819 0.0000
vt 2.0311 -77.1485 0.0000
vt 2.0311 -68.3079 0.0000
vt 2.0311 -68.0407 0.0000
vt 0.5000 -51.2772 0.0000
vt 0.5000 -51.6960 0.0000
vt 0.5000 -55.4879 0.0000
vt 0.5000 -55.8637 0.0000
vt 0.5000 -56.3655 0.0000
vt 0.5000 -58.9329 0.0000
vt 0.5000 -59.3844 0.0000
vt 4.2428 60.3843 0.0000
vt 4.2428 59.9037 0.0000
vt 4.2428 45.7102 0.0000
vt 4.2428 45.3285 0.0000
vt 4.2428 44.8374 0.0000
vt 4.2428 12.0472 0.0000
vt 4.2428 11.5531 0.0000
vt 4.2428 11.1556 0.0000
vt 4.2428 6.7682 0.0000
vt 4.2428 6.3139 0.0000
vt 4.2428 5.7872 0.0000
vt 4.2428 -33.7303 0.0000
vt 4.2428 -34.2254 0.0000
vt 6.7941 -77.8510 0.0000
vt 6.8397 -77.6221 0.0000
vt 8.5644 -68.9514 0.0000
vt 8.6165 -68.6893 0.0000
vt 4.2428 -51.2772 0.0000
vt 4.2428 -51.6960 0.0000
vt 4.2428 -55.4879 0.0000
vt 4.2428 -55.8637 0.0000
vt 4.2428 -56.3655 0.0000
vt 4.2428 -58.9329 0.0000
vt 4.2428 -59.3844 0.0000
vt 7.9856 60.3843 0.0000
vt 7.9856 59.9037 0.0000
vt 7.9856 45.7102 0.0000
vt 7.9856 45.3285 0.0000
vt 7.9856 44.8374 0.0000
vt 7.9856 12.0472 0.0000
vt 7.9856 11.5531 0.0000
vt 7.9856 11.1556 0.0000
vt 7.9856 6.7682 0.0000
vt 7.9856 6.3139 0.0000
vt 7.9856 5.7872 0.0000
vt 7.9856 -33.7303 0.0000
vt 7.9856 -34.2254 0.0000
vt 11.3742 -79.2403 0.0000
vt 11.4635 -79.0247 0.0000
vt 14.8466 -70.8571 0.0000
vt 14.9489 -70.6102 0.0000
vt 7.9856 -51.2772 0.0000
vt 7.9856 -51.6960 0.0000
vt 7.9856 -55.4879 0.0000
vt 7.9856 -55.8637 0.0000
vt 7.9856 -56.3655 0.0000
vt 7.9856 -58.9329 0.0000
vt 7.9856 -59.3844 0.0000
vt 11.7283 60.3843 0.0000
vt 11.7283 59.9037 0.0000
vt 11.7283 45.7102 0.0000
vt 11.7283 45.3285 0.0000
vt 11.7283 44.8374 0.0000
vt 11.7283 12.0472 0.0000
vt 11.7283 11.5531 0.0000
vt 11.7283 11.1556 0.0000
vt 11.7283 6.7682 0.0000
vt 11.7283 6.3139 0.0000
vt 11.7283 5.7872 0.0000
vt 11.7283 -33.7303 0.0000
vt 11.7283 -34.2254 0.0000
vt 15.5951 -81.4965 0.0000
vt 15.7248 -81.3025 0.0000
vt 20.6364 -73.9518 0.0000
vt 20.7848 -73.7297 0.0000
vt 11.7283 -51.2772 0.0000
vt 11.7283 -51.6960 0.0000
vt 11.7283 -55.4879 0.0000
vt 11.7283 -55.8637 0.0000
vt 11.7283 -56.3655 0.0000
vt 11.7283 -58.9329 0.0000
vt 11.7283 -59.3844 0.0000
vt 15.4711 60.3843 0.0000
vt 15.4711 59.9037 0.0000
vt 15.4711 45.7102 0.0000
vt 15.4711 45.3285 0.0000
vt 15.4711 44.8374 0.0000
vt 15.4711 12.0472 0.0000
vt 15.4711 11.5531 0.0000
vt 15.4711 11.1556 0.0000
vt 15.4711 6.7682 0.0000
vt 15.4711 6.3139 0.0000
vt 15.4711 5.7872 0.0000
vt 15.4711 -33.7303 0.0000
vt 15.4711 -34.2254 0.0000
vt 19.2948 -84.5329 0.0000
vt 19.4598 -84.3679 0.0000
vt 25.7111 -78.1166 0.0000
vt 25.9000 -77.9277 0.0000
vt 15.4711 -51.2772 0.0000
vt 15.4711 -51.6960 0.0000
vt 15.4711 -55.4879 0.0000
vt 15.4711 -55.8637 0.0000
vt 15.4711 -56.3655 0.0000
vt 15.4711 -58.9329 0.0000
vt 15.4711 -59.3844 0.0000
vt 19.2139 60.3843 0.0000
vt 19.2139 59.9037 0.0000
vt 19.2139 45.7102 0.0000
vt 19.2139 45.3285 0.0000
vt 19.2139 44.8374 0.0000
vt 19.2139 12.0472 0.0000
vt 19.2139 11.5531 0.0000
vt 19.2139 11.1556 0.0000
vt 19.2139 6.7682 0.0000
vt 19.2139 6.3139 0.0000
vt 19.2139 5.7872 0.0000
vt 19.2139 -33.7303 0.0000
vt 19.2139 -34.2254 0.0000
vt 22.3311 -88.2327 0.0000
vt 22.5251 -88.1030 0.0000
vt 29.8758 -83.1914 0.0000
vt 30.0980 -83.0430 0.0000
vt 19.2139 -51.2772 0.0000
vt 19.2139 -51.6960 0.0000
vt 19.2139 -55.4879 0.0000
vt 19.2139 -55.8637 0.0000
vt 19.2139 -56.3655 0.0000
vt 19.2139 -58.9329 0.0000
vt 19.2139 -59.3844 0.0000
vt 22.9567 60.3843 0.0000
vt 22.9567 59.9037 0.0000
vt 22.9567 45.7102 0.0000
vt 22.9567 45.3285 0.0000
vt 22.9567 44.8374 0.0000
vt 22.9567 12.0472 0.0000
vt 22.9567 11.5531 0.0000
vt 22.9567 11.1556 0.0000
vt 22.9567 6.7682 0.0000
vt 22.9567 6.3139 0.0000
vt 22.9567 5.7872 0.0000
vt 22.9567 -33.7303 0.0000
vt 22.9567 -34.2254 0.0000
vt 24.5873 -92.4537 0.0000
vt 24.8029 -92.3644 0.0000
vt 32.9705 -88.9813 0.0000
vt 33.2174 -88.8790 0.0000
vt 22.9567 -51.2772 0.0000
vt 22.9567 -51.6960 0.0000
vt 22.9567 -55.4879 0.0000
vt 22.9567 -55.8637 0.0000
vt 22.9567 -56.3655 0.0000
vt 22.9567 -58.9329 0.0000
vt 22.9567 -59.3844 0.0000
vt 26.6994 60.3843 0.0000
vt 26.6994 59.9037 0.0000
vt 26.6994 45.7102 0.0000
vt 26.6994 45.3285 0.0000
vt 26.6994 44.8374 0.0000
vt 26.6994 12.0472 0.0000
vt 26.6994 11.5531 0.0000
vt 26.6994 11.1556 0.0000
vt 26.6994 6.7682 0.0000
vt 26.6994 6.3139 0.0000
vt 26.6994 5.7872 0.0000
vt 26.6994 -33.7303 0.0000
vt 26.6994 -34.2254 0.0000
vt 25.9766 -97.0338 0.0000
vt 26.2055 -96.9883 0.0000
vt 34.8762 -95.2636 0.0000
vt 35.1383 -95.2115 0.0000
vt 26.6994 -51.2772 0.0000
vt 26.6994 -51.6960 0.0000
vt 26.6994 -55.4879 0.0000
vt 26.6994 -55.8637 0.0000
vt 26.6994 -56.3655 0.0000
vt 26.6994 -58.9329 0.0000
vt 26.6994 -59.3844 0.0000
vt 30.4422 60.3843 0.0000
vt 30.4422 59.9037 0.0000
vt 30.4422 45.7102 0.0000
vt 30.4422 45.3285 0.0000
vt 30.4422 44.8374 0.0000
vt 30.4422 12.0472 0.0000
vt 30.4422 11.5531 0.0000
vt 30.4422 11.1556 0.0000
vt 30.4422 6.7682 0.0000
vt 30.4422 6.3139 0.0000
vt 30.4422 5.7872 0.0000
vt 30.4422 -33.7303 0.0000
vt 30.4422 -34.2254 0.0000
vt 26.4457 -101.7970 0.0000
vt 26.6791 -101.7970 0.0000
vt 35.5197 -101.7970 0.0000
vt 35.7869 -101.7970 0.0000
vt 30.4422 -51.2772 0.0000
vt 30.4422 -51.6960 0.0000
vt 30.4422 -55.4879 0.0000
vt 30.4422 -55.8637 0.0000
vt 30.4422 -56.3655 0.0000
vt 30.4422 -58.9329 0.0000
vt 30.4422 -59.3844 0.0000
vt 34.1850 60.3843 0.0000
vt 34.1850 59.9037 0.0000
vt 34.1850 45.7102 0.0000
vt 34.1850 45.3285 0.0000
vt 34.1850 44.8374 0.0000
vt 34.1850 12.0472 0.0000
vt 34.1850 11.5531 0.0000
vt 34.1850 11.1556 0.0000
vt 34.1850 6.7682 0.0000
vt 34.1850 6.3139 0.0000
vt 34.1850 5.7872 0.0000
vt 34.1850 -33.7303 0.0000
vt 34.1850 -34.2254 0.0000
vt 25.9766 -106.5602 0.0000
vt 26.2055 -106.6057 0.0000
vt 34.8762 -108.3304 0.0000
vt 35.1383 -108.3826 0.0000
vt 34.1850 -51.2772 0.0000
vt 34.1850 -51.6960 0.0000
vt 34.1850 -55.4879 0.0000
vt 34.1850 -55.8637 0.0000
vt 34.1850 -56.3655 0.0000
vt 34.1850 -58.9329 0.0000
vt 34.1850 -59.3844 0.0000
vt 37.9277 60.3843 0.0000
vt 37.9277 59.9037 0.0000
vt 37.9277 45.7102 0.0000
vt 37.9277 45.3285 0.0000
vt 37.9277 44.8374 0.0000
vt 37.9277 12.0472 0.0000
vt 37.9277 11.5531 0.0000
vt 37.9277 11.1556 0.0000
vt 37.9277 6.7682 0.0000
vt 37.9277 6.3139 0.0000
vt 37.9277 5.7872 0.0000
vt 37.9277 -33.7303 0.0000
vt 37.9277 -34.2254 0.0000
vt 24.5873 -111.1404 0.0000
vt 24.8029 -111.2297 0.0000
vt 32.9705 -114.6128 0.0000
vt 33.2173 -114.7151 0.0000
vt 37.9277 -51.2772 0.0000
vt 37.9277 -51.6960 0.0000
vt 37.9277 -55.4879 0.0000
vt 37.9277 -55.8637 0.0000
vt 37.9277 -56.3655 0.0000
vt 37.9277 -58.9329 0.0000
vt 37.9277 -59.3844 0.0000
vt 41.6705 60.3843 0.0000
vt 41.6705 59.9037 0.0000
vt 41.6705 45.7102 0.0000
vt 41.6705 45.3285 0.0000
vt 41.6705 44.8374 0.0000
vt 41.6705 12.0472 0.0000
vt 41.6705 11.5531 0.0000
vt 41.6705 11.1556 0.0000
vt 41.6705 6.7682 0.0000
vt 41.6705 6.3139 0.0000
vt 41.6705 5.7872 0.0000
vt 41.6705 -33.7303 0.0000
vt 41.6705 -34.2254 0.0000
vt 22.3311 -115.3614 0.0000
vt 22.5251 -115.4911 0.0000
vt 29.8758 -120.4027 0.0000
vt 30.0980 -120.5511 0.0000
vt 41.6705 -51.2772 0.0000
vt 41.6705 -51.6960 0.0000
vt 41.6705 -55.4879 0.0000
vt 41.6705 -55.8637 0.0000
vt 41.6705 -56.3655 0.0000
vt 41.6705 -58.9329 0.0000
vt 41.6705 -59.3844 0.0000
vt 45.4133 60.3843 0.0000
vt 45.4133 59.9037 0.0000
vt 45.4133 45.7102 0.0000
vt 45.4133 45.3285 0.0000
vt 45.4133 44.8374 0.0000
vt 45.4133 12.0472 0.0000
vt 45.4133 11.5531 0.0000
vt 45.4133 11.1556 0.0000
vt 45.4133 6.7682 0.0000
vt 45.4133 6.3139 0.0000
vt 45.4133 5.7872 0.0000
vt 45.4133 -33.7303 0.0000
vt 45.4133 -34.2254 0.0000
vt 19.2948 -119.0613 0.0000
vt 19.4598 -119.2263 0.0000
vt 25.7111 -125.4775 0.0000
vt 25.9000 -125.6665 0.0000
vt 45.4133 -51.2772 0.0000
vt 45.4133 -51.6960 0.0000
vt 45.4133 -55.4879 0.0000
vt 45.4133 -55.8637 0.0000
vt 45.4133 -56.3655 0.0000
vt 45.4133 -58.9329 0.0000
vt 45.4133 -59.3844 0.0000
vt 49.1561 60.3843 0.0000
vt 49.1561 59.9037 0.0000
vt 49.1561 45.7102 0.0000
vt 49.1561 45.3285 0.0000
vt 49.1561 44.8374 0.0000
vt 49.1561 12.0472 0.0000
vt 49.1561 11.5531 0.0000
vt 49.1561 11.1556 0.0000
vt 49.1561 6.7682 0.0000
vt 49.1561 6.3139 0.0000
vt 49.1561 5.7872 0.0000
vt 49.1561 -33.7303 0.0000
vt 49.1561 -34.2254 0.0000
vt 15.5951 -122.0976 0.0000
vt 15.7248 -122.2916 0.0000
vt 20.6364 -129.6423 0.0000
vt 20.7848 -129.8645 0.0000
vt 49.1561 -51.2772 0.0000
vt 49.1561 -51.6960 0.0000
vt 49.1561 -55.4879 0.0000
vt 49.1561 -55.8637 0.0000
vt 49.1561 -56.3655 0.0000
vt 49.1561 -58.9329 0.0000
vt 49.1561 -59.3844 0.0000
vt 52.8988 60.3843 0.0000
vt 52.8988 59.9037 0.0000
vt 52.8988 45.7102 0.0000
vt 52.8988 45.3285 0.0000
vt 52.8988 44.8374 0.0000
vt 52.8988 12.0472 0.0000
vt 52.8988 11.5531 0.0000
vt 52.8988 11.1556 0.0000
vt 52.8988 6.7682 0.0000
vt 52.8988 6.3139 0.0000
vt 52.8988 5.7872 0.0000
vt 52.8988 -33.7303 0.0000
vt 52.8988 -34.2254 0.0000
vt 11.3742 -124.3538 0.0000
vt 11.4635 -124.5694 0.0000
vt 14.8466 -132.7371 0.0000
vt 14.9489 -132.9839 0.0000
vt 52.8988 -51.2772 0.0000
vt 52.8988 -51.6960 0.0000
vt 52.8988 -55.4879 0.0000
vt 52.8988 -55.8637 0.0000
vt 52.8988 -56.3655 0.0000
vt 52.8988 -58.9329 0.0000
vt 52.8988 -59.3844 0.0000
vt 56.6416 60.3843 0.0000
vt 56.6416 59.9037 0.0000
vt 56.6416 45.7102 0.0000
vt 56.6416 45.3285 0.0000
vt 56.6416 44.8374 0.0000
vt 56.6416 12.0472 0.0000
vt 56.6416 11.5531 0.0000
vt 56.6416 11.1556 0.0000
vt 56.6416 6.7682 0.0000
vt 56.6416 6.3139 0.0000
vt 56.6416 5.7872 0.0000
vt 56.6416 -33.7303 0.0000
vt 56.6416 -34.2254 0.0000
vt 6.7941 -125.7432 0.0000
vt 6.8397 -125.9721 0.0000
vt 8.5644 -134.6428 0.0000
vt 8.6165 -134.9049 0.0000
vt 56.6416 -51.2772 0.0000
vt 56.6416 -51.6960 0.0000
vt 56.6416 -55.4879 0.0000
vt 56.6416 -55.8637 0.0000
vt 56.6416 -56.3655 0.0000
vt 56.6416 -58.9329 0.0000
vt 56.6416 -59.3844 0.0000
vt 60.3844 60.3843 0.0000
vt 60.3844 59.9037 0.0000
vt 60.3844 45.7102 0.0000
vt 60.3844 45.3285 0.0000
vt 60.3844 44.8374 0.0000
vt 60.3844 12.0472 0.0000
vt 60.3844 11.5531 0.0000
vt 60.3844 11.1556 0.0000
vt 60.3844 6.7682 0.0000
vt 60.3844 6.3139 0.0000
vt 60.3844 5.7872 0.0000
vt 60.3844 -33.7303 0.0000
vt 60.3844 -34.2254 0.0000
vt 60.3844 -51.2772 0.0000
vt 60.3844 -51.6960 0.0000
vt 60.3844 -55.4879 0.0000
vt 60.3844 -55.8637 0.0000
vt 60.3844 -56.3655 0.0000
vt 60.3844 -58.9329 0.0000
vt 60.3844 -59.3844 0.0000
# 788 texture coords

o Rectangle042
g Rectangle042
usemtl wire_177028149
s 1
f 1/1/1 2/2/2 3/3/3 4/4/4 
f 4/4/4 3/3/3 5/5/3 6/6/5 
f 6/6/5 5/5/3 7/7/6 8/8/7 
f 8/8/7 7/7/6 9/9/8 10/10/9 
f 10/10/9 9/9/8 11/11/8 12/12/9 
f 12/12/9 11/11/8 13/13/2 14/14/1 
f 14/14/1 13/13/2 15/15/4 16/16/4 
f 16/16/4 15/15/4 17/17/4 18/18/5 
f 18/18/5 17/17/4 19/19/10 20/20/11 
f 20/20/11 19/19/10 21/21/12 22/22/13 
f 22/22/13 21/21/12 23/23/12 24/24/13 
f 24/24/13 23/23/12 25/25/14 26/26/15 
f 26/27/15 25/28/14 27/29/16 28/30/17 
f 28/30/17 27/29/16 29/31/17 30/32/17 
f 30/32/17 29/31/17 31/33/18 32/34/19 
f 32/35/19 31/36/18 33/37/20 34/38/21 
f 34/38/21 33/37/20 35/39/20 36/40/21 
f 36/40/21 35/39/20 37/41/22 38/42/23 
f 38/42/23 37/41/22 39/43/24 40/44/25 
f 40/44/25 39/43/24 41/45/24 42/46/25 
f 42/46/25 41/45/24 2/47/2 1/48/1 
f 2/2/2 43/49/26 44/50/3 3/3/3 
f 3/3/3 44/50/3 45/51/3 5/5/3 
f 5/5/3 45/51/3 46/52/27 7/7/6 
f 7/7/6 46/52/27 47/53/28 9/9/8 
f 9/9/8 47/53/28 48/54/28 11/11/8 
f 11/11/8 48/54/28 49/55/26 13/13/2 
f 13/13/2 49/55/26 50/56/5 15/15/4 
f 15/15/4 50/56/5 51/57/3 17/17/4 
f 17/17/4 51/57/3 52/58/29 19/19/10 
f 19/19/10 52/58/29 53/59/30 21/21/12 
f 21/21/12 53/59/30 54/60/30 23/23/12 
f 23/23/12 54/60/30 55/61/31 25/25/14 
f 25/28/14 55/62/31 56/63/32 27/29/16 
f 27/29/16 56/63/32 57/64/17 29/31/17 
f 29/31/17 57/64/17 58/65/33 31/33/18 
f 31/36/18 58/66/33 59/67/34 33/37/20 
f 33/37/20 59/67/34 60/68/34 35/39/20 
f 35/39/20 60/68/34 61/69/35 37/41/22 
f 37/41/22 61/69/35 62/70/36 39/43/24 
f 39/43/24 62/70/36 63/71/36 41/45/24 
f 41/45/24 63/71/36 43/72/26 2/47/2 
f 43/49/26 64/73/37 65/74/3 44/50/3 
f 44/50/3 65/74/3 66/75/3 45/51/3 
f 45/51/3 66/75/3 67/76/38 46/52/27 
f 46/52/27 67/76/38 68/77/39 47/53/28 
f 47/53/28 68/77/39 69/78/39 48/54/28 
f 48/54/28 69/78/39 70/79/37 49/55/26 
f 49/55/26 70/79/37 71/80/3 50/56/5 
f 50/56/5 71/80/3 72/81/3 51/57/3 
f 51/57/3 72/81/3 73/82/40 52/58/29 
f 52/58/29 73/82/40 74/83/41 53/59/30 
f 53/59/30 74/83/41 75/84/41 54/60/30 
f 54/60/30 75/84/41 76/85/42 55/61/31 
f 55/62/31 76/86/42 77/87/17 56/63/32 
f 56/63/32 77/87/17 78/88/17 57/64/17 
f 57/64/17 78/88/17 79/89/43 58/65/33 
f 58/66/33 79/90/43 80/91/44 59/67/34 
f 59/67/34 80/91/44 81/92/44 60/68/34 
f 60/68/34 81/92/44 82/93/45 61/69/35 
f 61/69/35 82/93/45 83/94/46 62/70/36 
f 62/70/36 83/94/46 84/95/46 63/71/36 
f 63/71/36 84/95/46 64/96/37 43/72/26 
f 64/73/37 85/97/47 86/98/3 65/74/3 
f 65/74/3 86/98/3 87/99/3 66/75/3 
f 66/75/3 87/99/3 88/100/48 67/76/38 
f 67/76/38 88/100/48 89/101/49 68/77/39 
f 68/77/39 89/101/49 90/102/49 69/78/39 
f 69/78/39 90/102/49 91/103/47 70/79/37 
f 70/79/37 91/103/47 92/104/3 71/80/3 
f 71/80/3 92/104/3 93/105/3 72/81/3 
f 72/81/3 93/105/3 94/106/50 73/82/40 
f 73/82/40 94/106/50 95/107/51 74/83/41 
f 74/83/41 95/107/51 96/108/51 75/84/41 
f 75/84/41 96/108/51 97/109/52 76/85/42 
f 76/86/42 97/110/52 98/111/17 77/87/17 
f 77/87/17 98/111/17 99/112/32 78/88/17 
f 78/88/17 99/112/32 100/113/53 79/89/43 
f 79/90/43 100/114/53 101/115/54 80/91/44 
f 80/91/44 101/115/54 102/116/54 81/92/44 
f 81/92/44 102/116/54 103/117/55 82/93/45 
f 82/93/45 103/117/55 104/118/56 83/94/46 
f 83/94/46 104/118/56 105/119/56 84/95/46 
f 84/95/46 105/119/56 85/120/47 64/96/37 
f 85/97/47 106/121/57 107/122/3 86/98/3 
f 86/98/3 107/122/3 108/123/3 87/99/3 
f 87/99/3 108/123/3 109/124/58 88/100/48 
f 88/100/48 109/124/58 110/125/59 89/101/49 
f 89/101/49 110/125/59 111/126/59 90/102/49 
f 90/102/49 111/126/59 112/127/57 91/103/47 
f 91/103/47 112/127/57 113/128/5 92/104/3 
f 92/104/3 113/128/5 114/129/5 93/105/3 
f 93/105/3 114/129/5 115/130/60 94/106/50 
f 94/106/50 115/130/60 116/131/61 95/107/51 
f 95/107/51 116/131/61 117/132/61 96/108/51 
f 96/108/51 117/132/61 118/133/62 97/109/52 
f 97/110/52 118/134/62 119/135/32 98/111/17 
f 98/111/17 119/135/32 120/136/17 99/112/32 
f 99/112/32 120/136/17 121/137/63 100/113/53 
f 100/114/53 121/138/63 122/139/64 101/115/54 
f 101/115/54 122/139/64 123/140/64 102/116/54 
f 102/116/54 123/140/64 124/141/65 103/117/55 
f 103/117/55 124/141/65 125/142/66 104/118/56 
f 104/118/56 125/142/66 126/143/66 105/119/56 
f 105/119/56 126/143/66 106/144/57 85/120/47 
f 106/121/57 127/145/67 128/146/3 107/122/3 
f 107/122/3 128/146/3 129/147/3 108/123/3 
f 108/123/3 129/147/3 130/148/68 109/124/58 
f 109/124/58 130/148/68 131/149/69 110/125/59 
f 110/125/59 131/149/69 132/150/69 111/126/59 
f 111/126/59 132/150/69 133/151/70 112/127/57 
f 112/127/57 133/151/70 134/152/3 113/128/5 
f 113/128/5 134/152/3 135/153/5 114/129/5 
f 114/129/5 135/153/5 136/154/71 115/130/60 
f 115/130/60 136/154/71 137/155/72 116/131/61 
f 116/131/61 137/155/72 138/156/72 117/132/61 
f 117/132/61 138/156/72 139/157/73 118/133/62 
f 118/134/62 139/158/73 140/159/17 119/135/32 
f 119/135/32 140/159/17 141/160/17 120/136/17 
f 120/136/17 141/160/17 142/161/74 121/137/63 
f 121/138/63 142/162/74 143/163/75 122/139/64 
f 122/139/64 143/163/75 144/164/75 123/140/64 
f 123/140/64 144/164/75 145/165/76 124/141/65 
f 124/141/65 145/165/76 146/166/69 125/142/66 
f 125/142/66 146/166/69 147/167/77 126/143/66 
f 126/143/66 147/167/77 127/168/67 106/144/57 
f 127/145/67 148/169/78 149/170/3 128/146/3 
f 128/146/3 149/170/3 150/171/3 129/147/3 
f 129/147/3 150/171/3 151/172/79 130/148/68 
f 130/148/68 151/172/79 152/173/80 131/149/69 
f 131/149/69 152/173/80 153/174/80 132/150/69 
f 132/150/69 153/174/80 154/175/78 133/151/70 
f 133/151/70 154/175/78 155/176/81 134/152/3 
f 134/152/3 155/176/81 156/177/4 135/153/5 
f 135/153/5 156/177/4 157/178/82 136/154/71 
f 136/154/71 157/178/82 158/179/83 137/155/72 
f 137/155/72 158/179/83 159/180/84 138/156/72 
f 138/156/72 159/180/84 160/181/85 139/157/73 
f 139/158/73 160/182/85 161/183/17 140/159/17 
f 140/159/17 161/183/17 162/184/17 141/160/17 
f 141/160/17 162/184/17 163/185/86 142/161/74 
f 142/162/74 163/186/86 164/187/87 143/163/75 
f 143/163/75 164/187/87 165/188/87 144/164/75 
f 144/164/75 165/188/87 166/189/88 145/165/76 
f 145/165/76 166/189/88 167/190/89 146/166/69 
f 146/166/69 167/190/89 168/191/80 147/167/77 
f 147/167/77 168/191/80 148/192/78 127/168/67 
f 148/169/78 169/193/90 170/194/5 149/170/3 
f 149/170/3 170/194/5 171/195/4 150/171/3 
f 150/171/3 171/195/4 172/196/91 151/172/79 
f 151/172/79 172/196/91 173/197/92 152/173/80 
f 152/173/80 173/197/92 174/198/93 153/174/80 
f 153/174/80 174/198/93 175/199/90 154/175/78 
f 154/175/78 175/199/90 176/200/4 155/176/81 
f 155/176/81 176/200/4 177/201/4 156/177/4 
f 156/177/4 177/201/4 178/202/94 157/178/82 
f 157/178/82 178/202/94 179/203/95 158/179/83 
f 158/179/83 179/203/95 180/204/95 159/180/84 
f 159/180/84 180/204/95 181/205/96 160/181/85 
f 160/182/85 181/206/96 182/207/17 161/183/17 
f 161/183/17 182/207/17 183/208/17 162/184/17 
f 162/184/17 183/208/17 184/209/97 163/185/86 
f 163/186/86 184/210/97 185/211/98 164/187/87 
f 164/187/87 185/211/98 186/212/99 165/188/87 
f 165/188/87 186/212/99 187/213/100 166/189/88 
f 166/189/88 187/213/100 188/214/101 167/190/89 
f 167/190/89 188/214/101 189/215/101 168/191/80 
f 168/191/80 189/215/101 169/216/90 148/192/78 
f 169/193/90 190/217/102 191/218/5 170/194/5 
f 170/194/5 191/218/5 192/219/5 171/195/4 
f 171/195/4 192/219/5 193/220/103 172/196/91 
f 172/196/91 193/220/103 194/221/104 173/197/92 
f 173/197/92 194/221/104 195/222/104 174/198/93 
f 174/198/93 195/222/104 196/223/102 175/199/90 
f 175/199/90 196/223/102 197/224/4 176/200/4 
f 176/200/4 197/224/4 198/225/81 177/201/4 
f 177/201/4 198/225/81 199/226/105 178/202/94 
f 178/202/94 199/226/105 200/227/106 179/203/95 
f 179/203/95 200/227/106 201/228/106 180/204/95 
f 180/204/95 201/228/106 202/229/107 181/205/96 
f 181/206/96 202/230/107 203/231/108 182/207/17 
f 182/207/17 203/231/108 204/232/108 183/208/17 
f 183/208/17 204/232/108 205/233/109 184/209/97 
f 184/210/97 205/234/109 206/235/110 185/211/98 
f 185/211/98 206/235/110 207/236/110 186/212/99 
f 186/212/99 207/236/110 208/237/111 187/213/100 
f 187/213/100 208/237/111 209/238/112 188/214/101 
f 188/214/101 209/238/112 210/239/112 189/215/101 
f 189/215/101 210/239/112 190/240/102 169/216/90 
f 190/217/102 211/241/113 212/242/5 191/218/5 
f 191/218/5 212/242/5 213/243/5 192/219/5 
f 192/219/5 213/243/5 214/244/114 193/220/103 
f 193/220/103 214/244/114 215/245/115 194/221/104 
f 194/221/104 215/245/115 216/246/115 195/222/104 
f 195/222/104 216/246/115 217/247/116 196/223/102 
f 196/223/102 217/247/116 218/248/5 197/224/4 
f 197/224/4 218/248/5 219/249/5 198/225/81 
f 198/225/81 219/249/5 220/250/117 199/226/105 
f 199/226/105 220/250/117 221/251/118 200/227/106 
f 200/227/106 221/251/118 222/252/118 201/228/106 
f 201/228/106 222/252/118 223/253/119 202/229/107 
f 202/230/107 223/254/119 224/255/108 203/231/108 
f 203/231/108 224/255/108 225/256/108 204/232/108 
f 204/232/108 225/256/108 226/257/120 205/233/109 
f 205/234/109 226/258/120 227/259/121 206/235/110 
f 206/235/110 227/259/121 228/260/121 207/236/110 
f 207/236/110 228/260/121 229/261/122 208/237/111 
f 208/237/111 229/261/122 230/262/123 209/238/112 
f 209/238/112 230/262/123 231/263/123 210/239/112 
f 210/239/112 231/263/123 211/264/113 190/240/102 
f 211/241/113 232/265/124 233/266/5 212/242/5 
f 212/242/5 233/266/5 234/267/5 213/243/5 
f 213/243/5 234/267/5 235/268/125 214/244/114 
f 214/244/114 235/268/125 236/269/126 215/245/115 
f 215/245/115 236/269/126 237/270/126 216/246/115 
f 216/246/115 237/270/126 238/271/124 217/247/116 
f 217/247/116 238/271/124 239/272/5 218/248/5 
f 218/248/5 239/272/5 240/273/5 219/249/5 
f 219/249/5 240/273/5 241/274/127 220/250/117 
f 220/250/117 241/274/127 242/275/128 221/251/118 
f 221/251/118 242/275/128 243/276/128 222/252/118 
f 222/252/118 243/276/128 244/277/129 223/253/119 
f 223/254/119 244/278/129 245/279/16 224/255/108 
f 224/255/108 245/279/16 246/280/108 225/256/108 
f 225/256/108 246/280/108 247/281/130 226/257/120 
f 226/258/120 247/282/130 248/283/131 227/259/121 
f 227/259/121 248/283/131 249/284/131 228/260/121 
f 228/260/121 249/284/131 250/285/132 229/261/122 
f 229/261/122 250/285/132 251/286/133 230/262/123 
f 230/262/123 251/286/133 252/287/133 231/263/123 
f 231/263/123 252/287/133 232/288/124 211/264/113 
f 232/265/124 253/289/134 254/290/5 233/266/5 
f 233/266/5 254/290/5 255/291/5 234/267/5 
f 234/267/5 255/291/5 256/292/135 235/268/125 
f 235/268/125 256/292/135 257/293/136 236/269/126 
f 236/269/126 257/293/136 258/294/136 237/270/126 
f 237/270/126 258/294/136 259/295/134 238/271/124 
f 238/271/124 259/295/134 260/296/5 239/272/5 
f 239/272/5 260/296/5 261/297/5 240/273/5 
f 240/273/5 261/297/5 262/298/137 241/274/127 
f 241/274/127 262/298/137 263/299/138 242/275/128 
f 242/275/128 263/299/138 264/300/138 243/276/128 
f 243/276/128 264/300/138 265/301/139 244/277/129 
f 244/278/129 265/302/139 266/303/108 245/279/16 
f 245/279/16 266/303/108 267/304/16 246/280/108 
f 246/280/108 267/304/16 268/305/140 247/281/130 
f 247/282/130 268/306/140 269/307/141 248/283/131 
f 248/283/131 269/307/141 270/308/141 249/284/131 
f 249/284/131 270/308/141 271/309/142 250/285/132 
f 250/285/132 271/309/142 272/310/136 251/286/133 
f 251/286/133 272/310/136 273/311/143 252/287/133 
f 252/287/133 273/311/143 253/312/134 232/288/124 
f 253/289/134 274/313/144 275/314/5 254/290/5 
f 254/290/5 275/314/5 276/315/5 255/291/5 
f 255/291/5 276/315/5 277/316/145 256/292/135 
f 256/292/135 277/316/145 278/317/146 257/293/136 
f 257/293/136 278/317/146 279/318/146 258/294/136 
f 258/294/136 279/318/146 280/319/147 259/295/134 
f 259/295/134 280/319/147 281/320/5 260/296/5 
f 260/296/5 281/320/5 282/321/5 261/297/5 
f 261/297/5 282/321/5 283/322/148 262/298/137 
f 262/298/137 283/322/148 284/323/149 263/299/138 
f 263/299/138 284/323/149 285/324/150 264/300/138 
f 264/300/138 285/324/150 286/325/151 265/301/139 
f 265/302/139 286/326/151 287/327/108 266/303/108 
f 266/303/108 287/327/108 288/328/108 267/304/16 
f 267/304/16 288/328/108 289/329/152 268/305/140 
f 268/306/140 289/330/152 290/331/153 269/307/141 
f 269/307/141 290/331/153 291/332/153 270/308/141 
f 270/308/141 291/332/153 292/333/154 271/309/142 
f 271/309/142 292/333/154 293/334/155 272/310/136 
f 272/310/136 293/334/155 294/335/155 273/311/143 
f 273/311/143 294/335/155 274/336/144 253/312/134 
f 274/313/144 295/337/156 296/338/5 275/314/5 
f 275/314/5 296/338/5 297/339/5 276/315/5 
f 276/315/5 297/339/5 298/340/157 277/316/145 
f 277/316/145 298/340/157 299/341/158 278/317/146 
f 278/317/146 299/341/158 300/342/158 279/318/146 
f 279/318/146 300/342/158 301/343/156 280/319/147 
f 280/319/147 301/343/156 302/344/5 281/320/5 
f 281/320/5 302/344/5 303/345/5 282/321/5 
f 282/321/5 303/345/5 304/346/159 283/322/148 
f 283/322/148 304/346/159 305/347/160 284/323/149 
f 284/323/149 305/347/160 306/348/161 285/324/150 
f 285/324/150 306/348/161 307/349/162 286/325/151 
f 286/326/151 307/350/162 308/351/16 287/327/108 
f 287/327/108 308/351/16 309/352/108 288/328/108 
f 288/328/108 309/352/108 310/353/163 289/329/152 
f 289/330/152 310/354/163 311/355/164 290/331/153 
f 290/331/153 311/355/164 312/356/164 291/332/153 
f 291/332/153 312/356/164 313/357/165 292/333/154 
f 292/333/154 313/357/165 314/358/158 293/334/155 
f 293/334/155 314/358/158 315/359/158 294/335/155 
f 294/335/155 315/359/158 295/360/156 274/336/144 
f 295/337/156 316/361/166 317/362/5 296/338/5 
f 296/338/5 317/362/5 318/363/5 297/339/5 
f 297/339/5 318/363/5 319/364/167 298/340/157 
f 298/340/157 319/364/167 320/365/168 299/341/158 
f 299/341/158 320/365/168 321/366/168 300/342/158 
f 300/342/158 321/366/168 322/367/166 301/343/156 
f 301/343/156 322/367/166 323/368/81 302/344/5 
f 302/344/5 323/368/81 324/369/81 303/345/5 
f 303/345/5 324/369/81 325/370/169 304/346/159 
f 304/346/159 325/370/169 326/371/170 305/347/160 
f 305/347/160 326/371/170 327/372/170 306/348/161 
f 306/348/161 327/372/170 328/373/171 307/349/162 
f 307/350/162 328/374/171 329/375/32 308/351/16 
f 308/351/16 329/375/32 330/376/108 309/352/108 
f 309/352/108 330/376/108 331/377/172 310/353/163 
f 310/354/163 331/378/172 332/379/173 311/355/164 
f 311/355/164 332/379/173 333/380/173 312/356/164 
f 312/356/164 333/380/173 334/381/174 313/357/165 
f 313/357/165 334/381/174 335/382/168 314/358/158 
f 314/358/158 335/382/168 336/383/168 315/359/158 
f 315/359/158 336/383/168 316/384/166 295/360/156 
f 316/361/166 337/385/175 338/386/81 317/362/5 
f 317/362/5 338/386/81 339/387/3 318/363/5 
f 318/363/5 339/387/3 340/388/176 319/364/167 
f 319/364/167 340/388/176 341/389/13 320/365/168 
f 320/365/168 341/389/13 342/390/13 321/366/168 
f 321/366/168 342/390/13 343/391/177 322/367/166 
f 322/367/166 343/391/177 344/392/81 323/368/81 
f 323/368/81 344/392/81 345/393/5 324/369/81 
f 324/369/81 345/393/5 346/394/7 325/370/169 
f 325/370/169 346/394/7 347/395/9 326/371/170 
f 326/371/170 347/395/9 348/396/9 327/372/170 
f 327/372/170 348/396/9 349/397/178 328/373/171 
f 328/374/171 349/398/178 350/399/17 329/375/32 
f 329/375/32 350/399/17 351/400/17 330/376/108 
f 330/376/108 351/400/17 352/401/179 331/377/172 
f 331/378/172 352/402/179 353/403/180 332/379/173 
f 332/379/173 353/403/180 354/404/181 333/380/173 
f 333/380/173 354/404/181 355/405/182 334/381/174 
f 334/381/174 355/405/182 356/406/183 335/382/168 
f 335/382/168 356/406/183 357/407/183 336/383/168 
f 336/383/168 357/407/183 337/408/175 316/384/166 
f 337/385/175 358/409/184 359/410/3 338/386/81 
f 338/386/81 359/410/3 360/411/3 339/387/3 
f 339/387/3 360/411/3 361/412/10 340/388/176 
f 340/388/176 361/412/10 362/413/12 341/389/13 
f 341/389/13 362/413/12 363/414/12 342/390/13 
f 342/390/13 363/414/12 364/415/184 343/391/177 
f 343/391/177 364/415/184 365/416/4 344/392/81 
f 344/392/81 365/416/4 366/417/4 345/393/5 
f 345/393/5 366/417/4 367/418/6 346/394/7 
f 346/394/7 367/418/6 368/419/8 347/395/9 
f 347/395/9 368/419/8 369/420/8 348/396/9 
f 348/396/9 369/420/8 370/421/185 349/397/178 
f 349/398/178 370/422/185 371/423/16 350/399/17 
f 350/399/17 371/423/16 372/424/17 351/400/17 
f 351/400/17 372/424/17 373/425/186 352/401/179 
f 352/402/179 373/426/186 374/427/187 353/403/180 
f 353/403/180 374/427/187 375/428/187 354/404/181 
f 354/404/181 375/428/187 376/429/188 355/405/182 
f 355/405/182 376/429/188 377/430/189 356/406/183 
f 356/406/183 377/430/189 378/431/189 357/407/183 
f 357/407/183 378/431/189 358/432/184 337/408/175 
f 358/409/184 379/433/190 380/434/3 359/410/3 
f 359/410/3 380/434/3 381/435/3 360/411/3 
f 360/411/3 381/435/3 382/436/191 361/412/10 
f 361/412/10 382/436/191 383/437/30 362/413/12 
f 362/413/12 383/437/30 384/438/30 363/414/12 
f 363/414/12 384/438/30 385/439/190 364/415/184 
f 364/415/184 385/439/190 386/440/5 365/416/4 
f 365/416/4 386/440/5 387/441/3 366/417/4 
f 366/417/4 387/441/3 388/442/192 367/418/6 
f 367/418/6 388/442/192 389/443/36 368/419/8 
f 368/419/8 389/443/36 390/444/28 369/420/8 
f 369/420/8 390/444/28 391/445/193 370/421/185 
f 370/422/185 391/446/193 392/447/32 371/423/16 
f 371/423/16 392/447/32 393/448/17 372/424/17 
f 372/424/17 393/448/17 394/449/194 373/425/186 
f 373/426/186 394/450/194 395/451/195 374/427/187 
f 374/427/187 395/451/195 396/452/195 375/428/187 
f 375/428/187 396/452/195 397/453/196 376/429/188 
f 376/429/188 397/453/196 398/454/197 377/430/189 
f 377/430/189 398/454/197 399/455/197 378/431/189 
f 378/431/189 399/455/197 379/456/190 358/432/184 
f 379/433/190 400/457/198 401/458/3 380/434/3 
f 380/434/3 401/458/3 402/459/3 381/435/3 
f 381/435/3 402/459/3 403/460/40 382/436/191 
f 382/436/191 403/460/40 404/461/41 383/437/30 
f 383/437/30 404/461/41 405/462/41 384/438/30 
f 384/438/30 405/462/41 406/463/198 385/439/190 
f 385/439/190 406/463/198 407/464/3 386/440/5 
f 386/440/5 407/464/3 408/465/3 387/441/3 
f 387/441/3 408/465/3 409/466/38 388/442/192 
f 388/442/192 409/466/38 410/467/46 389/443/36 
f 389/443/36 410/467/46 411/468/39 390/444/28 
f 390/444/28 411/468/39 412/469/199 391/445/193 
f 391/446/193 412/470/199 413/471/17 392/447/32 
f 392/447/32 413/471/17 414/472/17 393/448/17 
f 393/448/17 414/472/17 415/473/200 394/449/194 
f 394/450/194 415/474/200 416/475/201 395/451/195 
f 395/451/195 416/475/201 417/476/201 396/452/195 
f 396/452/195 417/476/201 418/477/202 397/453/196 
f 397/453/196 418/477/202 419/478/41 398/454/197 
f 398/454/197 419/478/41 420/479/41 399/455/197 
f 399/455/197 420/479/41 400/480/198 379/456/190 
f 400/457/198 421/481/203 422/482/3 401/458/3 
f 401/458/3 422/482/3 423/483/3 402/459/3 
f 402/459/3 423/483/3 424/484/50 403/460/40 
f 403/460/40 424/484/50 425/485/51 404/461/41 
f 404/461/41 425/485/51 426/486/51 405/462/41 
f 405/462/41 426/486/51 427/487/203 406/463/198 
f 406/463/198 427/487/203 428/488/3 407/464/3 
f 407/464/3 428/488/3 429/489/3 408/465/3 
f 408/465/3 429/489/3 430/490/48 409/466/38 
f 409/466/38 430/490/48 431/491/56 410/467/46 
f 410/467/46 431/491/56 432/492/56 411/468/39 
f 411/468/39 432/492/56 433/493/204 412/469/199 
f 412/470/199 433/494/204 434/495/17 413/471/17 
f 413/471/17 434/495/17 435/496/32 414/472/17 
f 414/472/17 435/496/32 436/497/205 415/473/200 
f 415/474/200 436/498/205 437/499/206 416/475/201 
f 416/475/201 437/499/206 438/500/206 417/476/201 
f 417/476/201 438/500/206 439/501/207 418/477/202 
f 418/477/202 439/501/207 440/502/208 419/478/41 
f 419/478/41 440/502/208 441/503/51 420/479/41 
f 420/479/41 441/503/51 421/504/203 400/480/198 
f 421/481/203 442/505/209 443/506/3 422/482/3 
f 422/482/3 443/506/3 444/507/3 423/483/3 
f 423/483/3 444/507/3 445/508/60 424/484/50 
f 424/484/50 445/508/60 446/509/61 425/485/51 
f 425/485/51 446/509/61 447/510/61 426/486/51 
f 426/486/51 447/510/61 448/511/209 427/487/203 
f 427/487/203 448/511/209 449/512/5 428/488/3 
f 428/488/3 449/512/5 450/513/5 429/489/3 
f 429/489/3 450/513/5 451/514/58 430/490/48 
f 430/490/48 451/514/58 452/515/66 431/491/56 
f 431/491/56 452/515/66 453/516/66 432/492/56 
f 432/492/56 453/516/66 454/517/210 433/493/204 
f 433/494/204 454/518/210 455/519/32 434/495/17 
f 434/495/17 455/519/32 456/520/17 435/496/32 
f 435/496/32 456/520/17 457/521/211 436/497/205 
f 436/498/205 457/522/211 458/523/212 437/499/206 
f 437/499/206 458/523/212 459/524/212 438/500/206 
f 438/500/206 459/524/212 460/525/213 439/501/207 
f 439/501/207 460/525/213 461/526/61 440/502/208 
f 440/502/208 461/526/61 462/527/61 441/503/51 
f 441/503/51 462/527/61 442/528/209 421/504/203 
f 442/505/209 463/529/214 464/530/3 443/506/3 
f 443/506/3 464/530/3 465/531/3 444/507/3 
f 444/507/3 465/531/3 466/532/71 445/508/60 
f 445/508/60 466/532/71 467/533/72 446/509/61 
f 446/509/61 467/533/72 468/534/72 447/510/61 
f 447/510/61 468/534/72 469/535/214 448/511/209 
f 448/511/209 469/535/214 470/536/3 449/512/5 
f 449/512/5 470/536/3 471/537/5 450/513/5 
f 450/513/5 471/537/5 472/538/68 451/514/58 
f 451/514/58 472/538/68 473/539/77 452/515/66 
f 452/515/66 473/539/77 474/540/77 453/516/66 
f 453/516/66 474/540/77 475/541/215 454/517/210 
f 454/518/210 475/542/215 476/543/17 455/519/32 
f 455/519/32 476/543/17 477/544/17 456/520/17 
f 456/520/17 477/544/17 478/545/216 457/521/211 
f 457/522/211 478/546/216 479/547/217 458/523/212 
f 458/523/212 479/547/217 480/548/217 459/524/212 
f 459/524/212 480/548/217 481/549/218 460/525/213 
f 460/525/213 481/549/218 482/550/72 461/526/61 
f 461/526/61 482/550/72 483/551/72 462/527/61 
f 462/527/61 483/551/72 463/552/214 442/528/209 
f 463/529/214 484/553/219 485/554/3 464/530/3 
f 464/530/3 485/554/3 486/555/3 465/531/3 
f 465/531/3 486/555/3 487/556/220 466/532/71 
f 466/532/71 487/556/220 488/557/83 467/533/72 
f 467/533/72 488/557/83 489/558/83 468/534/72 
f 468/534/72 489/558/83 490/559/219 469/535/214 
f 469/535/214 490/559/219 491/560/81 470/536/3 
f 470/536/3 491/560/81 492/561/4 471/537/5 
f 471/537/5 492/561/4 493/562/221 472/538/68 
f 472/538/68 493/562/221 494/563/89 473/539/77 
f 473/539/77 494/563/89 495/564/89 474/540/77 
f 474/540/77 495/564/89 496/565/222 475/541/215 
f 475/542/215 496/566/222 497/567/17 476/543/17 
f 476/543/17 497/567/17 498/568/17 477/544/17 
f 477/544/17 498/568/17 499/569/223 478/545/216 
f 478/546/216 499/570/223 500/571/224 479/547/217 
f 479/547/217 500/571/224 501/572/224 480/548/217 
f 480/548/217 501/572/224 502/573/225 481/549/218 
f 481/549/218 502/573/225 503/574/83 482/550/72 
f 482/550/72 503/574/83 504/575/83 483/551/72 
f 483/551/72 504/575/83 484/576/219 463/552/214 
f 484/553/219 505/577/226 506/578/5 485/554/3 
f 485/554/3 506/578/5 507/579/4 486/555/3 
f 486/555/3 507/579/4 508/580/227 487/556/220 
f 487/556/220 508/580/227 509/581/228 488/557/83 
f 488/557/83 509/581/228 510/582/228 489/558/83 
f 489/558/83 510/582/228 511/583/229 490/559/219 
f 490/559/219 511/583/229 512/584/4 491/560/81 
f 491/560/81 512/584/4 513/585/4 492/561/4 
f 492/561/4 513/585/4 514/586/230 493/562/221 
f 493/562/221 514/586/230 515/587/101 494/563/89 
f 494/563/89 515/587/101 516/588/231 495/564/89 
f 495/564/89 516/588/231 517/589/232 496/565/222 
f 496/566/222 517/590/232 518/591/108 497/567/17 
f 497/567/17 518/591/108 519/592/17 498/568/17 
f 498/568/17 519/592/17 520/593/233 499/569/223 
f 499/570/223 520/594/233 521/595/234 500/571/224 
f 500/571/224 521/595/234 522/596/234 501/572/224 
f 501/572/224 522/596/234 523/597/235 502/573/225 
f 502/573/225 523/597/235 524/598/95 503/574/83 
f 503/574/83 524/598/95 525/599/95 504/575/83 
f 504/575/83 525/599/95 505/600/226 484/576/219 
f 505/577/226 526/601/236 527/602/5 506/578/5 
f 506/578/5 527/602/5 528/603/5 507/579/4 
f 507/579/4 528/603/5 529/604/105 508/580/227 
f 508/580/227 529/604/105 530/605/106 509/581/228 
f 509/581/228 530/605/106 531/606/106 510/582/228 
f 510/582/228 531/606/106 532/607/236 511/583/229 
f 511/583/229 532/607/236 533/608/4 512/584/4 
f 512/584/4 533/608/4 534/609/81 513/585/4 
f 513/585/4 534/609/81 535/610/237 514/586/230 
f 514/586/230 535/610/237 536/611/112 515/587/101 
f 515/587/101 536/611/112 537/612/104 516/588/231 
f 516/588/231 537/612/104 538/613/238 517/589/232 
f 517/590/232 538/614/238 539/615/108 518/591/108 
f 518/591/108 539/615/108 540/616/108 519/592/17 
f 519/592/17 540/616/108 541/617/239 520/593/233 
f 520/594/233 541/618/239 542/619/240 521/595/234 
f 521/595/234 542/619/240 543/620/240 522/596/234 
f 522/596/234 543/620/240 544/621/241 523/597/235 
f 523/597/235 544/621/241 545/622/106 524/598/95 
f 524/598/95 545/622/106 546/623/242 525/599/95 
f 525/599/95 546/623/242 526/624/236 505/600/226 
f 526/601/236 547/625/243 548/626/5 527/602/5 
f 527/602/5 548/626/5 549/627/5 528/603/5 
f 528/603/5 549/627/5 550/628/244 529/604/105 
f 529/604/105 550/628/244 551/629/118 530/605/106 
f 530/605/106 551/629/118 552/630/118 531/606/106 
f 531/606/106 552/630/118 553/631/245 532/607/236 
f 532/607/236 553/631/245 554/632/5 533/608/4 
f 533/608/4 554/632/5 555/633/5 534/609/81 
f 534/609/81 555/633/5 556/634/246 535/610/237 
f 535/610/237 556/634/246 557/635/123 536/611/112 
f 536/611/112 557/635/123 558/636/123 537/612/104 
f 537/612/104 558/636/123 559/637/247 538/613/238 
f 538/614/238 559/638/247 560/639/108 539/615/108 
f 539/615/108 560/639/108 561/640/108 540/616/108 
f 540/616/108 561/640/108 562/641/248 541/617/239 
f 541/618/239 562/642/248 563/643/249 542/619/240 
f 542/619/240 563/643/249 564/644/249 543/620/240 
f 543/620/240 564/644/249 565/645/250 544/621/241 
f 544/621/241 565/645/250 566/646/251 545/622/106 
f 545/622/106 566/646/251 567/647/118 546/623/242 
f 546/623/242 567/647/118 547/648/243 526/624/236 
f 547/625/243 568/649/252 569/650/5 548/626/5 
f 548/626/5 569/650/5 570/651/5 549/627/5 
f 549/627/5 570/651/5 571/652/253 550/628/244 
f 550/628/244 571/652/253 572/653/128 551/629/118 
f 551/629/118 572/653/128 573/654/128 552/630/118 
f 552/630/118 573/654/128 574/655/252 553/631/245 
f 553/631/245 574/655/252 575/656/5 554/632/5 
f 554/632/5 575/656/5 576/657/5 555/633/5 
f 555/633/5 576/657/5 577/658/125 556/634/246 
f 556/634/246 577/658/125 578/659/133 557/635/123 
f 557/635/123 578/659/133 579/660/133 558/636/123 
f 558/636/123 579/660/133 580/661/254 559/637/247 
f 559/638/247 580/662/254 581/663/16 560/639/108 
f 560/639/108 581/663/16 582/664/108 561/640/108 
f 561/640/108 582/664/108 583/665/255 562/641/248 
f 562/642/248 583/666/255 584/667/256 563/643/249 
f 563/643/249 584/667/256 585/668/256 564/644/249 
f 564/644/249 585/668/256 586/669/257 565/645/250 
f 565/645/250 586/669/257 587/670/128 566/646/251 
f 566/646/251 587/670/128 588/671/128 567/647/118 
f 567/647/118 588/671/128 568/672/252 547/648/243 
f 568/649/252 589/673/258 590/674/5 569/650/5 
f 569/650/5 590/674/5 591/675/5 570/651/5 
f 570/651/5 591/675/5 592/676/137 571/652/253 
f 571/652/253 592/676/137 593/677/138 572/653/128 
f 572/653/128 593/677/138 594/678/138 573/654/128 
f 573/654/128 594/678/138 595/679/258 574/655/252 
f 574/655/252 595/679/258 596/680/5 575/656/5 
f 575/656/5 596/680/5 597/681/5 576/657/5 
f 576/657/5 597/681/5 598/682/135 577/658/125 
f 577/658/125 598/682/135 599/683/143 578/659/133 
f 578/659/133 599/683/143 600/684/143 579/660/133 
f 579/660/133 600/684/143 601/685/259 580/661/254 
f 580/662/254 601/686/259 602/687/108 581/663/16 
f 581/663/16 602/687/108 603/688/16 582/664/108 
f 582/664/108 603/688/16 604/689/260 583/665/255 
f 583/666/255 604/690/260 605/691/261 584/667/256 
f 584/667/256 605/691/261 606/692/261 585/668/256 
f 585/668/256 606/692/261 607/693/262 586/669/257 
f 586/669/257 607/693/262 608/694/138 587/670/128 
f 587/670/128 608/694/138 609/695/138 588/671/128 
f 588/671/128 609/695/138 589/696/258 568/672/252 
f 589/673/258 610/697/263 611/698/5 590/674/5 
f 590/674/5 611/698/5 612/699/5 591/675/5 
f 591/675/5 612/699/5 613/700/148 592/676/137 
f 592/676/137 613/700/148 614/701/149 593/677/138 
f 593/677/138 614/701/149 615/702/149 594/678/138 
f 594/678/138 615/702/149 616/703/263 595/679/258 
f 595/679/258 616/703/263 617/704/5 596/680/5 
f 596/680/5 617/704/5 618/705/5 597/681/5 
f 597/681/5 618/705/5 619/706/145 598/682/135 
f 598/682/135 619/706/145 620/707/155 599/683/143 
f 599/683/143 620/707/155 621/708/155 600/684/143 
f 600/684/143 621/708/155 622/709/264 601/685/259 
f 601/686/259 622/710/264 623/711/108 602/687/108 
f 602/687/108 623/711/108 624/712/108 603/688/16 
f 603/688/16 624/712/108 625/713/265 604/689/260 
f 604/690/260 625/714/265 626/715/266 605/691/261 
f 605/691/261 626/715/266 627/716/266 606/692/261 
f 606/692/261 627/716/266 628/717/267 607/693/262 
f 607/693/262 628/717/267 629/718/149 608/694/138 
f 608/694/138 629/718/149 630/719/149 609/695/138 
f 609/695/138 630/719/149 610/720/263 589/696/258 
f 610/697/263 631/721/268 632/722/5 611/698/5 
f 611/698/5 632/722/5 633/723/5 612/699/5 
f 612/699/5 633/723/5 634/724/269 613/700/148 
f 613/700/148 634/724/269 635/725/160 614/701/149 
f 614/701/149 635/725/160 636/726/160 615/702/149 
f 615/702/149 636/726/160 637/727/268 616/703/263 
f 616/703/263 637/727/268 638/728/5 617/704/5 
f 617/704/5 638/728/5 639/729/5 618/705/5 
f 618/705/5 639/729/5 640/730/157 619/706/145 
f 619/706/145 640/730/157 641/731/270 620/707/155 
f 620/707/155 641/731/270 642/732/270 621/708/155 
f 621/708/155 642/732/270 643/733/271 622/709/264 
f 622/710/264 643/734/271 644/735/16 623/711/108 
f 623/711/108 644/735/16 645/736/108 624/712/108 
f 624/712/108 645/736/108 646/737/272 625/713/265 
f 625/714/265 646/738/272 647/739/273 626/715/266 
f 626/715/266 647/739/273 648/740/273 627/716/266 
f 627/716/266 648/740/273 649/741/274 628/717/267 
f 628/717/267 649/741/274 650/742/160 629/718/149 
f 629/718/149 650/742/160 651/743/160 630/719/149 
f 630/719/149 651/743/160 631/744/268 610/720/263 
f 631/721/268 652/745/275 653/746/5 632/722/5 
f 632/722/5 653/746/5 654/747/5 633/723/5 
f 633/723/5 654/747/5 655/748/276 634/724/269 
f 634/724/269 655/748/276 656/749/277 635/725/160 
f 635/725/160 656/749/277 657/750/277 636/726/160 
f 636/726/160 657/750/277 658/751/278 637/727/268 
f 637/727/268 658/751/278 659/752/81 638/728/5 
f 638/728/5 659/752/81 660/753/81 639/729/5 
f 639/729/5 660/753/81 661/754/167 640/730/157 
f 640/730/157 661/754/167 662/755/279 641/731/270 
f 641/731/270 662/755/279 663/756/279 642/732/270 
f 642/732/270 663/756/279 664/757/280 643/733/271 
f 643/734/271 664/758/280 665/759/32 644/735/16 
f 644/735/16 665/759/32 666/760/108 645/736/108 
f 645/736/108 666/760/108 667/761/281 646/737/272 
f 646/738/272 667/762/281 668/763/282 647/739/273 
f 647/739/273 668/763/282 669/764/282 648/740/273 
f 648/740/273 669/764/282 670/765/283 649/741/274 
f 649/741/274 670/765/283 671/766/277 650/742/160 
f 650/742/160 671/766/277 672/767/277 651/743/160 
f 651/743/160 672/767/277 652/768/275 631/744/268 
f 652/745/275 1/769/1 4/770/4 653/746/5 
f 653/746/5 4/770/4 6/771/5 654/747/5 
f 654/747/5 6/771/5 8/772/7 655/748/276 
f 655/748/276 8/772/7 10/773/9 656/749/277 
f 656/749/277 10/773/9 12/774/9 657/750/277 
f 657/750/277 12/774/9 14/775/1 658/751/278 
f 658/751/278 14/775/1 16/776/4 659/752/81 
f 659/752/81 16/776/4 18/777/5 660/753/81 
f 660/753/81 18/777/5 20/778/11 661/754/167 
f 661/754/167 20/778/11 22/779/13 662/755/279 
f 662/755/279 22/779/13 24/780/13 663/756/279 
f 663/756/279 24/780/13 26/781/15 664/757/280 
f 664/758/280 26/27/15 28/30/17 665/759/32 
f 665/759/32 28/30/17 30/32/17 666/760/108 
f 666/760/108 30/32/17 32/34/19 667/761/281 
f 667/762/281 32/782/19 34/783/21 668/763/282 
f 668/763/282 34/783/21 36/784/21 669/764/282 
f 669/764/282 36/784/21 38/785/23 670/765/283 
f 670/765/283 38/785/23 40/786/25 671/766/277 
f 671/766/277 40/786/25 42/787/25 672/767/277 
f 672/767/277 42/787/25 1/788/1 652/768/275 
# 672 polygons

#
# object Rectangle043
#

v  26.3098 15.5506 0.0000
v  25.8043 15.5506 -5.1328
v  24.9072 15.5506 -4.9544
v  25.3952 15.5506 0.0000
v  20.8423 5.6896 0.0000
v  20.4418 5.6896 -4.0661
v  20.1416 5.6896 -4.0064
v  20.5362 5.6896 0.0000
v  20.1416 5.4122 -4.0064
v  20.5362 5.4122 0.0000
v  20.1416 4.0311 -4.0064
v  20.5362 4.0311 0.0000
v  20.1416 3.7235 -4.0064
v  20.5362 3.7235 0.0000
v  20.3180 3.5429 -4.0415
v  20.7161 3.5429 0.0000
v  23.5838 0.1986 -4.6911
v  24.0459 0.1986 -0.0000
v  23.7778 0.0000 -4.7297
v  24.2437 0.0000 -0.0000
v  24.0192 0.0000 -4.7777
v  24.4897 0.0000 -0.0000
v  25.7293 0.0000 -5.1179
v  26.2334 0.0000 -0.0000
v  26.0181 0.0000 -5.1753
v  26.5278 0.0000 -0.0000
v  26.0181 0.3218 -5.1753
v  26.5278 0.3218 -0.0000
v  24.3071 15.5506 -10.0683
v  23.4621 15.5506 -9.7183
v  19.2558 5.6896 -7.9760
v  18.9730 5.6896 -7.8589
v  18.9730 5.4122 -7.8589
v  18.9730 4.0311 -7.8589
v  18.9730 3.7235 -7.8589
v  19.1392 3.5429 -7.9277
v  22.2155 0.1986 -9.2020
v  22.3982 0.0000 -9.2776
v  22.6256 0.0000 -9.3718
v  24.2365 0.0000 -10.0391
v  24.5085 0.0000 -10.1518
v  24.5085 0.3218 -10.1518
v  21.8758 15.5506 -14.6170
v  21.1153 15.5506 -14.1088
v  17.3297 5.6896 -11.5794
v  17.0752 5.6896 -11.4093
v  17.0752 5.4122 -11.4093
v  17.0752 4.0311 -11.4093
v  17.0752 3.7235 -11.4093
v  17.2248 3.5429 -11.5092
v  19.9934 0.1986 -13.3592
v  20.1579 0.0000 -13.4691
v  20.3625 0.0000 -13.6058
v  21.8123 0.0000 -14.5745
v  22.0571 0.0000 -14.7381
v  22.0571 0.3218 -14.7381
v  18.6039 15.5506 -18.6039
v  17.9571 15.5506 -17.9571
v  14.7377 5.6896 -14.7377
v  14.5213 5.6896 -14.5213
v  14.5213 5.4122 -14.5213
v  14.5213 4.0311 -14.5213
v  14.5213 3.7235 -14.5213
v  14.6485 3.5429 -14.6485
v  17.0030 0.1986 -17.0030
v  17.1428 0.0000 -17.1428
v  17.3169 0.0000 -17.3169
v  18.5498 0.0000 -18.5498
v  18.7580 0.0000 -18.7580
v  18.7580 0.3218 -18.7580
v  14.6170 15.5506 -21.8758
v  14.1088 15.5506 -21.1153
v  11.5794 5.6896 -17.3297
v  11.4093 5.6896 -17.0752
v  11.4093 5.4122 -17.0752
v  11.4093 4.0311 -17.0752
v  11.4093 3.7235 -17.0752
v  11.5092 3.5429 -17.2248
v  13.3592 0.1986 -19.9934
v  13.4690 0.0000 -20.1579
v  13.6058 0.0000 -20.3625
v  14.5745 0.0000 -21.8123
v  14.7381 0.0000 -22.0571
v  14.7381 0.3218 -22.0571
v  10.0683 15.5506 -24.3071
v  9.7183 15.5506 -23.4621
v  7.9760 5.6896 -19.2558
v  7.8589 5.6896 -18.9730
v  7.8589 5.4122 -18.9730
v  7.8589 4.0311 -18.9730
v  7.8589 3.7235 -18.9730
v  7.9277 3.5429 -19.1392
v  9.2020 0.1986 -22.2155
v  9.2776 0.0000 -22.3982
v  9.3718 0.0000 -22.6256
v  10.0391 0.0000 -24.2365
v  10.1518 0.0000 -24.5085
v  10.1518 0.3218 -24.5085
v  5.1328 15.5506 -25.8043
v  4.9544 15.5506 -24.9072
v  4.0661 5.6896 -20.4418
v  4.0064 5.6896 -20.1416
v  4.0064 5.4122 -20.1416
v  4.0064 4.0311 -20.1416
v  4.0064 3.7235 -20.1416
v  4.0415 3.5429 -20.3180
v  4.6911 0.1986 -23.5838
v  4.7297 0.0000 -23.7778
v  4.7777 0.0000 -24.0192
v  5.1179 0.0000 -25.7293
v  5.1753 0.0000 -26.0181
v  5.1753 0.3218 -26.0181
v  0.0000 15.5506 -26.3098
v  0.0000 15.5506 -25.3952
v  0.0000 5.6896 -20.8423
v  0.0000 5.6896 -20.5362
v  0.0000 5.4122 -20.5362
v  -0.0000 4.0311 -20.5362
v  -0.0000 3.7235 -20.5362
v  -0.0000 3.5429 -20.7161
v  -0.0000 0.1986 -24.0459
v  -0.0000 0.0000 -24.2436
v  -0.0000 0.0000 -24.4897
v  -0.0000 0.0000 -26.2334
v  -0.0000 0.0000 -26.5278
v  -0.0000 0.3218 -26.5278
v  -5.1328 15.5506 -25.8043
v  -4.9544 15.5506 -24.9072
v  -4.0661 5.6896 -20.4418
v  -4.0064 5.6896 -20.1416
v  -4.0064 5.4122 -20.1416
v  -4.0064 4.0311 -20.1416
v  -4.0064 3.7235 -20.1416
v  -4.0415 3.5429 -20.3180
v  -4.6911 0.1986 -23.5838
v  -4.7297 0.0000 -23.7778
v  -4.7777 0.0000 -24.0192
v  -5.1179 0.0000 -25.7293
v  -5.1753 0.0000 -26.0181
v  -5.1753 0.3218 -26.0181
v  -10.0683 15.5506 -24.3071
v  -9.7183 15.5506 -23.4621
v  -7.9760 5.6896 -19.2558
v  -7.8589 5.6896 -18.9730
v  -7.8589 5.4122 -18.9730
v  -7.8589 4.0311 -18.9730
v  -7.8589 3.7235 -18.9730
v  -7.9277 3.5429 -19.1392
v  -9.2020 0.1986 -22.2155
v  -9.2776 0.0000 -22.3982
v  -9.3718 0.0000 -22.6256
v  -10.0391 0.0000 -24.2365
v  -10.1518 0.0000 -24.5085
v  -10.1518 0.3218 -24.5085
v  -14.6170 15.5506 -21.8758
v  -14.1088 15.5506 -21.1153
v  -11.5794 5.6896 -17.3297
v  -11.4093 5.6896 -17.0752
v  -11.4093 5.4122 -17.0752
v  -11.4093 4.0311 -17.0752
v  -11.4093 3.7235 -17.0752
v  -11.5092 3.5429 -17.2248
v  -13.3592 0.1986 -19.9934
v  -13.4691 0.0000 -20.1579
v  -13.6058 0.0000 -20.3625
v  -14.5745 0.0000 -21.8123
v  -14.7381 0.0000 -22.0571
v  -14.7381 0.3218 -22.0571
v  -18.6039 15.5506 -18.6039
v  -17.9571 15.5506 -17.9571
v  -14.7377 5.6896 -14.7377
v  -14.5213 5.6896 -14.5213
v  -14.5213 5.4122 -14.5213
v  -14.5213 4.0311 -14.5213
v  -14.5213 3.7235 -14.5213
v  -14.6485 3.5429 -14.6485
v  -17.0030 0.1986 -17.0030
v  -17.1429 0.0000 -17.1428
v  -17.3169 0.0000 -17.3169
v  -18.5498 0.0000 -18.5498
v  -18.7580 0.0000 -18.7580
v  -18.7580 0.3218 -18.7580
v  -21.8758 15.5506 -14.6170
v  -21.1153 15.5506 -14.1088
v  -17.3297 5.6896 -11.5794
v  -17.0752 5.6896 -11.4093
v  -17.0752 5.4122 -11.4093
v  -17.0752 4.0311 -11.4093
v  -17.0752 3.7235 -11.4093
v  -17.2248 3.5429 -11.5092
v  -19.9934 0.1986 -13.3592
v  -20.1579 0.0000 -13.4690
v  -20.3625 0.0000 -13.6058
v  -21.8123 0.0000 -14.5745
v  -22.0571 0.0000 -14.7381
v  -22.0571 0.3218 -14.7381
v  -24.3071 15.5506 -10.0683
v  -23.4621 15.5506 -9.7183
v  -19.2558 5.6896 -7.9760
v  -18.9730 5.6896 -7.8589
v  -18.9730 5.4122 -7.8589
v  -18.9730 4.0311 -7.8589
v  -18.9730 3.7235 -7.8589
v  -19.1392 3.5429 -7.9277
v  -22.2155 0.1986 -9.2020
v  -22.3982 0.0000 -9.2776
v  -22.6256 0.0000 -9.3718
v  -24.2365 0.0000 -10.0391
v  -24.5085 0.0000 -10.1518
v  -24.5085 0.3218 -10.1518
v  -25.8043 15.5506 -5.1328
v  -24.9072 15.5506 -4.9544
v  -20.4418 5.6896 -4.0661
v  -20.1416 5.6896 -4.0064
v  -20.1416 5.4122 -4.0064
v  -20.1416 4.0311 -4.0064
v  -20.1416 3.7235 -4.0064
v  -20.3180 3.5429 -4.0415
v  -23.5838 0.1986 -4.6911
v  -23.7778 0.0000 -4.7297
v  -24.0192 0.0000 -4.7777
v  -25.7293 0.0000 -5.1179
v  -26.0181 0.0000 -5.1753
v  -26.0181 0.3218 -5.1753
v  -26.3098 15.5506 0.0000
v  -25.3952 15.5506 0.0000
v  -20.8423 5.6896 0.0000
v  -20.5362 5.6896 0.0000
v  -20.5362 5.4122 0.0000
v  -20.5362 4.0311 0.0000
v  -20.5362 3.7235 0.0000
v  -20.7161 3.5429 0.0000
v  -24.0459 0.1986 0.0000
v  -24.2437 0.0000 0.0000
v  -24.4897 0.0000 0.0000
v  -26.2334 0.0000 0.0000
v  -26.5278 0.0000 0.0000
v  -26.5278 0.3218 0.0000
v  -25.8043 15.5506 5.1328
v  -24.9072 15.5506 4.9544
v  -20.4418 5.6896 4.0661
v  -20.1416 5.6896 4.0064
v  -20.1416 5.4122 4.0064
v  -20.1416 4.0311 4.0064
v  -20.1416 3.7235 4.0064
v  -20.3180 3.5429 4.0415
v  -23.5838 0.1986 4.6911
v  -23.7778 0.0000 4.7297
v  -24.0192 0.0000 4.7777
v  -25.7293 0.0000 5.1179
v  -26.0181 0.0000 5.1753
v  -26.0181 0.3218 5.1753
v  -24.3071 15.5506 10.0683
v  -23.4621 15.5506 9.7183
v  -19.2558 5.6896 7.9760
v  -18.9730 5.6896 7.8589
v  -18.9730 5.4122 7.8589
v  -18.9730 4.0311 7.8589
v  -18.9730 3.7235 7.8589
v  -19.1392 3.5429 7.9277
v  -22.2155 0.1986 9.2020
v  -22.3982 0.0000 9.2776
v  -22.6256 0.0000 9.3718
v  -24.2365 0.0000 10.0391
v  -24.5085 0.0000 10.1518
v  -24.5085 0.3218 10.1518
v  -21.8758 15.5506 14.6170
v  -21.1153 15.5506 14.1088
v  -17.3297 5.6896 11.5794
v  -17.0752 5.6896 11.4093
v  -17.0752 5.4122 11.4093
v  -17.0752 4.0311 11.4093
v  -17.0752 3.7235 11.4093
v  -17.2248 3.5429 11.5092
v  -19.9934 0.1986 13.3592
v  -20.1579 0.0000 13.4691
v  -20.3625 0.0000 13.6058
v  -21.8123 0.0000 14.5745
v  -22.0571 0.0000 14.7381
v  -22.0571 0.3218 14.7381
v  -18.6039 15.5506 18.6039
v  -17.9571 15.5506 17.9571
v  -14.7377 5.6896 14.7377
v  -14.5213 5.6896 14.5213
v  -14.5213 5.4122 14.5213
v  -14.5213 4.0311 14.5213
v  -14.5213 3.7235 14.5213
v  -14.6485 3.5429 14.6485
v  -17.0030 0.1986 17.0030
v  -17.1428 0.0000 17.1429
v  -17.3169 0.0000 17.3169
v  -18.5498 0.0000 18.5498
v  -18.7580 0.0000 18.7580
v  -18.7580 0.3218 18.7580
v  -14.6170 15.5506 21.8758
v  -14.1088 15.5506 21.1153
v  -11.5794 5.6896 17.3297
v  -11.4093 5.6896 17.0752
v  -11.4093 5.4122 17.0752
v  -11.4093 4.0311 17.0752
v  -11.4093 3.7235 17.0752
v  -11.5092 3.5429 17.2248
v  -13.3592 0.1986 19.9934
v  -13.4690 0.0000 20.1579
v  -13.6058 0.0000 20.3625
v  -14.5745 0.0000 21.8123
v  -14.7381 0.0000 22.0571
v  -14.7381 0.3218 22.0571
v  -10.0683 15.5506 24.3071
v  -9.7183 15.5506 23.4621
v  -7.9760 5.6896 19.2558
v  -7.8589 5.6896 18.9730
v  -7.8589 5.4122 18.9730
v  -7.8589 4.0311 18.9730
v  -7.8589 3.7235 18.9730
v  -7.9277 3.5429 19.1392
v  -9.2019 0.1986 22.2155
v  -9.2776 0.0000 22.3982
v  -9.3718 0.0000 22.6256
v  -10.0391 0.0000 24.2365
v  -10.1518 0.0000 24.5085
v  -10.1518 0.3218 24.5085
v  -5.1328 15.5506 25.8043
v  -4.9544 15.5506 24.9072
v  -4.0661 5.6896 20.4418
v  -4.0064 5.6896 20.1416
v  -4.0064 5.4122 20.1416
v  -4.0064 4.0311 20.1416
v  -4.0064 3.7235 20.1416
v  -4.0415 3.5429 20.3180
v  -4.6911 0.1986 23.5838
v  -4.7297 0.0000 23.7778
v  -4.7777 0.0000 24.0192
v  -5.1179 0.0000 25.7293
v  -5.1753 0.0000 26.0181
v  -5.1753 0.3218 26.0181
v  -0.0000 15.5506 26.3098
v  -0.0000 15.5506 25.3952
v  -0.0000 5.6896 20.8423
v  -0.0000 5.6896 20.5362
v  -0.0000 5.4122 20.5362
v  -0.0000 4.0311 20.5362
v  -0.0000 3.7235 20.5362
v  -0.0000 3.5429 20.7161
v  0.0000 0.1986 24.0459
v  0.0000 0.0000 24.2437
v  0.0000 0.0000 24.4897
v  0.0000 0.0000 26.2334
v  0.0000 0.0000 26.5278
v  0.0000 0.3218 26.5278
v  5.1328 15.5506 25.8043
v  4.9544 15.5506 24.9072
v  4.0661 5.6896 20.4418
v  4.0064 5.6896 20.1416
v  4.0064 5.4122 20.1416
v  4.0064 4.0311 20.1416
v  4.0064 3.7235 20.1416
v  4.0415 3.5429 20.3180
v  4.6911 0.1986 23.5838
v  4.7297 0.0000 23.7778
v  4.7777 0.0000 24.0192
v  5.1179 0.0000 25.7293
v  5.1753 0.0000 26.0181
v  5.1753 0.3218 26.0181
v  10.0683 15.5506 24.3071
v  9.7183 15.5506 23.4621
v  7.9760 5.6896 19.2558
v  7.8589 5.6896 18.9730
v  7.8589 5.4122 18.9730
v  7.8589 4.0311 18.9730
v  7.8589 3.7235 18.9730
v  7.9277 3.5429 19.1392
v  9.2020 0.1986 22.2155
v  9.2776 0.0000 22.3982
v  9.3718 0.0000 22.6256
v  10.0391 0.0000 24.2365
v  10.1518 0.0000 24.5085
v  10.1518 0.3218 24.5085
v  14.6170 15.5506 21.8758
v  14.1088 15.5506 21.1153
v  11.5794 5.6896 17.3297
v  11.4093 5.6896 17.0752
v  11.4093 5.4122 17.0752
v  11.4093 4.0311 17.0752
v  11.4093 3.7235 17.0752
v  11.5092 3.5429 17.2248
v  13.3592 0.1986 19.9934
v  13.4691 0.0000 20.1579
v  13.6058 0.0000 20.3625
v  14.5745 0.0000 21.8123
v  14.7381 0.0000 22.0571
v  14.7381 0.3218 22.0571
v  18.6039 15.5506 18.6039
v  17.9571 15.5506 17.9571
v  14.7377 5.6896 14.7377
v  14.5213 5.6896 14.5213
v  14.5213 5.4122 14.5213
v  14.5213 4.0311 14.5213
v  14.5213 3.7235 14.5213
v  14.6485 3.5429 14.6485
v  17.0030 0.1986 17.0030
v  17.1429 0.0000 17.1428
v  17.3169 0.0000 17.3169
v  18.5498 0.0000 18.5498
v  18.7580 0.0000 18.7580
v  18.7580 0.3218 18.7580
v  21.8758 15.5506 14.6170
v  21.1153 15.5506 14.1088
v  17.3297 5.6896 11.5794
v  17.0752 5.6896 11.4093
v  17.0752 5.4122 11.4093
v  17.0752 4.0311 11.4093
v  17.0752 3.7235 11.4093
v  17.2248 3.5429 11.5092
v  19.9934 0.1986 13.3592
v  20.1579 0.0000 13.4691
v  20.3625 0.0000 13.6058
v  21.8123 0.0000 14.5745
v  22.0571 0.0000 14.7381
v  22.0571 0.3218 14.7381
v  24.3071 15.5506 10.0683
v  23.4621 15.5506 9.7183
v  19.2558 5.6896 7.9760
v  18.9730 5.6896 7.8589
v  18.9730 5.4122 7.8589
v  18.9730 4.0311 7.8589
v  18.9730 3.7235 7.8589
v  19.1392 3.5429 7.9277
v  22.2155 0.1986 9.2020
v  22.3982 0.0000 9.2776
v  22.6256 0.0000 9.3718
v  24.2365 0.0000 10.0391
v  24.5085 0.0000 10.1518
v  24.5085 0.3218 10.1518
v  25.8043 15.5506 5.1328
v  24.9072 15.5506 4.9544
v  20.4418 5.6896 4.0661
v  20.1416 5.6896 4.0064
v  20.1416 5.4122 4.0064
v  20.1416 4.0311 4.0064
v  20.1416 3.7235 4.0064
v  20.3180 3.5429 4.0415
v  23.5838 0.1986 4.6911
v  23.7778 0.0000 4.7297
v  24.0192 0.0000 4.7777
v  25.7293 0.0000 5.1179
v  26.0181 0.0000 5.1753
v  26.0181 0.3218 5.1753
v  24.4796 5.6896 -4.8693
v  24.9592 5.6896 0.0000
v  23.0593 5.6896 -9.5515
v  20.7528 5.6896 -13.8666
v  17.6488 5.6896 -17.6488
v  13.8666 5.6896 -20.7528
v  9.5515 5.6896 -23.0593
v  4.8693 5.6896 -24.4796
v  0.0000 5.6896 -24.9592
v  -4.8693 5.6896 -24.4796
v  -9.5515 5.6896 -23.0593
v  -13.8666 5.6896 -20.7528
v  -17.6488 5.6896 -17.6488
v  -20.7528 5.6896 -13.8666
v  -23.0593 5.6896 -9.5515
v  -24.4796 5.6896 -4.8693
v  -24.9592 5.6896 0.0000
v  -24.4796 5.6896 4.8693
v  -23.0593 5.6896 9.5515
v  -20.7528 5.6896 13.8666
v  -17.6488 5.6896 17.6488
v  -13.8666 5.6896 20.7528
v  -9.5515 5.6896 23.0593
v  -4.8693 5.6896 24.4796
v  -0.0000 5.6896 24.9592
v  4.8693 5.6896 24.4796
v  9.5515 5.6896 23.0593
v  13.8666 5.6896 20.7528
v  17.6488 5.6896 17.6488
v  20.7528 5.6896 13.8666
v  23.0593 5.6896 9.5515
v  24.4796 5.6896 4.8693
v  26.0181 15.3326 -5.1753
v  26.5278 15.3326 0.0000
v  24.5085 15.3326 -10.1518
v  22.0571 15.3326 -14.7381
v  18.7580 15.3326 -18.7580
v  14.7381 15.3326 -22.0571
v  10.1518 15.3326 -24.5085
v  5.1753 15.3326 -26.0181
v  0.0000 15.3326 -26.5278
v  -5.1753 15.3326 -26.0181
v  -10.1518 15.3326 -24.5085
v  -14.7381 15.3326 -22.0571
v  -18.7580 15.3326 -18.7580
v  -22.0571 15.3326 -14.7381
v  -24.5085 15.3326 -10.1518
v  -26.0181 15.3326 -5.1753
v  -26.5278 15.3326 0.0000
v  -26.0181 15.3326 5.1753
v  -24.5085 15.3326 10.1518
v  -22.0571 15.3326 14.7381
v  -18.7580 15.3326 18.7580
v  -14.7381 15.3326 22.0571
v  -10.1518 15.3326 24.5085
v  -5.1753 15.3326 26.0181
v  -0.0000 15.3326 26.5278
v  5.1753 15.3326 26.0181
v  10.1518 15.3326 24.5085
v  14.7381 15.3326 22.0571
v  18.7580 15.3326 18.7580
v  22.0571 15.3326 14.7381
v  24.5085 15.3326 10.1518
v  26.0181 15.3326 5.1753
v  24.6934 5.9076 -4.9118
v  25.1772 5.9076 0.0000
v  25.1772 15.3326 0.0000
v  24.6934 15.3326 -4.9118
v  24.6934 5.9076 4.9118
v  24.6934 15.3326 4.9118
v  23.2607 5.9076 9.6349
v  23.2607 15.3326 9.6349
v  20.9341 5.9076 13.9877
v  20.9341 15.3326 13.9877
v  17.8030 5.9076 17.8030
v  17.8030 15.3326 17.8030
v  13.9877 5.9076 20.9341
v  13.9877 15.3326 20.9341
v  9.6349 5.9076 23.2607
v  9.6349 15.3326 23.2607
v  4.9118 5.9076 24.6934
v  4.9118 15.3326 24.6934
v  -0.0000 5.9076 25.1772
v  -0.0000 15.3326 25.1772
v  -4.9118 5.9076 24.6934
v  -4.9118 15.3326 24.6934
v  -9.6349 5.9076 23.2607
v  -9.6349 15.3326 23.2607
v  -13.9877 5.9076 20.9341
v  -13.9877 15.3326 20.9341
v  -17.8030 5.9076 17.8030
v  -17.8030 15.3326 17.8030
v  -20.9341 5.9076 13.9877
v  -20.9341 15.3326 13.9877
v  -23.2607 5.9076 9.6349
v  -23.2607 15.3326 9.6349
v  -24.6934 5.9076 4.9118
v  -24.6934 15.3326 4.9118
v  -25.1772 5.9076 0.0000
v  -25.1772 15.3326 0.0000
v  -24.6934 5.9076 -4.9118
v  -24.6934 15.3326 -4.9118
v  -23.2607 5.9076 -9.6349
v  -23.2607 15.3326 -9.6349
v  -20.9341 5.9076 -13.9877
v  -20.9341 15.3326 -13.9877
v  -17.8030 5.9076 -17.8030
v  -17.8030 15.3326 -17.8030
v  -13.9877 5.9076 -20.9341
v  -13.9877 15.3326 -20.9341
v  -9.6349 5.9076 -23.2607
v  -9.6349 15.3326 -23.2607
v  -4.9118 5.9076 -24.6934
v  -4.9118 15.3326 -24.6934
v  0.0000 5.9076 -25.1772
v  0.0000 15.3326 -25.1772
v  4.9118 5.9076 -24.6934
v  4.9118 15.3326 -24.6934
v  9.6349 5.9076 -23.2607
v  9.6349 15.3326 -23.2607
v  13.9877 5.9076 -20.9341
v  13.9877 15.3326 -20.9341
v  17.8030 5.9076 -17.8030
v  17.8030 15.3326 -17.8030
v  20.9341 5.9076 -13.9877
v  20.9341 15.3326 -13.9877
v  23.2607 5.9076 -9.6349
v  23.2607 15.3326 -9.6349
v  26.5278 15.5506 0.0000
v  26.0181 15.5506 -5.1753
v  24.6934 15.5506 -4.9118
v  25.1772 15.5506 0.0000
v  24.5085 15.5506 -10.1518
v  23.2607 15.5506 -9.6349
v  22.0571 15.5506 -14.7381
v  20.9341 15.5506 -13.9877
v  18.7580 15.5506 -18.7580
v  17.8030 15.5506 -17.8030
v  14.7381 15.5506 -22.0571
v  13.9877 15.5506 -20.9341
v  10.1518 15.5506 -24.5085
v  9.6349 15.5506 -23.2607
v  5.1753 15.5506 -26.0181
v  4.9118 15.5506 -24.6934
v  0.0000 15.5506 -26.5278
v  0.0000 15.5506 -25.1772
v  -5.1753 15.5506 -26.0181
v  -4.9118 15.5506 -24.6934
v  -10.1518 15.5506 -24.5085
v  -9.6349 15.5506 -23.2607
v  -14.7381 15.5506 -22.0571
v  -13.9877 15.5506 -20.9341
v  -18.7580 15.5506 -18.7580
v  -17.8030 15.5506 -17.8030
v  -22.0571 15.5506 -14.7381
v  -20.9341 15.5506 -13.9877
v  -24.5085 15.5506 -10.1518
v  -23.2607 15.5506 -9.6349
v  -26.0181 15.5506 -5.1753
v  -24.6934 15.5506 -4.9118
v  -26.5278 15.5506 0.0000
v  -25.1772 15.5506 0.0000
v  -26.0181 15.5506 5.1753
v  -24.6934 15.5506 4.9118
v  -24.5085 15.5506 10.1518
v  -23.2607 15.5506 9.6349
v  -22.0571 15.5506 14.7381
v  -20.9341 15.5506 13.9877
v  -18.7580 15.5506 18.7580
v  -17.8030 15.5506 17.8030
v  -14.7381 15.5506 22.0571
v  -13.9877 15.5506 20.9341
v  -10.1518 15.5506 24.5085
v  -9.6349 15.5506 23.2607
v  -5.1753 15.5506 26.0181
v  -4.9118 15.5506 24.6934
v  -0.0000 15.5506 26.5278
v  -0.0000 15.5506 25.1772
v  5.1753 15.5506 26.0181
v  4.9118 15.5506 24.6934
v  10.1518 15.5506 24.5085
v  9.6349 15.5506 23.2607
v  14.7381 15.5506 22.0571
v  13.9877 15.5506 20.9341
v  18.7580 15.5506 18.7580
v  17.8030 15.5506 17.8030
v  22.0571 15.5506 14.7381
v  20.9341 15.5506 13.9877
v  24.5085 15.5506 10.1518
v  23.2607 15.5506 9.6349
v  26.0181 15.5506 5.1753
v  24.6934 15.5506 4.9118
v  25.1772 5.6896 0.0000
v  24.6934 5.6896 -4.9118
v  23.2607 5.6896 -9.6349
v  20.9341 5.6896 -13.9877
v  17.8030 5.6896 -17.8030
v  13.9877 5.6896 -20.9341
v  9.6349 5.6896 -23.2607
v  4.9118 5.6896 -24.6934
v  0.0000 5.6896 -25.1772
v  -4.9118 5.6896 -24.6934
v  -9.6349 5.6896 -23.2607
v  -13.9877 5.6896 -20.9341
v  -17.8030 5.6896 -17.8030
v  -20.9341 5.6896 -13.9877
v  -23.2607 5.6896 -9.6349
v  -24.6934 5.6896 -4.9118
v  -25.1772 5.6896 0.0000
v  -24.6934 5.6896 4.9118
v  -23.2607 5.6896 9.6349
v  -20.9341 5.6896 13.9877
v  -17.8030 5.6896 17.8030
v  -13.9877 5.6896 20.9341
v  -9.6349 5.6896 23.2607
v  -4.9118 5.6896 24.6934
v  -0.0000 5.6896 25.1772
v  4.9118 5.6896 24.6934
v  9.6349 5.6896 23.2607
v  13.9877 5.6896 20.9341
v  17.8030 5.6896 17.8030
v  20.9341 5.6896 13.9877
v  23.2607 5.6896 9.6349
v  24.6934 5.6896 4.9118
# 672 vertices

vn 0.0000 1.0000 -0.0000
vn -0.0000 1.0000 -0.0000
vn 0.0000 1.0000 0.0000
vn -0.6705 0.7298 0.1334
vn -0.6836 0.7298 0.0000
vn -0.9808 -0.0000 0.1951
vn -1.0000 0.0000 -0.0000
vn -0.9030 -0.3904 0.1796
vn -0.9207 -0.3904 -0.0000
vn -0.6950 -0.7056 0.1382
vn -0.7086 -0.7056 -0.0000
vn -0.7086 -0.7056 0.0000
vn -0.3559 -0.9318 0.0708
vn -0.3629 -0.9318 0.0000
vn -0.0000 -1.0000 0.0000
vn 0.0000 -1.0000 0.0000
vn 0.0000 -1.0000 -0.0000
vn 0.7139 -0.6857 -0.1420
vn 0.7279 -0.6857 -0.0000
vn 0.9808 -0.0000 -0.1951
vn 1.0000 -0.0000 -0.0000
vn -0.0000 1.0000 0.0000
vn -0.6315 0.7299 0.2616
vn -0.9239 -0.0000 0.3827
vn -0.8506 -0.3903 0.3523
vn -0.6547 -0.7056 0.2712
vn -0.3352 -0.9318 0.1389
vn 0.6725 -0.6857 -0.2786
vn 0.9239 0.0000 -0.3827
vn -0.5684 0.7298 0.3798
vn -0.8315 -0.0000 0.5556
vn -0.7655 -0.3904 0.5115
vn -0.5892 -0.7056 0.3937
vn -0.3017 -0.9318 0.2016
vn 0.6052 -0.6857 -0.4044
vn 0.8315 0.0000 -0.5556
vn -0.4834 0.7298 0.4834
vn -0.7071 -0.0000 0.7071
vn -0.6510 -0.3904 0.6510
vn -0.5011 -0.7056 0.5011
vn -0.2566 -0.9318 0.2566
vn 0.5147 -0.6857 -0.5147
vn 0.7071 -0.0000 -0.7071
vn -0.3798 0.7298 0.5684
vn -0.5556 0.0000 0.8315
vn -0.5556 -0.0000 0.8315
vn -0.5115 -0.3904 0.7655
vn -0.3937 -0.7056 0.5892
vn -0.2016 -0.9318 0.3017
vn 0.4044 -0.6857 -0.6052
vn 0.5556 -0.0000 -0.8315
vn -0.2616 0.7299 0.6315
vn -0.3827 -0.0000 0.9239
vn -0.3827 0.0000 0.9239
vn -0.3523 -0.3903 0.8506
vn -0.2712 -0.7056 0.6547
vn -0.1389 -0.9318 0.3352
vn 0.2786 -0.6857 -0.6725
vn 0.3827 -0.0000 -0.9239
vn -0.1334 0.7298 0.6705
vn -0.1951 -0.0000 0.9808
vn -0.1951 0.0000 0.9808
vn -0.1796 -0.3904 0.9030
vn -0.1382 -0.7056 0.6950
vn -0.0708 -0.9318 0.3559
vn 0.1420 -0.6857 -0.7139
vn 0.1951 -0.0000 -0.9808
vn -0.0000 0.7298 0.6836
vn -0.0000 0.0000 1.0000
vn -0.0000 -0.3904 0.9207
vn -0.0000 -0.7056 0.7086
vn 0.0000 -0.7056 0.7086
vn 0.0000 -0.9318 0.3629
vn -0.0000 -0.6857 -0.7279
vn -0.0000 -0.0000 -1.0000
vn 0.1334 0.7298 0.6705
vn 0.1951 -0.0000 0.9808
vn 0.1796 -0.3903 0.9030
vn 0.1382 -0.7056 0.6950
vn 0.0708 -0.9318 0.3559
vn -0.1420 -0.6857 -0.7139
vn -0.1951 0.0000 -0.9808
vn 0.2616 0.7299 0.6315
vn 0.3827 -0.0000 0.9239
vn 0.3523 -0.3904 0.8506
vn 0.2712 -0.7056 0.6547
vn 0.1389 -0.9318 0.3352
vn -0.0000 -1.0000 -0.0000
vn -0.2785 -0.6857 -0.6724
vn -0.3827 0.0000 -0.9239
vn 0.3798 0.7298 0.5684
vn 0.5556 -0.0000 0.8315
vn 0.5115 -0.3904 0.7655
vn 0.3937 -0.7056 0.5892
vn 0.2016 -0.9318 0.3017
vn -0.4044 -0.6857 -0.6052
vn -0.5556 -0.0000 -0.8315
vn 0.4834 0.7298 0.4834
vn 0.7071 -0.0000 0.7071
vn 0.7071 0.0000 0.7071
vn 0.6510 -0.3904 0.6510
vn 0.5011 -0.7056 0.5011
vn 0.2566 -0.9318 0.2566
vn -0.5147 -0.6857 -0.5147
vn -0.7071 -0.0000 -0.7071
vn 0.5684 0.7298 0.3798
vn 0.8315 0.0000 0.5556
vn 0.8315 -0.0000 0.5556
vn 0.7655 -0.3904 0.5115
vn 0.5892 -0.7056 0.3937
vn 0.3017 -0.9318 0.2016
vn -0.6053 -0.6857 -0.4044
vn -0.8315 -0.0000 -0.5556
vn 0.6316 0.7298 0.2616
vn 0.9239 0.0000 0.3827
vn 0.8506 -0.3904 0.3523
vn 0.6547 -0.7056 0.2712
vn 0.3352 -0.9318 0.1389
vn -0.6724 -0.6857 -0.2785
vn -0.9239 -0.0000 -0.3827
vn 0.6705 0.7298 0.1334
vn 0.9808 0.0000 0.1951
vn 0.9030 -0.3904 0.1796
vn 0.6950 -0.7056 0.1382
vn 0.3559 -0.9318 0.0708
vn -0.7139 -0.6857 -0.1420
vn -0.9808 -0.0000 -0.1951
vn 0.6836 0.7298 0.0000
vn 1.0000 0.0000 -0.0000
vn 0.9207 -0.3904 0.0000
vn 0.7086 -0.7056 -0.0000
vn 0.3629 -0.9318 -0.0000
vn -0.7279 -0.6857 0.0000
vn -1.0000 -0.0000 0.0000
vn 0.6705 0.7298 -0.1334
vn 0.9030 -0.3904 -0.1796
vn 0.6950 -0.7056 -0.1382
vn 0.3559 -0.9318 -0.0708
vn -0.7139 -0.6857 0.1420
vn 0.6316 0.7298 -0.2616
vn 0.9239 -0.0000 -0.3827
vn 0.8506 -0.3904 -0.3523
vn 0.6547 -0.7056 -0.2712
vn 0.3352 -0.9318 -0.1389
vn -0.6725 -0.6857 0.2786
vn -0.9239 0.0000 0.3827
vn 0.5684 0.7298 -0.3798
vn 0.8315 -0.0000 -0.5556
vn 0.7655 -0.3904 -0.5115
vn 0.5892 -0.7056 -0.3937
vn 0.3017 -0.9318 -0.2016
vn -0.6052 -0.6857 0.4044
vn -0.8315 0.0000 0.5556
vn 0.4834 0.7298 -0.4834
vn 0.7071 0.0000 -0.7071
vn 0.6510 -0.3904 -0.6510
vn 0.5011 -0.7056 -0.5011
vn 0.2566 -0.9318 -0.2566
vn -0.5147 -0.6857 0.5147
vn 0.3798 0.7298 -0.5684
vn 0.5556 0.0000 -0.8315
vn 0.5115 -0.3904 -0.7655
vn 0.3937 -0.7056 -0.5892
vn 0.2016 -0.9318 -0.3017
vn -0.4044 -0.6857 0.6052
vn 0.2616 0.7298 -0.6316
vn 0.3827 0.0000 -0.9239
vn 0.3523 -0.3904 -0.8506
vn 0.2712 -0.7056 -0.6547
vn 0.1389 -0.9318 -0.3352
vn -0.2786 -0.6857 0.6725
vn 0.1334 0.7298 -0.6705
vn 0.1951 0.0000 -0.9808
vn 0.1796 -0.3903 -0.9030
vn 0.1382 -0.7056 -0.6950
vn 0.0708 -0.9318 -0.3559
vn -0.1420 -0.6857 0.7139
vn 0.0000 0.7298 -0.6836
vn 0.0000 -0.0000 -1.0000
vn -0.0000 -0.3904 -0.9207
vn 0.0000 -0.7056 -0.7086
vn -0.0000 -0.7056 -0.7086
vn -0.0000 -0.9318 -0.3629
vn 0.0000 -0.6857 0.7279
vn 0.0000 -0.0000 1.0000
vn -0.1334 0.7299 -0.6704
vn -0.1951 -0.0000 -0.9808
vn -0.1796 -0.3903 -0.9030
vn -0.1382 -0.7056 -0.6950
vn -0.0708 -0.9318 -0.3559
vn 0.1420 -0.6857 0.7139
vn -0.2616 0.7298 -0.6316
vn -0.3827 -0.0000 -0.9239
vn -0.3523 -0.3904 -0.8506
vn -0.2712 -0.7056 -0.6547
vn -0.1389 -0.9318 -0.3352
vn 0.2785 -0.6857 0.6724
vn 0.3827 0.0000 0.9239
vn -0.3798 0.7298 -0.5684
vn -0.5556 0.0000 -0.8315
vn -0.5115 -0.3904 -0.7655
vn -0.3937 -0.7056 -0.5892
vn -0.2016 -0.9318 -0.3017
vn 0.4044 -0.6857 0.6052
vn -0.4834 0.7298 -0.4834
vn -0.7071 0.0000 -0.7071
vn -0.6510 -0.3904 -0.6510
vn -0.5011 -0.7056 -0.5011
vn -0.2566 -0.9318 -0.2566
vn 0.5147 -0.6857 0.5147
vn -0.5684 0.7298 -0.3798
vn -0.8315 0.0000 -0.5556
vn -0.7655 -0.3904 -0.5115
vn -0.5892 -0.7056 -0.3937
vn -0.3017 -0.9318 -0.2016
vn 0.6052 -0.6857 0.4044
vn -0.6315 0.7299 -0.2616
vn -0.9239 0.0000 -0.3827
vn -0.8506 -0.3903 -0.3523
vn -0.6547 -0.7056 -0.2712
vn -0.3352 -0.9318 -0.1389
vn 0.6725 -0.6857 0.2786
vn 0.9239 -0.0000 0.3827
vn -0.6705 0.7298 -0.1334
vn -0.9808 0.0000 -0.1951
vn -0.9030 -0.3904 -0.1796
vn -0.6950 -0.7056 -0.1382
vn -0.3559 -0.9318 -0.0708
vn 0.7139 -0.6857 0.1420
vn 0.9808 -0.0000 0.1951
vn -0.0000 -0.0000 1.0000
vn 0.0000 0.0000 -1.0000
vn 0.9808 0.0000 -0.1951
vn 0.7279 0.6857 0.0000
vn 0.7139 0.6857 -0.1420
vn 0.6724 0.6858 -0.2785
vn -0.6316 0.7298 0.2616
vn 0.6052 0.6857 -0.4044
vn 0.5147 0.6857 -0.5147
vn 0.4044 0.6857 -0.6052
vn 0.2786 0.6857 -0.6725
vn -0.2616 0.7298 0.6316
vn 0.1420 0.6857 -0.7139
vn 0.0000 0.6857 -0.7279
vn -0.0000 0.7299 0.6836
vn -0.1420 0.6857 -0.7139
vn 0.1334 0.7299 0.6704
vn -0.2786 0.6857 -0.6725
vn -0.4044 0.6857 -0.6052
vn 0.3798 0.7299 0.5684
vn -0.5147 0.6857 -0.5147
vn -0.6052 0.6857 -0.4044
vn -0.6725 0.6857 -0.2786
vn -0.7139 0.6857 -0.1420
vn -0.7279 0.6857 -0.0000
vn 0.6836 0.7298 -0.0000
vn -0.7139 0.6857 0.1420
vn 0.6704 0.7299 -0.1333
vn -0.6724 0.6857 0.2785
vn 0.6315 0.7299 -0.2616
vn -0.6052 0.6857 0.4044
vn 0.5684 0.7299 -0.3798
vn -0.5147 0.6857 0.5147
vn -0.4044 0.6857 0.6052
vn -0.2786 0.6857 0.6725
vn -0.1420 0.6857 0.7139
vn -0.0000 0.6857 0.7279
vn -0.0000 0.7298 -0.6836
vn 0.1420 0.6857 0.7139
vn -0.1333 0.7299 -0.6704
vn 0.2785 0.6858 0.6724
vn -0.2616 0.7299 -0.6315
vn 0.4044 0.6857 0.6052
vn 0.5147 0.6857 0.5147
vn 0.6052 0.6857 0.4044
vn 0.6724 0.6857 0.2785
vn 0.7138 0.6858 0.1420
vn -0.6704 0.7299 -0.1334
vn -0.7279 0.6857 0.0000
vn -0.6725 0.6857 0.2786
vn 0.2785 0.6857 0.6724
vn 0.4044 0.6857 0.6053
vn 0.6725 0.6857 0.2786
vn 0.7139 0.6857 0.1420
vn 0.7278 0.6857 0.0000
vn 0.6724 0.6857 -0.2785
vn 0.6053 0.6857 -0.4044
vn 0.0000 0.6857 -0.7278
vn -0.2785 0.6857 -0.6724
# 289 vertex normals

vt 0.0103 0.0000 0.0000
vt 0.0103 0.0313 0.0000
vt 0.0535 0.0313 0.0000
vt 0.0535 0.0000 0.0000
vt 0.2684 0.0000 0.0000
vt 0.2684 0.0313 0.0000
vt 0.2828 0.0313 0.0000
vt 0.2828 0.0000 0.0000
vt 0.2959 0.0313 0.0000
vt 0.2959 0.0000 0.0000
vt 0.3611 0.0313 0.0000
vt 0.3611 0.0000 0.0000
vt 0.3756 0.0313 0.0000
vt 0.3756 0.0000 0.0000
vt 0.3876 0.0313 0.0000
vt 0.3876 0.0000 0.0000
vt 0.6104 0.0313 0.0000
vt 0.6104 0.0000 0.0000
vt 0.6236 0.0313 0.0000
vt 0.6236 0.0000 0.0000
vt 0.6352 0.0313 0.0000
vt 0.6352 0.0000 0.0000
vt 0.7175 0.0313 0.0000
vt 0.7175 0.0000 0.0000
vt 0.7314 0.0313 0.0000
vt 0.7314 0.0000 0.0000
vt 0.7466 0.0313 0.0000
vt 0.7466 0.0000 0.0000
vt 0.0103 0.0625 0.0000
vt 0.0535 0.0625 0.0000
vt 0.2684 0.0625 0.0000
vt 0.2828 0.0625 0.0000
vt 0.2959 0.0625 0.0000
vt 0.3611 0.0625 0.0000
vt 0.3756 0.0625 0.0000
vt 0.3876 0.0625 0.0000
vt 0.6104 0.0625 0.0000
vt 0.6236 0.0625 0.0000
vt 0.6352 0.0625 0.0000
vt 0.7175 0.0625 0.0000
vt 0.7314 0.0625 0.0000
vt 0.7466 0.0625 0.0000
vt 0.0103 0.0938 0.0000
vt 0.0535 0.0938 0.0000
vt 0.2684 0.0938 0.0000
vt 0.2828 0.0938 0.0000
vt 0.2959 0.0938 0.0000
vt 0.3611 0.0938 0.0000
vt 0.3756 0.0938 0.0000
vt 0.3876 0.0938 0.0000
vt 0.6104 0.0938 0.0000
vt 0.6236 0.0938 0.0000
vt 0.6352 0.0938 0.0000
vt 0.7175 0.0938 0.0000
vt 0.7314 0.0938 0.0000
vt 0.7466 0.0938 0.0000
vt 0.0103 0.1250 0.0000
vt 0.0535 0.1250 0.0000
vt 0.2684 0.1250 0.0000
vt 0.2828 0.1250 0.0000
vt 0.2959 0.1250 0.0000
vt 0.3611 0.1250 0.0000
vt 0.3756 0.1250 0.0000
vt 0.3876 0.1250 0.0000
vt 0.6104 0.1250 0.0000
vt 0.6236 0.1250 0.0000
vt 0.6352 0.1250 0.0000
vt 0.7175 0.1250 0.0000
vt 0.7314 0.1250 0.0000
vt 0.7466 0.1250 0.0000
vt 0.0103 0.1563 0.0000
vt 0.0535 0.1563 0.0000
vt 0.2684 0.1563 0.0000
vt 0.2828 0.1563 0.0000
vt 0.2959 0.1563 0.0000
vt 0.3611 0.1563 0.0000
vt 0.3756 0.1563 0.0000
vt 0.3876 0.1563 0.0000
vt 0.6104 0.1563 0.0000
vt 0.6236 0.1563 0.0000
vt 0.6352 0.1563 0.0000
vt 0.7175 0.1563 0.0000
vt 0.7314 0.1563 0.0000
vt 0.7466 0.1563 0.0000
vt 0.0103 0.1875 0.0000
vt 0.0535 0.1875 0.0000
vt 0.2684 0.1875 0.0000
vt 0.2828 0.1875 0.0000
vt 0.2959 0.1875 0.0000
vt 0.3611 0.1875 0.0000
vt 0.3756 0.1875 0.0000
vt 0.3876 0.1875 0.0000
vt 0.6104 0.1875 0.0000
vt 0.6236 0.1875 0.0000
vt 0.6352 0.1875 0.0000
vt 0.7175 0.1875 0.0000
vt 0.7314 0.1875 0.0000
vt 0.7466 0.1875 0.0000
vt 0.0103 0.2188 0.0000
vt 0.0535 0.2188 0.0000
vt 0.2684 0.2188 0.0000
vt 0.2828 0.2188 0.0000
vt 0.2959 0.2188 0.0000
vt 0.3611 0.2188 0.0000
vt 0.3756 0.2188 0.0000
vt 0.3876 0.2188 0.0000
vt 0.6104 0.2188 0.0000
vt 0.6236 0.2188 0.0000
vt 0.6352 0.2188 0.0000
vt 0.7175 0.2188 0.0000
vt 0.7314 0.2188 0.0000
vt 0.7466 0.2188 0.0000
vt 0.0103 0.2500 0.0000
vt 0.0535 0.2500 0.0000
vt 0.2684 0.2500 0.0000
vt 0.2828 0.2500 0.0000
vt 0.2959 0.2500 0.0000
vt 0.3611 0.2500 0.0000
vt 0.3756 0.2500 0.0000
vt 0.3876 0.2500 0.0000
vt 0.6104 0.2500 0.0000
vt 0.6236 0.2500 0.0000
vt 0.6352 0.2500 0.0000
vt 0.7175 0.2500 0.0000
vt 0.7314 0.2500 0.0000
vt 0.7466 0.2500 0.0000
vt 0.0103 0.2813 0.0000
vt 0.0535 0.2813 0.0000
vt 0.2684 0.2813 0.0000
vt 0.2828 0.2813 0.0000
vt 0.2959 0.2813 0.0000
vt 0.3611 0.2813 0.0000
vt 0.3756 0.2813 0.0000
vt 0.3876 0.2813 0.0000
vt 0.6104 0.2813 0.0000
vt 0.6236 0.2813 0.0000
vt 0.6352 0.2813 0.0000
vt 0.7175 0.2813 0.0000
vt 0.7314 0.2813 0.0000
vt 0.7466 0.2813 0.0000
vt 0.0103 0.3125 0.0000
vt 0.0535 0.3125 0.0000
vt 0.2684 0.3125 0.0000
vt 0.2828 0.3125 0.0000
vt 0.2959 0.3125 0.0000
vt 0.3611 0.3125 0.0000
vt 0.3756 0.3125 0.0000
vt 0.3876 0.3125 0.0000
vt 0.6104 0.3125 0.0000
vt 0.6236 0.3125 0.0000
vt 0.6352 0.3125 0.0000
vt 0.7175 0.3125 0.0000
vt 0.7314 0.3125 0.0000
vt 0.7466 0.3125 0.0000
vt 0.0103 0.3438 0.0000
vt 0.0535 0.3438 0.0000
vt 0.2684 0.3438 0.0000
vt 0.2828 0.3438 0.0000
vt 0.2959 0.3438 0.0000
vt 0.3611 0.3438 0.0000
vt 0.3756 0.3438 0.0000
vt 0.3876 0.3438 0.0000
vt 0.6104 0.3438 0.0000
vt 0.6236 0.3438 0.0000
vt 0.6352 0.3438 0.0000
vt 0.7175 0.3438 0.0000
vt 0.7314 0.3438 0.0000
vt 0.7466 0.3438 0.0000
vt 0.0103 0.3750 0.0000
vt 0.0535 0.3750 0.0000
vt 0.2684 0.3750 0.0000
vt 0.2828 0.3750 0.0000
vt 0.2959 0.3750 0.0000
vt 0.3611 0.3750 0.0000
vt 0.3756 0.3750 0.0000
vt 0.3876 0.3750 0.0000
vt 0.6104 0.3750 0.0000
vt 0.6236 0.3750 0.0000
vt 0.6352 0.3750 0.0000
vt 0.7175 0.3750 0.0000
vt 0.7314 0.3750 0.0000
vt 0.7466 0.3750 0.0000
vt 0.0103 0.4063 0.0000
vt 0.0535 0.4063 0.0000
vt 0.2684 0.4063 0.0000
vt 0.2828 0.4063 0.0000
vt 0.2959 0.4063 0.0000
vt 0.3611 0.4063 0.0000
vt 0.3756 0.4063 0.0000
vt 0.3876 0.4063 0.0000
vt 0.6104 0.4063 0.0000
vt 0.6236 0.4063 0.0000
vt 0.6352 0.4063 0.0000
vt 0.7175 0.4063 0.0000
vt 0.7314 0.4063 0.0000
vt 0.7466 0.4063 0.0000
vt 0.0103 0.4375 0.0000
vt 0.0535 0.4375 0.0000
vt 0.2684 0.4375 0.0000
vt 0.2828 0.4375 0.0000
vt 0.2959 0.4375 0.0000
vt 0.3611 0.4375 0.0000
vt 0.3756 0.4375 0.0000
vt 0.3876 0.4375 0.0000
vt 0.6104 0.4375 0.0000
vt 0.6236 0.4375 0.0000
vt 0.6352 0.4375 0.0000
vt 0.7175 0.4375 0.0000
vt 0.7314 0.4375 0.0000
vt 0.7466 0.4375 0.0000
vt 0.0103 0.4688 0.0000
vt 0.0535 0.4688 0.0000
vt 0.2684 0.4688 0.0000
vt 0.2828 0.4688 0.0000
vt 0.2959 0.4688 0.0000
vt 0.3611 0.4688 0.0000
vt 0.3756 0.4688 0.0000
vt 0.3876 0.4688 0.0000
vt 0.6104 0.4688 0.0000
vt 0.6236 0.4688 0.0000
vt 0.6352 0.4688 0.0000
vt 0.7175 0.4688 0.0000
vt 0.7314 0.4688 0.0000
vt 0.7466 0.4688 0.0000
vt 0.0103 0.5000 0.0000
vt 0.0535 0.5000 0.0000
vt 0.2684 0.5000 0.0000
vt 0.2828 0.5000 0.0000
vt 0.2959 0.5000 0.0000
vt 0.3611 0.5000 0.0000
vt 0.3756 0.5000 0.0000
vt 0.3876 0.5000 0.0000
vt 0.6104 0.5000 0.0000
vt 0.6236 0.5000 0.0000
vt 0.6352 0.5000 0.0000
vt 0.7175 0.5000 0.0000
vt 0.7314 0.5000 0.0000
vt 0.7466 0.5000 0.0000
vt 0.0103 0.5313 0.0000
vt 0.0535 0.5313 0.0000
vt 0.2684 0.5313 0.0000
vt 0.2828 0.5313 0.0000
vt 0.2959 0.5313 0.0000
vt 0.3611 0.5313 0.0000
vt 0.3756 0.5313 0.0000
vt 0.3876 0.5313 0.0000
vt 0.6104 0.5313 0.0000
vt 0.6236 0.5313 0.0000
vt 0.6352 0.5313 0.0000
vt 0.7175 0.5313 0.0000
vt 0.7314 0.5313 0.0000
vt 0.7466 0.5313 0.0000
vt 0.0103 0.5625 0.0000
vt 0.0535 0.5625 0.0000
vt 0.2684 0.5625 0.0000
vt 0.2828 0.5625 0.0000
vt 0.2959 0.5625 0.0000
vt 0.3611 0.5625 0.0000
vt 0.3756 0.5625 0.0000
vt 0.3876 0.5625 0.0000
vt 0.6104 0.5625 0.0000
vt 0.6236 0.5625 0.0000
vt 0.6352 0.5625 0.0000
vt 0.7175 0.5625 0.0000
vt 0.7314 0.5625 0.0000
vt 0.7466 0.5625 0.0000
vt 0.0103 0.5938 0.0000
vt 0.0535 0.5938 0.0000
vt 0.2684 0.5938 0.0000
vt 0.2828 0.5938 0.0000
vt 0.2959 0.5938 0.0000
vt 0.3611 0.5938 0.0000
vt 0.3756 0.5938 0.0000
vt 0.3876 0.5938 0.0000
vt 0.6104 0.5938 0.0000
vt 0.6236 0.5938 0.0000
vt 0.6352 0.5938 0.0000
vt 0.7175 0.5938 0.0000
vt 0.7314 0.5938 0.0000
vt 0.7466 0.5938 0.0000
vt 0.0103 0.6250 0.0000
vt 0.0535 0.6250 0.0000
vt 0.2684 0.6250 0.0000
vt 0.2828 0.6250 0.0000
vt 0.2959 0.6250 0.0000
vt 0.3611 0.6250 0.0000
vt 0.3756 0.6250 0.0000
vt 0.3876 0.6250 0.0000
vt 0.6104 0.6250 0.0000
vt 0.6236 0.6250 0.0000
vt 0.6352 0.6250 0.0000
vt 0.7175 0.6250 0.0000
vt 0.7314 0.6250 0.0000
vt 0.7466 0.6250 0.0000
vt 0.0103 0.6563 0.0000
vt 0.0535 0.6563 0.0000
vt 0.2684 0.6563 0.0000
vt 0.2828 0.6563 0.0000
vt 0.2959 0.6563 0.0000
vt 0.3611 0.6563 0.0000
vt 0.3756 0.6563 0.0000
vt 0.3876 0.6563 0.0000
vt 0.6104 0.6563 0.0000
vt 0.6236 0.6563 0.0000
vt 0.6352 0.6563 0.0000
vt 0.7175 0.6563 0.0000
vt 0.7314 0.6563 0.0000
vt 0.7466 0.6563 0.0000
vt 0.0103 0.6875 0.0000
vt 0.0535 0.6875 0.0000
vt 0.2684 0.6875 0.0000
vt 0.2828 0.6875 0.0000
vt 0.2959 0.6875 0.0000
vt 0.3611 0.6875 0.0000
vt 0.3756 0.6875 0.0000
vt 0.3876 0.6875 0.0000
vt 0.6104 0.6875 0.0000
vt 0.6236 0.6875 0.0000
vt 0.6352 0.6875 0.0000
vt 0.7175 0.6875 0.0000
vt 0.7314 0.6875 0.0000
vt 0.7466 0.6875 0.0000
vt 0.0103 0.7188 0.0000
vt 0.0535 0.7188 0.0000
vt 0.2684 0.7188 0.0000
vt 0.2828 0.7188 0.0000
vt 0.2959 0.7188 0.0000
vt 0.3611 0.7188 0.0000
vt 0.3756 0.7188 0.0000
vt 0.3876 0.7188 0.0000
vt 0.6104 0.7188 0.0000
vt 0.6236 0.7188 0.0000
vt 0.6352 0.7188 0.0000
vt 0.7175 0.7188 0.0000
vt 0.7314 0.7188 0.0000
vt 0.7466 0.7188 0.0000
vt 0.0103 0.7500 0.0000
vt 0.0535 0.7500 0.0000
vt 0.2684 0.7500 0.0000
vt 0.2828 0.7500 0.0000
vt 0.2959 0.7500 0.0000
vt 0.3611 0.7500 0.0000
vt 0.3756 0.7500 0.0000
vt 0.3876 0.7500 0.0000
vt 0.6104 0.7500 0.0000
vt 0.6236 0.7500 0.0000
vt 0.6352 0.7500 0.0000
vt 0.7175 0.7500 0.0000
vt 0.7314 0.7500 0.0000
vt 0.7466 0.7500 0.0000
vt 0.0103 0.7813 0.0000
vt 0.0535 0.7813 0.0000
vt 0.2684 0.7813 0.0000
vt 0.2828 0.7813 0.0000
vt 0.2959 0.7813 0.0000
vt 0.3611 0.7813 0.0000
vt 0.3756 0.7813 0.0000
vt 0.3876 0.7813 0.0000
vt 0.6104 0.7813 0.0000
vt 0.6236 0.7813 0.0000
vt 0.6352 0.7813 0.0000
vt 0.7175 0.7813 0.0000
vt 0.7314 0.7813 0.0000
vt 0.7466 0.7813 0.0000
vt 0.0103 0.8125 0.0000
vt 0.0535 0.8125 0.0000
vt 0.2684 0.8125 0.0000
vt 0.2828 0.8125 0.0000
vt 0.2959 0.8125 0.0000
vt 0.3611 0.8125 0.0000
vt 0.3756 0.8125 0.0000
vt 0.3876 0.8125 0.0000
vt 0.6104 0.8125 0.0000
vt 0.6236 0.8125 0.0000
vt 0.6352 0.8125 0.0000
vt 0.7175 0.8125 0.0000
vt 0.7314 0.8125 0.0000
vt 0.7466 0.8125 0.0000
vt 0.0103 0.8438 0.0000
vt 0.0535 0.8438 0.0000
vt 0.2684 0.8438 0.0000
vt 0.2828 0.8438 0.0000
vt 0.2959 0.8438 0.0000
vt 0.3611 0.8438 0.0000
vt 0.3756 0.8438 0.0000
vt 0.3876 0.8438 0.0000
vt 0.6104 0.8438 0.0000
vt 0.6236 0.8438 0.0000
vt 0.6352 0.8438 0.0000
vt 0.7175 0.8438 0.0000
vt 0.7314 0.8438 0.0000
vt 0.7466 0.8438 0.0000
vt 0.0103 0.8750 0.0000
vt 0.0535 0.8750 0.0000
vt 0.2684 0.8750 0.0000
vt 0.2828 0.8750 0.0000
vt 0.2959 0.8750 0.0000
vt 0.3611 0.8750 0.0000
vt 0.3756 0.8750 0.0000
vt 0.3876 0.8750 0.0000
vt 0.6104 0.8750 0.0000
vt 0.6236 0.8750 0.0000
vt 0.6352 0.8750 0.0000
vt 0.7175 0.8750 0.0000
vt 0.7314 0.8750 0.0000
vt 0.7466 0.8750 0.0000
vt 0.0103 0.9063 0.0000
vt 0.0535 0.9063 0.0000
vt 0.2684 0.9063 0.0000
vt 0.2828 0.9063 0.0000
vt 0.2959 0.9063 0.0000
vt 0.3611 0.9063 0.0000
vt 0.3756 0.9063 0.0000
vt 0.3876 0.9063 0.0000
vt 0.6104 0.9063 0.0000
vt 0.6236 0.9063 0.0000
vt 0.6352 0.9063 0.0000
vt 0.7175 0.9063 0.0000
vt 0.7314 0.9063 0.0000
vt 0.7466 0.9063 0.0000
vt 0.0103 0.9375 0.0000
vt 0.0535 0.9375 0.0000
vt 0.2684 0.9375 0.0000
vt 0.2828 0.9375 0.0000
vt 0.2959 0.9375 0.0000
vt 0.3611 0.9375 0.0000
vt 0.3756 0.9375 0.0000
vt 0.3876 0.9375 0.0000
vt 0.6104 0.9375 0.0000
vt 0.6236 0.9375 0.0000
vt 0.6352 0.9375 0.0000
vt 0.7175 0.9375 0.0000
vt 0.7314 0.9375 0.0000
vt 0.7466 0.9375 0.0000
vt 0.0103 0.9688 0.0000
vt 0.0535 0.9688 0.0000
vt 0.2684 0.9688 0.0000
vt 0.2828 0.9688 0.0000
vt 0.2959 0.9688 0.0000
vt 0.3611 0.9688 0.0000
vt 0.3756 0.9688 0.0000
vt 0.3876 0.9688 0.0000
vt 0.6104 0.9688 0.0000
vt 0.6236 0.9688 0.0000
vt 0.6352 0.9688 0.0000
vt 0.7175 0.9688 0.0000
vt 0.7314 0.9688 0.0000
vt 0.7466 0.9688 0.0000
vt 0.0103 1.0000 0.0000
vt 0.0535 1.0000 0.0000
vt 0.2684 1.0000 0.0000
vt 0.2828 1.0000 0.0000
vt 0.2959 1.0000 0.0000
vt 0.3611 1.0000 0.0000
vt 0.3756 1.0000 0.0000
vt 0.3876 1.0000 0.0000
vt 0.6104 1.0000 0.0000
vt 0.6236 1.0000 0.0000
vt 0.6352 1.0000 0.0000
vt 0.7175 1.0000 0.0000
vt 0.7314 1.0000 0.0000
vt 0.7466 1.0000 0.0000
vt 0.0740 0.0313 0.0000
vt 0.0740 0.0000 0.0000
vt 0.0740 0.0625 0.0000
vt 0.0740 0.0938 0.0000
vt 0.0740 0.1250 0.0000
vt 0.0740 0.1563 0.0000
vt 0.0740 0.1875 0.0000
vt 0.0740 0.2188 0.0000
vt 0.0740 0.2500 0.0000
vt 0.0740 0.2813 0.0000
vt 0.0740 0.3125 0.0000
vt 0.0740 0.3438 0.0000
vt 0.0740 0.3750 0.0000
vt 0.0740 0.4063 0.0000
vt 0.0740 0.4375 0.0000
vt 0.0740 0.4688 0.0000
vt 0.0740 0.5000 0.0000
vt 0.0740 0.5313 0.0000
vt 0.0740 0.5625 0.0000
vt 0.0740 0.5938 0.0000
vt 0.0740 0.6250 0.0000
vt 0.0740 0.6563 0.0000
vt 0.0740 0.6875 0.0000
vt 0.0740 0.7188 0.0000
vt 0.0740 0.7500 0.0000
vt 0.0740 0.7813 0.0000
vt 0.0740 0.8125 0.0000
vt 0.0740 0.8438 0.0000
vt 0.0740 0.8750 0.0000
vt 0.0740 0.9063 0.0000
vt 0.0740 0.9375 0.0000
vt 0.0740 0.9688 0.0000
vt 0.0740 1.0000 0.0000
vt 0.0000 0.0000 0.0000
vt 0.0000 0.0313 0.0000
vt 0.0000 0.0625 0.0000
vt 0.0000 0.0938 0.0000
vt 0.0000 0.1250 0.0000
vt 0.0000 0.1563 0.0000
vt 0.0000 0.1875 0.0000
vt 0.0000 0.2188 0.0000
vt 0.0000 0.2500 0.0000
vt 0.0000 0.2813 0.0000
vt 0.0000 0.3125 0.0000
vt 0.0000 0.3438 0.0000
vt 0.0000 0.3750 0.0000
vt 0.0000 0.4063 0.0000
vt 0.0000 0.4375 0.0000
vt 0.0000 0.4688 0.0000
vt 0.0000 0.5000 0.0000
vt 0.0000 0.5313 0.0000
vt 0.0000 0.5625 0.0000
vt 0.0000 0.5938 0.0000
vt 0.0000 0.6250 0.0000
vt 0.0000 0.6563 0.0000
vt 0.0000 0.6875 0.0000
vt 0.0000 0.7188 0.0000
vt 0.0000 0.7500 0.0000
vt 0.0000 0.7813 0.0000
vt 0.0000 0.8125 0.0000
vt 0.0000 0.8438 0.0000
vt 0.0000 0.8750 0.0000
vt 0.0000 0.9063 0.0000
vt 0.0000 0.9375 0.0000
vt 0.0000 0.9688 0.0000
vt 0.0000 1.0000 0.0000
vt 0.0638 0.0313 0.0000
vt 0.0638 0.0000 0.0000
vt 0.0638 1.0000 0.0000
vt 0.0638 0.9688 0.0000
vt 0.0638 0.9375 0.0000
vt 0.0638 0.9063 0.0000
vt 0.0638 0.8750 0.0000
vt 0.0638 0.8438 0.0000
vt 0.0638 0.8125 0.0000
vt 0.0638 0.7813 0.0000
vt 0.0638 0.7500 0.0000
vt 0.0638 0.7188 0.0000
vt 0.0638 0.6875 0.0000
vt 0.0638 0.6563 0.0000
vt 0.0638 0.6250 0.0000
vt 0.0638 0.5938 0.0000
vt 0.0638 0.5625 0.0000
vt 0.0638 0.5313 0.0000
vt 0.0638 0.5000 0.0000
vt 0.0638 0.4688 0.0000
vt 0.0638 0.4375 0.0000
vt 0.0638 0.4063 0.0000
vt 0.0638 0.3750 0.0000
vt 0.0638 0.3438 0.0000
vt 0.0638 0.3125 0.0000
vt 0.0638 0.2813 0.0000
vt 0.0638 0.2500 0.0000
vt 0.0638 0.2188 0.0000
vt 0.0638 0.1875 0.0000
vt 0.0638 0.1563 0.0000
vt 0.0638 0.1250 0.0000
vt 0.0638 0.0938 0.0000
vt 0.0638 0.0625 0.0000
# 561 texture coords

o Rectangle043
g Rectangle043
usemtl wire_177028149
s 1
f 673/789/284 674/790/285 675/791/285 676/792/284 
f 677/793/286 678/794/284 679/795/287 680/796/288 
f 680/796/288 679/795/287 681/797/289 682/798/290 
f 682/798/290 681/797/289 683/799/289 684/800/290 
f 684/800/290 683/799/289 685/801/291 686/802/292 
f 686/802/292 685/801/291 687/803/293 688/804/294 
f 688/804/294 687/803/293 689/805/293 690/806/295 
f 690/806/295 689/805/293 691/807/296 692/808/297 
f 692/808/297 691/807/296 693/809/298 694/810/299 
f 694/810/299 693/809/298 695/811/300 696/812/299 
f 696/812/299 695/811/300 697/813/301 698/814/302 
f 698/814/302 697/813/301 699/815/303 700/816/304 
f 674/790/285 701/817/286 702/818/286 675/791/285 
f 678/794/284 703/819/305 704/820/306 679/795/287 
f 679/795/287 704/820/306 705/821/307 681/797/289 
f 681/797/289 705/821/307 706/822/307 683/799/289 
f 683/799/289 706/822/307 707/823/308 685/801/291 
f 685/801/291 707/823/308 708/824/309 687/803/293 
f 687/803/293 708/824/309 709/825/309 689/805/293 
f 689/805/293 709/825/309 710/826/310 691/807/296 
f 691/807/296 710/826/310 711/827/300 693/809/298 
f 693/809/298 711/827/300 712/828/300 695/811/300 
f 695/811/300 712/828/300 713/829/311 697/813/301 
f 697/813/301 713/829/311 714/830/312 699/815/303 
f 701/817/286 715/831/286 716/832/286 702/818/286 
f 703/819/305 717/833/284 718/834/313 704/820/306 
f 704/820/306 718/834/313 719/835/314 705/821/307 
f 705/821/307 719/835/314 720/836/314 706/822/307 
f 706/822/307 720/836/314 721/837/315 707/823/308 
f 707/823/308 721/837/315 722/838/316 708/824/309 
f 708/824/309 722/838/316 723/839/316 709/825/309 
f 709/825/309 723/839/316 724/840/317 710/826/310 
f 710/826/310 724/840/317 725/841/298 711/827/300 
f 711/827/300 725/841/298 726/842/300 712/828/300 
f 712/828/300 726/842/300 727/843/318 713/829/311 
f 713/829/311 727/843/318 728/844/319 714/830/312 
f 715/831/286 729/845/305 730/846/305 716/832/286 
f 717/833/284 731/847/305 732/848/320 718/834/313 
f 718/834/313 732/848/320 733/849/321 719/835/314 
f 719/835/314 733/849/321 734/850/321 720/836/314 
f 720/836/314 734/850/321 735/851/322 721/837/315 
f 721/837/315 735/851/322 736/852/323 722/838/316 
f 722/838/316 736/852/323 737/853/323 723/839/316 
f 723/839/316 737/853/323 738/854/324 724/840/317 
f 724/840/317 738/854/324 739/855/298 725/841/298 
f 725/841/298 739/855/298 740/856/298 726/842/300 
f 726/842/300 740/856/298 741/857/325 727/843/318 
f 727/843/318 741/857/325 742/858/326 728/844/319 
f 729/845/305 743/859/305 744/860/305 730/846/305 
f 731/847/305 745/861/305 746/862/327 732/848/320 
f 732/848/320 746/862/327 747/863/328 733/849/321 
f 733/849/321 747/863/328 748/864/329 734/850/321 
f 734/850/321 748/864/329 749/865/330 735/851/322 
f 735/851/322 749/865/330 750/866/331 736/852/323 
f 736/852/323 750/866/331 751/867/331 737/853/323 
f 737/853/323 751/867/331 752/868/332 738/854/324 
f 738/854/324 752/868/332 753/869/300 739/855/298 
f 739/855/298 753/869/300 754/870/300 740/856/298 
f 740/856/298 754/870/300 755/871/333 741/857/325 
f 741/857/325 755/871/333 756/872/334 742/858/326 
f 743/859/305 757/873/286 758/874/286 744/860/305 
f 745/861/305 759/875/284 760/876/335 746/862/327 
f 746/862/327 760/876/335 761/877/336 747/863/328 
f 747/863/328 761/877/336 762/878/337 748/864/329 
f 748/864/329 762/878/337 763/879/338 749/865/330 
f 749/865/330 763/879/338 764/880/339 750/866/331 
f 750/866/331 764/880/339 765/881/339 751/867/331 
f 751/867/331 765/881/339 766/882/340 752/868/332 
f 752/868/332 766/882/340 767/883/300 753/869/300 
f 753/869/300 767/883/300 768/884/300 754/870/300 
f 754/870/300 768/884/300 769/885/341 755/871/333 
f 755/871/333 769/885/341 770/886/342 756/872/334 
f 757/873/286 771/887/286 772/888/286 758/874/286 
f 759/875/284 773/889/286 774/890/343 760/876/335 
f 760/876/335 774/890/343 775/891/344 761/877/336 
f 761/877/336 775/891/344 776/892/345 762/878/337 
f 762/878/337 776/892/345 777/893/346 763/879/338 
f 763/879/338 777/893/346 778/894/347 764/880/339 
f 764/880/339 778/894/347 779/895/347 765/881/339 
f 765/881/339 779/895/347 780/896/348 766/882/340 
f 766/882/340 780/896/348 781/897/298 767/883/300 
f 767/883/300 781/897/298 782/898/298 768/884/300 
f 768/884/300 782/898/298 783/899/349 769/885/341 
f 769/885/341 783/899/349 784/900/350 770/886/342 
f 771/887/286 785/901/286 786/902/286 772/888/286 
f 773/889/286 787/903/286 788/904/351 774/890/343 
f 774/890/343 788/904/351 789/905/352 775/891/344 
f 775/891/344 789/905/352 790/906/352 776/892/345 
f 776/892/345 790/906/352 791/907/353 777/893/346 
f 777/893/346 791/907/353 792/908/354 778/894/347 
f 778/894/347 792/908/354 793/909/355 779/895/347 
f 779/895/347 793/909/355 794/910/356 780/896/348 
f 780/896/348 794/910/356 795/911/300 781/897/298 
f 781/897/298 795/911/300 796/912/300 782/898/298 
f 782/898/298 796/912/300 797/913/357 783/899/349 
f 783/899/349 797/913/357 798/914/358 784/900/350 
f 785/901/286 799/915/286 800/916/286 786/902/286 
f 787/903/286 801/917/305 802/918/359 788/904/351 
f 788/904/351 802/918/359 803/919/360 789/905/352 
f 789/905/352 803/919/360 804/920/360 790/906/352 
f 790/906/352 804/920/360 805/921/361 791/907/353 
f 791/907/353 805/921/361 806/922/362 792/908/354 
f 792/908/354 806/922/362 807/923/362 793/909/355 
f 793/909/355 807/923/362 808/924/363 794/910/356 
f 794/910/356 808/924/363 809/925/299 795/911/300 
f 795/911/300 809/925/299 810/926/299 796/912/300 
f 796/912/300 810/926/299 811/927/364 797/913/357 
f 797/913/357 811/927/364 812/928/365 798/914/358 
f 799/915/286 813/929/286 814/930/286 800/916/286 
f 801/917/305 815/931/285 816/932/366 802/918/359 
f 802/918/359 816/932/366 817/933/367 803/919/360 
f 803/919/360 817/933/367 818/934/367 804/920/360 
f 804/920/360 818/934/367 819/935/368 805/921/361 
f 805/921/361 819/935/368 820/936/369 806/922/362 
f 806/922/362 820/936/369 821/937/369 807/923/362 
f 807/923/362 821/937/369 822/938/370 808/924/363 
f 808/924/363 822/938/370 823/939/371 809/925/299 
f 809/925/299 823/939/371 824/940/371 810/926/299 
f 810/926/299 824/940/371 825/941/372 811/927/364 
f 811/927/364 825/941/372 826/942/373 812/928/365 
f 813/929/286 827/943/286 828/944/286 814/930/286 
f 815/931/285 829/945/286 830/946/374 816/932/366 
f 816/932/366 830/946/374 831/947/375 817/933/367 
f 817/933/367 831/947/375 832/948/375 818/934/367 
f 818/934/367 832/948/375 833/949/376 819/935/368 
f 819/935/368 833/949/376 834/950/377 820/936/369 
f 820/936/369 834/950/377 835/951/377 821/937/369 
f 821/937/369 835/951/377 836/952/378 822/938/370 
f 822/938/370 836/952/378 837/953/371 823/939/371 
f 823/939/371 837/953/371 838/954/371 824/940/371 
f 824/940/371 838/954/371 839/955/379 825/941/372 
f 825/941/372 839/955/379 840/956/380 826/942/373 
f 827/943/286 841/957/286 842/958/286 828/944/286 
f 829/945/286 843/959/286 844/960/381 830/946/374 
f 830/946/374 844/960/381 845/961/382 831/947/375 
f 831/947/375 845/961/382 846/962/383 832/948/375 
f 832/948/375 846/962/383 847/963/384 833/949/376 
f 833/949/376 847/963/384 848/964/385 834/950/377 
f 834/950/377 848/964/385 849/965/385 835/951/377 
f 835/951/377 849/965/385 850/966/386 836/952/378 
f 836/952/378 850/966/386 851/967/299 837/953/371 
f 837/953/371 851/967/299 852/968/299 838/954/371 
f 838/954/371 852/968/299 853/969/387 839/955/379 
f 839/955/379 853/969/387 854/970/388 840/956/380 
f 841/957/286 855/971/286 856/972/286 842/958/286 
f 843/959/286 857/973/285 858/974/389 844/960/381 
f 844/960/381 858/974/389 859/975/390 845/961/382 
f 845/961/382 859/975/390 860/976/391 846/962/383 
f 846/962/383 860/976/391 861/977/392 847/963/384 
f 847/963/384 861/977/392 862/978/393 848/964/385 
f 848/964/385 862/978/393 863/979/393 849/965/385 
f 849/965/385 863/979/393 864/980/394 850/966/386 
f 850/966/386 864/980/394 865/981/299 851/967/299 
f 851/967/299 865/981/299 866/982/371 852/968/299 
f 852/968/299 866/982/371 867/983/395 853/969/387 
f 853/969/387 867/983/395 868/984/396 854/970/388 
f 855/971/286 869/985/286 870/986/286 856/972/286 
f 857/973/285 871/987/286 872/988/397 858/974/389 
f 858/974/389 872/988/397 873/989/398 859/975/390 
f 859/975/390 873/989/398 874/990/398 860/976/391 
f 860/976/391 874/990/398 875/991/399 861/977/392 
f 861/977/392 875/991/399 876/992/400 862/978/393 
f 862/978/393 876/992/400 877/993/400 863/979/393 
f 863/979/393 877/993/400 878/994/401 864/980/394 
f 864/980/394 878/994/401 879/995/371 865/981/299 
f 865/981/299 879/995/371 880/996/371 866/982/371 
f 866/982/371 880/996/371 881/997/402 867/983/395 
f 867/983/395 881/997/402 882/998/403 868/984/396 
f 869/985/286 883/999/284 884/1000/284 870/986/286 
f 871/987/286 885/1001/285 886/1002/404 872/988/397 
f 872/988/397 886/1002/404 887/1003/405 873/989/398 
f 873/989/398 887/1003/405 888/1004/405 874/990/398 
f 874/990/398 888/1004/405 889/1005/406 875/991/399 
f 875/991/399 889/1005/406 890/1006/407 876/992/400 
f 876/992/400 890/1006/407 891/1007/407 877/993/400 
f 877/993/400 891/1007/407 892/1008/408 878/994/401 
f 878/994/401 892/1008/408 893/1009/299 879/995/371 
f 879/995/371 893/1009/299 894/1010/371 880/996/371 
f 880/996/371 894/1010/371 895/1011/409 881/997/402 
f 881/997/402 895/1011/409 896/1012/410 882/998/403 
f 883/999/284 897/1013/285 898/1014/285 884/1000/284 
f 885/1001/285 899/1015/305 900/1016/411 886/1002/404 
f 886/1002/404 900/1016/411 901/1017/412 887/1003/405 
f 887/1003/405 901/1017/412 902/1018/304 888/1004/405 
f 888/1004/405 902/1018/304 903/1019/413 889/1005/406 
f 889/1005/406 903/1019/413 904/1020/414 890/1006/407 
f 890/1006/407 904/1020/414 905/1021/414 891/1007/407 
f 891/1007/407 905/1021/414 906/1022/415 892/1008/408 
f 892/1008/408 906/1022/415 907/1023/299 893/1009/299 
f 893/1009/299 907/1023/299 908/1024/299 894/1010/371 
f 894/1010/371 908/1024/299 909/1025/416 895/1011/409 
f 895/1011/409 909/1025/416 910/1026/417 896/1012/410 
f 897/1013/285 911/1027/285 912/1028/285 898/1014/285 
f 899/1015/305 913/1029/284 914/1030/418 900/1016/411 
f 900/1016/411 914/1030/418 915/1031/303 901/1017/412 
f 901/1017/412 915/1031/303 916/1032/303 902/1018/304 
f 902/1018/304 916/1032/303 917/1033/419 903/1019/413 
f 903/1019/413 917/1033/419 918/1034/420 904/1020/414 
f 904/1020/414 918/1034/420 919/1035/420 905/1021/414 
f 905/1021/414 919/1035/420 920/1036/421 906/1022/415 
f 906/1022/415 920/1036/421 921/1037/298 907/1023/299 
f 907/1023/299 921/1037/298 922/1038/300 908/1024/299 
f 908/1024/299 922/1038/300 923/1039/422 909/1025/416 
f 909/1025/416 923/1039/422 924/1040/289 910/1026/417 
f 911/1027/285 925/1041/286 926/1042/286 912/1028/285 
f 913/1029/284 927/1043/305 928/1044/423 914/1030/418 
f 914/1030/418 928/1044/423 929/1045/424 915/1031/303 
f 915/1031/303 929/1045/424 930/1046/424 916/1032/303 
f 916/1032/303 930/1046/424 931/1047/425 917/1033/419 
f 917/1033/419 931/1047/425 932/1048/426 918/1034/420 
f 918/1034/420 932/1048/426 933/1049/426 919/1035/420 
f 919/1035/420 933/1049/426 934/1050/427 920/1036/421 
f 920/1036/421 934/1050/427 935/1051/300 921/1037/298 
f 921/1037/298 935/1051/300 936/1052/300 922/1038/300 
f 922/1038/300 936/1052/300 937/1053/428 923/1039/422 
f 923/1039/422 937/1053/428 938/1054/429 924/1040/289 
f 925/1041/286 939/1055/286 940/1056/286 926/1042/286 
f 927/1043/305 941/1057/305 942/1058/430 928/1044/423 
f 928/1044/423 942/1058/430 943/1059/431 929/1045/424 
f 929/1045/424 943/1059/431 944/1060/319 930/1046/424 
f 930/1046/424 944/1060/319 945/1061/432 931/1047/425 
f 931/1047/425 945/1061/432 946/1062/433 932/1048/426 
f 932/1048/426 946/1062/433 947/1063/433 933/1049/426 
f 933/1049/426 947/1063/433 948/1064/434 934/1050/427 
f 934/1050/427 948/1064/434 949/1065/298 935/1051/300 
f 935/1051/300 949/1065/298 950/1066/300 936/1052/300 
f 936/1052/300 950/1066/300 951/1067/435 937/1053/428 
f 937/1053/428 951/1067/435 952/1068/436 938/1054/429 
f 939/1055/286 953/1069/305 954/1070/286 940/1056/286 
f 941/1057/305 955/1071/305 956/1072/437 942/1058/430 
f 942/1058/430 956/1072/437 957/1073/438 943/1059/431 
f 943/1059/431 957/1073/438 958/1074/326 944/1060/319 
f 944/1060/319 958/1074/326 959/1075/439 945/1061/432 
f 945/1061/432 959/1075/439 960/1076/440 946/1062/433 
f 946/1062/433 960/1076/440 961/1077/440 947/1063/433 
f 947/1063/433 961/1077/440 962/1078/441 948/1064/434 
f 948/1064/434 962/1078/441 963/1079/298 949/1065/298 
f 949/1065/298 963/1079/298 964/1080/298 950/1066/300 
f 950/1066/300 964/1080/298 965/1081/442 951/1067/435 
f 951/1067/435 965/1081/442 966/1082/321 952/1068/436 
f 953/1069/305 967/1083/284 968/1084/284 954/1070/286 
f 955/1071/305 969/1085/305 970/1086/443 956/1072/437 
f 956/1072/437 970/1086/443 971/1087/444 957/1073/438 
f 957/1073/438 971/1087/444 972/1088/444 958/1074/326 
f 958/1074/326 972/1088/444 973/1089/445 959/1075/439 
f 959/1075/439 973/1089/445 974/1090/446 960/1076/440 
f 960/1076/440 974/1090/446 975/1091/446 961/1077/440 
f 961/1077/440 975/1091/446 976/1092/447 962/1078/441 
f 962/1078/441 976/1092/447 977/1093/300 963/1079/298 
f 963/1079/298 977/1093/300 978/1094/300 964/1080/298 
f 964/1080/298 978/1094/300 979/1095/448 965/1081/442 
f 965/1081/442 979/1095/448 980/1096/329 966/1082/321 
f 967/1083/284 981/1097/286 982/1098/305 968/1084/284 
f 969/1085/305 983/1099/284 984/1100/449 970/1086/443 
f 970/1086/443 984/1100/449 985/1101/450 971/1087/444 
f 971/1087/444 985/1101/450 986/1102/450 972/1088/444 
f 972/1088/444 986/1102/450 987/1103/451 973/1089/445 
f 973/1089/445 987/1103/451 988/1104/452 974/1090/446 
f 974/1090/446 988/1104/452 989/1105/452 975/1091/446 
f 975/1091/446 989/1105/452 990/1106/453 976/1092/447 
f 976/1092/447 990/1106/453 991/1107/300 977/1093/300 
f 977/1093/300 991/1107/300 992/1108/300 978/1094/300 
f 978/1094/300 992/1108/300 993/1109/454 979/1095/448 
f 979/1095/448 993/1109/454 994/1110/336 980/1096/329 
f 981/1097/286 995/1111/286 996/1112/286 982/1098/305 
f 983/1099/284 997/1113/286 998/1114/455 984/1100/449 
f 984/1100/449 998/1114/455 999/1115/456 985/1101/450 
f 985/1101/450 999/1115/456 1000/1116/456 986/1102/450 
f 986/1102/450 1000/1116/456 1001/1117/457 987/1103/451 
f 987/1103/451 1001/1117/457 1002/1118/458 988/1104/452 
f 988/1104/452 1002/1118/458 1003/1119/458 989/1105/452 
f 989/1105/452 1003/1119/458 1004/1120/459 990/1106/453 
f 990/1106/453 1004/1120/459 1005/1121/298 991/1107/300 
f 991/1107/300 1005/1121/298 1006/1122/298 992/1108/300 
f 992/1108/300 1006/1122/298 1007/1123/460 993/1109/454 
f 993/1109/454 1007/1123/460 1008/1124/344 994/1110/336 
f 995/1111/286 1009/1125/286 1010/1126/286 996/1112/286 
f 997/1113/286 1011/1127/286 1012/1128/461 998/1114/455 
f 998/1114/455 1012/1128/461 1013/1129/462 999/1115/456 
f 999/1115/456 1013/1129/462 1014/1130/462 1000/1116/456 
f 1000/1116/456 1014/1130/462 1015/1131/463 1001/1117/457 
f 1001/1117/457 1015/1131/463 1016/1132/464 1002/1118/458 
f 1002/1118/458 1016/1132/464 1017/1133/465 1003/1119/458 
f 1003/1119/458 1017/1133/465 1018/1134/466 1004/1120/459 
f 1004/1120/459 1018/1134/466 1019/1135/300 1005/1121/298 
f 1005/1121/298 1019/1135/300 1020/1136/371 1006/1122/298 
f 1006/1122/298 1020/1136/371 1021/1137/467 1007/1123/460 
f 1007/1123/460 1021/1137/467 1022/1138/468 1008/1124/344 
f 1009/1125/286 1023/1139/286 1024/1140/286 1010/1126/286 
f 1011/1127/286 1025/1141/305 1026/1142/469 1012/1128/461 
f 1012/1128/461 1026/1142/469 1027/1143/365 1013/1129/462 
f 1013/1129/462 1027/1143/365 1028/1144/470 1014/1130/462 
f 1014/1130/462 1028/1144/470 1029/1145/471 1015/1131/463 
f 1015/1131/463 1029/1145/471 1030/1146/472 1016/1132/464 
f 1016/1132/464 1030/1146/472 1031/1147/472 1017/1133/465 
f 1017/1133/465 1031/1147/472 1032/1148/473 1018/1134/466 
f 1018/1134/466 1032/1148/473 1033/1149/299 1019/1135/300 
f 1019/1135/300 1033/1149/299 1034/1150/299 1020/1136/371 
f 1020/1136/371 1034/1150/299 1035/1151/474 1021/1137/467 
f 1021/1137/467 1035/1151/474 1036/1152/360 1022/1138/468 
f 1023/1139/286 1037/1153/286 1038/1154/286 1024/1140/286 
f 1025/1141/305 1039/1155/285 1040/1156/475 1026/1142/469 
f 1026/1142/469 1040/1156/475 1041/1157/373 1027/1143/365 
f 1027/1143/365 1041/1157/373 1042/1158/476 1028/1144/470 
f 1028/1144/470 1042/1158/476 1043/1159/477 1029/1145/471 
f 1029/1145/471 1043/1159/477 1044/1160/478 1030/1146/472 
f 1030/1146/472 1044/1160/478 1045/1161/478 1031/1147/472 
f 1031/1147/472 1045/1161/478 1046/1162/479 1032/1148/473 
f 1032/1148/473 1046/1162/479 1047/1163/371 1033/1149/299 
f 1033/1149/299 1047/1163/371 1048/1164/371 1034/1150/299 
f 1034/1150/299 1048/1164/371 1049/1165/480 1035/1151/474 
f 1035/1151/474 1049/1165/480 1050/1166/481 1036/1152/360 
f 1037/1153/286 1051/1167/285 1052/1168/285 1038/1154/286 
f 1039/1155/285 1053/1169/286 1054/1170/482 1040/1156/475 
f 1040/1156/475 1054/1170/482 1055/1171/380 1041/1157/373 
f 1041/1157/373 1055/1171/380 1056/1172/483 1042/1158/476 
f 1042/1158/476 1056/1172/483 1057/1173/484 1043/1159/477 
f 1043/1159/477 1057/1173/484 1058/1174/485 1044/1160/478 
f 1044/1160/478 1058/1174/485 1059/1175/485 1045/1161/478 
f 1045/1161/478 1059/1175/485 1060/1176/486 1046/1162/479 
f 1046/1162/479 1060/1176/486 1061/1177/371 1047/1163/371 
f 1047/1163/371 1061/1177/371 1062/1178/371 1048/1164/371 
f 1048/1164/371 1062/1178/371 1063/1179/487 1049/1165/480 
f 1049/1165/480 1063/1179/487 1064/1180/375 1050/1166/481 
f 1051/1167/285 1065/1181/286 1066/1182/286 1052/1168/285 
f 1053/1169/286 1067/1183/286 1068/1184/488 1054/1170/482 
f 1054/1170/482 1068/1184/488 1069/1185/489 1055/1171/380 
f 1055/1171/380 1069/1185/489 1070/1186/489 1056/1172/483 
f 1056/1172/483 1070/1186/489 1071/1187/490 1057/1173/484 
f 1057/1173/484 1071/1187/490 1072/1188/491 1058/1174/485 
f 1058/1174/485 1072/1188/491 1073/1189/491 1059/1175/485 
f 1059/1175/485 1073/1189/491 1074/1190/492 1060/1176/486 
f 1060/1176/486 1074/1190/492 1075/1191/299 1061/1177/371 
f 1061/1177/371 1075/1191/299 1076/1192/299 1062/1178/371 
f 1062/1178/371 1076/1192/299 1077/1193/493 1063/1179/487 
f 1063/1179/487 1077/1193/493 1078/1194/382 1064/1180/375 
f 1065/1181/286 1079/1195/286 1080/1196/286 1066/1182/286 
f 1067/1183/286 1081/1197/286 1082/1198/494 1068/1184/488 
f 1068/1184/488 1082/1198/494 1083/1199/495 1069/1185/489 
f 1069/1185/489 1083/1199/495 1084/1200/495 1070/1186/489 
f 1070/1186/489 1084/1200/495 1085/1201/496 1071/1187/490 
f 1071/1187/490 1085/1201/496 1086/1202/497 1072/1188/491 
f 1072/1188/491 1086/1202/497 1087/1203/497 1073/1189/491 
f 1073/1189/491 1087/1203/497 1088/1204/498 1074/1190/492 
f 1074/1190/492 1088/1204/498 1089/1205/299 1075/1191/299 
f 1075/1191/299 1089/1205/299 1090/1206/371 1076/1192/299 
f 1076/1192/299 1090/1206/371 1091/1207/499 1077/1193/493 
f 1077/1193/493 1091/1207/499 1092/1208/391 1078/1194/382 
f 1079/1195/286 1093/1209/286 1094/1210/286 1080/1196/286 
f 1081/1197/286 1095/1211/286 1096/1212/500 1082/1198/494 
f 1082/1198/494 1096/1212/500 1097/1213/501 1083/1199/495 
f 1083/1199/495 1097/1213/501 1098/1214/501 1084/1200/495 
f 1084/1200/495 1098/1214/501 1099/1215/502 1085/1201/496 
f 1085/1201/496 1099/1215/502 1100/1216/503 1086/1202/497 
f 1086/1202/497 1100/1216/503 1101/1217/503 1087/1203/497 
f 1087/1203/497 1101/1217/503 1102/1218/504 1088/1204/498 
f 1088/1204/498 1102/1218/504 1103/1219/371 1089/1205/299 
f 1089/1205/299 1103/1219/371 1104/1220/371 1090/1206/371 
f 1090/1206/371 1104/1220/371 1105/1221/505 1091/1207/499 
f 1091/1207/499 1105/1221/505 1106/1222/506 1092/1208/391 
f 1093/1209/286 1107/1223/284 1108/1224/284 1094/1210/286 
f 1095/1211/286 1109/1225/285 1110/1226/507 1096/1212/500 
f 1096/1212/500 1110/1226/507 1111/1227/508 1097/1213/501 
f 1097/1213/501 1111/1227/508 1112/1228/508 1098/1214/501 
f 1098/1214/501 1112/1228/508 1113/1229/509 1099/1215/502 
f 1099/1215/502 1113/1229/509 1114/1230/510 1100/1216/503 
f 1100/1216/503 1114/1230/510 1115/1231/510 1101/1217/503 
f 1101/1217/503 1115/1231/510 1116/1232/511 1102/1218/504 
f 1102/1218/504 1116/1232/511 1117/1233/299 1103/1219/371 
f 1103/1219/371 1117/1233/299 1118/1234/371 1104/1220/371 
f 1104/1220/371 1118/1234/371 1119/1235/512 1105/1221/505 
f 1105/1221/505 1119/1235/512 1120/1236/513 1106/1222/506 
f 1107/1223/284 673/1237/284 676/1238/284 1108/1224/284 
f 1109/1225/285 677/1239/286 680/1240/288 1110/1226/507 
f 1110/1226/507 680/1240/288 682/1241/290 1111/1227/508 
f 1111/1227/508 682/1241/290 684/1242/290 1112/1228/508 
f 1112/1228/508 684/1242/290 686/1243/292 1113/1229/509 
f 1113/1229/509 686/1243/292 688/1244/294 1114/1230/510 
f 1114/1230/510 688/1244/294 690/1245/295 1115/1231/510 
f 1115/1231/510 690/1245/295 692/1246/297 1116/1232/511 
f 1116/1232/511 692/1246/297 694/1247/299 1117/1233/299 
f 1117/1233/299 694/1247/299 696/1248/299 1118/1234/371 
f 1118/1234/371 696/1248/299 698/1249/302 1119/1235/512 
f 1119/1235/512 698/1249/302 700/1250/304 1120/1236/513 
f 1121/1251/286 678/794/284 677/793/286 1122/1252/284 
f 1123/1253/285 703/819/305 678/794/284 1121/1251/286 
f 1124/1254/284 717/833/284 703/819/305 1123/1253/285 
f 1125/1255/286 731/847/305 717/833/284 1124/1254/284 
f 1126/1256/305 745/861/305 731/847/305 1125/1255/286 
f 1127/1257/305 759/875/284 745/861/305 1126/1256/305 
f 1128/1258/305 773/889/286 759/875/284 1127/1257/305 
f 1129/1259/286 787/903/286 773/889/286 1128/1258/305 
f 1130/1260/286 801/917/305 787/903/286 1129/1259/286 
f 1131/1261/286 815/931/285 801/917/305 1130/1260/286 
f 1132/1262/286 829/945/286 815/931/285 1131/1261/286 
f 1133/1263/305 843/959/286 829/945/286 1132/1262/286 
f 1134/1264/285 857/973/285 843/959/286 1133/1263/305 
f 1135/1265/284 871/987/286 857/973/285 1134/1264/285 
f 1136/1266/305 885/1001/285 871/987/286 1135/1265/284 
f 1137/1267/285 899/1015/305 885/1001/285 1136/1266/305 
f 1138/1268/284 913/1029/284 899/1015/305 1137/1267/285 
f 1139/1269/305 927/1043/305 913/1029/284 1138/1268/284 
f 1140/1270/305 941/1057/305 927/1043/305 1139/1269/305 
f 1141/1271/305 955/1071/305 941/1057/305 1140/1270/305 
f 1142/1272/305 969/1085/305 955/1071/305 1141/1271/305 
f 1143/1273/305 983/1099/284 969/1085/305 1142/1272/305 
f 1144/1274/305 997/1113/286 983/1099/284 1143/1273/305 
f 1145/1275/286 1011/1127/286 997/1113/286 1144/1274/305 
f 1146/1276/286 1025/1141/305 1011/1127/286 1145/1275/286 
f 1147/1277/286 1039/1155/285 1025/1141/305 1146/1276/286 
f 1148/1278/286 1053/1169/286 1039/1155/285 1147/1277/286 
f 1149/1279/286 1067/1183/286 1053/1169/286 1148/1278/286 
f 1150/1280/286 1081/1197/286 1067/1183/286 1149/1279/286 
f 1151/1281/286 1095/1211/286 1081/1197/286 1150/1280/286 
f 1152/1282/305 1109/1225/285 1095/1211/286 1151/1281/286 
f 1122/1283/284 677/1239/286 1109/1225/285 1152/1282/305 
f 700/1284/304 699/1285/303 1153/1285/303 1154/1284/304 
f 699/1285/303 714/1286/312 1155/1286/424 1153/1285/303 
f 714/1286/312 728/1287/319 1156/1287/319 1155/1286/424 
f 728/1287/319 742/1288/326 1157/1288/326 1156/1287/319 
f 742/1288/326 756/1289/334 1158/1289/334 1157/1288/326 
f 756/1289/334 770/1290/342 1159/1290/342 1158/1289/334 
f 770/1290/342 784/1291/350 1160/1291/350 1159/1290/342 
f 784/1291/350 798/1292/358 1161/1292/462 1160/1291/350 
f 798/1292/358 812/1293/365 1162/1293/470 1161/1292/462 
f 812/1293/365 826/1294/373 1163/1294/476 1162/1293/470 
f 826/1294/373 840/1295/380 1164/1295/380 1163/1294/476 
f 840/1295/380 854/1296/388 1165/1296/388 1164/1295/380 
f 854/1296/388 868/1297/396 1166/1297/396 1165/1296/388 
f 868/1297/396 882/1298/403 1167/1298/403 1166/1297/396 
f 882/1298/403 896/1299/410 1168/1299/410 1167/1298/403 
f 896/1299/410 910/1300/417 1169/1300/417 1168/1299/410 
f 910/1300/417 924/1301/289 1170/1301/289 1169/1300/417 
f 924/1301/289 938/1302/429 1171/1302/307 1170/1301/289 
f 938/1302/429 952/1303/436 1172/1303/314 1171/1302/307 
f 952/1303/436 966/1304/321 1173/1304/321 1172/1303/314 
f 966/1304/321 980/1305/329 1174/1305/329 1173/1304/321 
f 980/1305/329 994/1306/336 1175/1306/336 1174/1305/329 
f 994/1306/336 1008/1307/344 1176/1307/344 1175/1306/336 
f 1008/1307/344 1022/1308/468 1177/1308/514 1176/1307/344 
f 1022/1308/468 1036/1309/360 1178/1309/360 1177/1308/514 
f 1036/1309/360 1050/1310/481 1179/1310/367 1178/1309/360 
f 1050/1310/481 1064/1311/375 1180/1311/375 1179/1310/367 
f 1064/1311/375 1078/1312/382 1181/1312/382 1180/1311/375 
f 1078/1312/382 1092/1313/391 1182/1313/391 1181/1312/382 
f 1092/1313/391 1106/1314/506 1183/1314/506 1182/1313/391 
f 1106/1314/506 1120/1315/513 1184/1315/513 1183/1314/506 
f 1120/1315/513 700/1316/304 1154/1316/304 1184/1315/513 
f 1185/1317/289 1186/1318/417 1187/1318/417 1188/1317/289 
f 1186/1319/417 1189/1320/508 1190/1320/508 1187/1319/417 
f 1189/1320/508 1191/1321/501 1192/1321/501 1190/1320/508 
f 1191/1321/501 1193/1322/495 1194/1322/495 1192/1321/501 
f 1193/1322/495 1195/1323/489 1196/1323/489 1194/1322/495 
f 1195/1323/489 1197/1324/483 1198/1324/483 1196/1323/489 
f 1197/1324/483 1199/1325/373 1200/1325/373 1198/1324/483 
f 1199/1325/373 1201/1326/365 1202/1326/365 1200/1325/373 
f 1201/1326/365 1203/1327/515 1204/1327/515 1202/1326/365 
f 1203/1327/515 1205/1328/456 1206/1328/456 1204/1327/515 
f 1205/1328/456 1207/1329/450 1208/1329/450 1206/1328/456 
f 1207/1329/450 1209/1330/444 1210/1330/444 1208/1329/450 
f 1209/1330/444 1211/1331/438 1212/1331/438 1210/1330/444 
f 1211/1331/438 1213/1332/319 1214/1332/319 1212/1331/438 
f 1213/1332/319 1215/1333/312 1216/1333/312 1214/1332/319 
f 1215/1333/312 1217/1334/516 1218/1334/516 1216/1333/312 
f 1217/1334/516 1219/1335/412 1220/1335/412 1218/1334/516 
f 1219/1335/412 1221/1336/513 1222/1336/513 1220/1335/412 
f 1221/1336/513 1223/1337/506 1224/1337/506 1222/1336/513 
f 1223/1337/506 1225/1338/391 1226/1338/391 1224/1337/506 
f 1225/1338/391 1227/1339/382 1228/1339/382 1226/1338/391 
f 1227/1339/382 1229/1340/375 1230/1340/375 1228/1339/382 
f 1229/1340/375 1231/1341/367 1232/1341/367 1230/1340/375 
f 1231/1341/367 1233/1342/360 1234/1342/360 1232/1341/367 
f 1233/1342/360 1235/1343/514 1236/1343/514 1234/1342/360 
f 1235/1343/514 1237/1344/344 1238/1344/344 1236/1343/514 
f 1237/1344/344 1239/1345/336 1240/1345/336 1238/1344/344 
f 1239/1345/336 1241/1346/329 1242/1346/329 1240/1345/336 
f 1241/1346/329 1243/1347/321 1244/1347/321 1242/1346/329 
f 1243/1347/321 1245/1348/314 1246/1348/314 1244/1347/321 
f 1245/1348/314 1247/1349/307 1248/1349/307 1246/1348/314 
f 1247/1349/307 1185/1317/289 1188/1317/289 1248/1349/307 
f 674/790/285 673/789/284 1249/1284/517 1250/1285/518 
f 676/792/284 675/791/285 1251/1317/287 1252/1318/288 
f 701/817/286 674/790/285 1250/1285/518 1253/1286/519 
f 675/791/285 702/818/286 1254/1349/520 1251/1317/287 
f 715/831/286 701/817/286 1253/1286/519 1255/1287/521 
f 702/818/286 716/832/286 1256/1348/313 1254/1349/520 
f 729/845/305 715/831/286 1255/1287/521 1257/1288/522 
f 716/832/286 730/846/305 1258/1347/320 1256/1348/313 
f 743/859/305 729/845/305 1257/1288/522 1259/1289/523 
f 730/846/305 744/860/305 1260/1346/327 1258/1347/320 
f 757/873/286 743/859/305 1259/1289/523 1261/1290/524 
f 744/860/305 758/874/286 1262/1345/525 1260/1346/327 
f 771/887/286 757/873/286 1261/1290/524 1263/1291/526 
f 758/874/286 772/888/286 1264/1344/343 1262/1345/525 
f 785/901/286 771/887/286 1263/1291/526 1265/1292/527 
f 772/888/286 786/902/286 1266/1343/528 1264/1344/343 
f 799/915/286 785/901/286 1265/1292/527 1267/1293/529 
f 786/902/286 800/916/286 1268/1342/530 1266/1343/528 
f 813/929/286 799/915/286 1267/1293/529 1269/1294/531 
f 800/916/286 814/930/286 1270/1341/366 1268/1342/530 
f 827/943/286 813/929/286 1269/1294/531 1271/1295/532 
f 814/930/286 828/944/286 1272/1340/533 1270/1341/366 
f 841/957/286 827/943/286 1271/1295/532 1273/1296/534 
f 828/944/286 842/958/286 1274/1339/381 1272/1340/533 
f 855/971/286 841/957/286 1273/1296/534 1275/1297/535 
f 842/958/286 856/972/286 1276/1338/389 1274/1339/381 
f 869/985/286 855/971/286 1275/1297/535 1277/1298/536 
f 856/972/286 870/986/286 1278/1337/397 1276/1338/389 
f 883/999/284 869/985/286 1277/1298/536 1279/1299/537 
f 870/986/286 884/1000/284 1280/1336/404 1278/1337/397 
f 897/1013/285 883/999/284 1279/1299/537 1281/1300/538 
f 884/1000/284 898/1014/285 1282/1335/539 1280/1336/404 
f 911/1027/285 897/1013/285 1281/1300/538 1283/1301/540 
f 898/1014/285 912/1028/285 1284/1334/541 1282/1335/539 
f 925/1041/286 911/1027/285 1283/1301/540 1285/1302/542 
f 912/1028/285 926/1042/286 1286/1333/543 1284/1334/541 
f 939/1055/286 925/1041/286 1285/1302/542 1287/1303/544 
f 926/1042/286 940/1056/286 1288/1332/545 1286/1333/543 
f 953/1069/305 939/1055/286 1287/1303/544 1289/1304/546 
f 940/1056/286 954/1070/286 1290/1331/437 1288/1332/545 
f 967/1083/284 953/1069/305 1289/1304/546 1291/1305/547 
f 954/1070/286 968/1084/284 1292/1330/443 1290/1331/437 
f 981/1097/286 967/1083/284 1291/1305/547 1293/1306/548 
f 968/1084/284 982/1098/305 1294/1329/449 1292/1330/443 
f 995/1111/286 981/1097/286 1293/1306/548 1295/1307/549 
f 982/1098/305 996/1112/286 1296/1328/455 1294/1329/449 
f 1009/1125/286 995/1111/286 1295/1307/549 1297/1308/550 
f 996/1112/286 1010/1126/286 1298/1327/551 1296/1328/455 
f 1023/1139/286 1009/1125/286 1297/1308/550 1299/1309/552 
f 1010/1126/286 1024/1140/286 1300/1326/553 1298/1327/551 
f 1037/1153/286 1023/1139/286 1299/1309/552 1301/1310/554 
f 1024/1140/286 1038/1154/286 1302/1325/555 1300/1326/553 
f 1051/1167/285 1037/1153/286 1301/1310/554 1303/1311/556 
f 1038/1154/286 1052/1168/285 1304/1324/482 1302/1325/555 
f 1065/1181/286 1051/1167/285 1303/1311/556 1305/1312/557 
f 1052/1168/285 1066/1182/286 1306/1323/488 1304/1324/482 
f 1079/1195/286 1065/1181/286 1305/1312/557 1307/1313/558 
f 1066/1182/286 1080/1196/286 1308/1322/494 1306/1323/488 
f 1093/1209/286 1079/1195/286 1307/1313/558 1309/1314/559 
f 1080/1196/286 1094/1210/286 1310/1321/500 1308/1322/494 
f 1107/1223/284 1093/1209/286 1309/1314/559 1311/1315/560 
f 1094/1210/286 1108/1224/284 1312/1320/561 1310/1321/500 
f 673/1237/284 1107/1223/284 1311/1315/560 1249/1316/517 
f 1108/1224/284 676/1238/284 1252/1319/288 1312/1320/561 
f 1121/1251/286 1122/1252/284 1313/1318/562 1314/1317/540 
f 1123/1253/285 1121/1251/286 1314/1317/540 1315/1349/563 
f 1124/1254/284 1123/1253/285 1315/1349/563 1316/1348/544 
f 1125/1255/286 1124/1254/284 1316/1348/544 1317/1347/546 
f 1126/1256/305 1125/1255/286 1317/1347/546 1318/1346/547 
f 1127/1257/305 1126/1256/305 1318/1346/547 1319/1345/548 
f 1128/1258/305 1127/1257/305 1319/1345/548 1320/1344/549 
f 1129/1259/286 1128/1258/305 1320/1344/549 1321/1343/550 
f 1130/1260/286 1129/1259/286 1321/1343/550 1322/1342/552 
f 1131/1261/286 1130/1260/286 1322/1342/552 1323/1341/564 
f 1132/1262/286 1131/1261/286 1323/1341/564 1324/1340/565 
f 1133/1263/305 1132/1262/286 1324/1340/565 1325/1339/557 
f 1134/1264/285 1133/1263/305 1325/1339/557 1326/1338/558 
f 1135/1265/284 1134/1264/285 1326/1338/558 1327/1337/566 
f 1136/1266/305 1135/1265/284 1327/1337/566 1328/1336/567 
f 1137/1267/285 1136/1266/305 1328/1336/567 1329/1335/568 
f 1138/1268/284 1137/1267/285 1329/1335/568 1330/1334/518 
f 1139/1269/305 1138/1268/284 1330/1334/518 1331/1333/569 
f 1140/1270/305 1139/1269/305 1331/1333/569 1332/1332/570 
f 1141/1271/305 1140/1270/305 1332/1332/570 1333/1331/522 
f 1142/1272/305 1141/1271/305 1333/1331/522 1334/1330/523 
f 1143/1273/305 1142/1272/305 1334/1330/523 1335/1329/524 
f 1144/1274/305 1143/1273/305 1335/1329/524 1336/1328/526 
f 1145/1275/286 1144/1274/305 1336/1328/526 1337/1327/571 
f 1146/1276/286 1145/1275/286 1337/1327/571 1338/1326/529 
f 1147/1277/286 1146/1276/286 1338/1326/529 1339/1325/572 
f 1148/1278/286 1147/1277/286 1339/1325/572 1340/1324/532 
f 1149/1279/286 1148/1278/286 1340/1324/532 1341/1323/534 
f 1150/1280/286 1149/1279/286 1341/1323/534 1342/1322/535 
f 1151/1281/286 1150/1280/286 1342/1322/535 1343/1321/536 
f 1152/1282/305 1151/1281/286 1343/1321/536 1344/1320/537 
f 1122/1283/284 1152/1282/305 1344/1320/537 1313/1319/562 
f 1154/1284/304 1153/1285/303 1250/1285/518 1249/1284/517 
f 1153/1285/303 1155/1286/424 1253/1286/519 1250/1285/518 
f 1155/1286/424 1156/1287/319 1255/1287/521 1253/1286/519 
f 1156/1287/319 1157/1288/326 1257/1288/522 1255/1287/521 
f 1157/1288/326 1158/1289/334 1259/1289/523 1257/1288/522 
f 1158/1289/334 1159/1290/342 1261/1290/524 1259/1289/523 
f 1159/1290/342 1160/1291/350 1263/1291/526 1261/1290/524 
f 1160/1291/350 1161/1292/462 1265/1292/527 1263/1291/526 
f 1161/1292/462 1162/1293/470 1267/1293/529 1265/1292/527 
f 1162/1293/470 1163/1294/476 1269/1294/531 1267/1293/529 
f 1163/1294/476 1164/1295/380 1271/1295/532 1269/1294/531 
f 1164/1295/380 1165/1296/388 1273/1296/534 1271/1295/532 
f 1165/1296/388 1166/1297/396 1275/1297/535 1273/1296/534 
f 1166/1297/396 1167/1298/403 1277/1298/536 1275/1297/535 
f 1167/1298/403 1168/1299/410 1279/1299/537 1277/1298/536 
f 1168/1299/410 1169/1300/417 1281/1300/538 1279/1299/537 
f 1169/1300/417 1170/1301/289 1283/1301/540 1281/1300/538 
f 1170/1301/289 1171/1302/307 1285/1302/542 1283/1301/540 
f 1171/1302/307 1172/1303/314 1287/1303/544 1285/1302/542 
f 1172/1303/314 1173/1304/321 1289/1304/546 1287/1303/544 
f 1173/1304/321 1174/1305/329 1291/1305/547 1289/1304/546 
f 1174/1305/329 1175/1306/336 1293/1306/548 1291/1305/547 
f 1175/1306/336 1176/1307/344 1295/1307/549 1293/1306/548 
f 1176/1307/344 1177/1308/514 1297/1308/550 1295/1307/549 
f 1177/1308/514 1178/1309/360 1299/1309/552 1297/1308/550 
f 1178/1309/360 1179/1310/367 1301/1310/554 1299/1309/552 
f 1179/1310/367 1180/1311/375 1303/1311/556 1301/1310/554 
f 1180/1311/375 1181/1312/382 1305/1312/557 1303/1311/556 
f 1181/1312/382 1182/1313/391 1307/1313/558 1305/1312/557 
f 1182/1313/391 1183/1314/506 1309/1314/559 1307/1313/558 
f 1183/1314/506 1184/1315/513 1311/1315/560 1309/1314/559 
f 1184/1315/513 1154/1316/304 1249/1316/517 1311/1315/560 
f 1186/1318/417 1185/1317/289 1314/1317/540 1313/1318/562 
f 1188/1317/289 1187/1318/417 1252/1318/288 1251/1317/287 
f 1189/1320/508 1186/1319/417 1313/1319/562 1344/1320/537 
f 1187/1319/417 1190/1320/508 1312/1320/561 1252/1319/288 
f 1191/1321/501 1189/1320/508 1344/1320/537 1343/1321/536 
f 1190/1320/508 1192/1321/501 1310/1321/500 1312/1320/561 
f 1193/1322/495 1191/1321/501 1343/1321/536 1342/1322/535 
f 1192/1321/501 1194/1322/495 1308/1322/494 1310/1321/500 
f 1195/1323/489 1193/1322/495 1342/1322/535 1341/1323/534 
f 1194/1322/495 1196/1323/489 1306/1323/488 1308/1322/494 
f 1197/1324/483 1195/1323/489 1341/1323/534 1340/1324/532 
f 1196/1323/489 1198/1324/483 1304/1324/482 1306/1323/488 
f 1199/1325/373 1197/1324/483 1340/1324/532 1339/1325/572 
f 1198/1324/483 1200/1325/373 1302/1325/555 1304/1324/482 
f 1201/1326/365 1199/1325/373 1339/1325/572 1338/1326/529 
f 1200/1325/373 1202/1326/365 1300/1326/553 1302/1325/555 
f 1203/1327/515 1201/1326/365 1338/1326/529 1337/1327/571 
f 1202/1326/365 1204/1327/515 1298/1327/551 1300/1326/553 
f 1205/1328/456 1203/1327/515 1337/1327/571 1336/1328/526 
f 1204/1327/515 1206/1328/456 1296/1328/455 1298/1327/551 
f 1207/1329/450 1205/1328/456 1336/1328/526 1335/1329/524 
f 1206/1328/456 1208/1329/450 1294/1329/449 1296/1328/455 
f 1209/1330/444 1207/1329/450 1335/1329/524 1334/1330/523 
f 1208/1329/450 1210/1330/444 1292/1330/443 1294/1329/449 
f 1211/1331/438 1209/1330/444 1334/1330/523 1333/1331/522 
f 1210/1330/444 1212/1331/438 1290/1331/437 1292/1330/443 
f 1213/1332/319 1211/1331/438 1333/1331/522 1332/1332/570 
f 1212/1331/438 1214/1332/319 1288/1332/545 1290/1331/437 
f 1215/1333/312 1213/1332/319 1332/1332/570 1331/1333/569 
f 1214/1332/319 1216/1333/312 1286/1333/543 1288/1332/545 
f 1217/1334/516 1215/1333/312 1331/1333/569 1330/1334/518 
f 1216/1333/312 1218/1334/516 1284/1334/541 1286/1333/543 
f 1219/1335/412 1217/1334/516 1330/1334/518 1329/1335/568 
f 1218/1334/516 1220/1335/412 1282/1335/539 1284/1334/541 
f 1221/1336/513 1219/1335/412 1329/1335/568 1328/1336/567 
f 1220/1335/412 1222/1336/513 1280/1336/404 1282/1335/539 
f 1223/1337/506 1221/1336/513 1328/1336/567 1327/1337/566 
f 1222/1336/513 1224/1337/506 1278/1337/397 1280/1336/404 
f 1225/1338/391 1223/1337/506 1327/1337/566 1326/1338/558 
f 1224/1337/506 1226/1338/391 1276/1338/389 1278/1337/397 
f 1227/1339/382 1225/1338/391 1326/1338/558 1325/1339/557 
f 1226/1338/391 1228/1339/382 1274/1339/381 1276/1338/389 
f 1229/1340/375 1227/1339/382 1325/1339/557 1324/1340/565 
f 1228/1339/382 1230/1340/375 1272/1340/533 1274/1339/381 
f 1231/1341/367 1229/1340/375 1324/1340/565 1323/1341/564 
f 1230/1340/375 1232/1341/367 1270/1341/366 1272/1340/533 
f 1233/1342/360 1231/1341/367 1323/1341/564 1322/1342/552 
f 1232/1341/367 1234/1342/360 1268/1342/530 1270/1341/366 
f 1235/1343/514 1233/1342/360 1322/1342/552 1321/1343/550 
f 1234/1342/360 1236/1343/514 1266/1343/528 1268/1342/530 
f 1237/1344/344 1235/1343/514 1321/1343/550 1320/1344/549 
f 1236/1343/514 1238/1344/344 1264/1344/343 1266/1343/528 
f 1239/1345/336 1237/1344/344 1320/1344/549 1319/1345/548 
f 1238/1344/344 1240/1345/336 1262/1345/525 1264/1344/343 
f 1241/1346/329 1239/1345/336 1319/1345/548 1318/1346/547 
f 1240/1345/336 1242/1346/329 1260/1346/327 1262/1345/525 
f 1243/1347/321 1241/1346/329 1318/1346/547 1317/1347/546 
f 1242/1346/329 1244/1347/321 1258/1347/320 1260/1346/327 
f 1245/1348/314 1243/1347/321 1317/1347/546 1316/1348/544 
f 1244/1347/321 1246/1348/314 1256/1348/313 1258/1347/320 
f 1247/1349/307 1245/1348/314 1316/1348/544 1315/1349/563 
f 1246/1348/314 1248/1349/307 1254/1349/520 1256/1348/313 
f 1185/1317/289 1247/1349/307 1315/1349/563 1314/1317/540 
f 1248/1349/307 1188/1317/289 1251/1317/287 1254/1349/520 
# 672 polygons

#
# object Bulb_GU10_led_004
#

v  -21.8075 8.6824 -2.2326
v  -23.2120 8.6824 -4.7884
v  -23.6836 8.6824 -0.0001
v  -23.2120 6.0688 -4.7884
v  -23.6836 6.0688 -0.0001
v  -23.2581 5.6433 -0.0001
v  -22.7946 5.6433 -4.7053
v  -20.6518 5.6433 -4.2791
v  -21.0732 5.6433 -0.0001
v  -20.6477 6.0688 -0.0001
v  -20.2344 6.0688 -4.1961
v  -20.2344 6.7422 -4.1961
v  -20.6477 6.7422 -0.0001
v  -20.3865 7.0034 -0.0001
v  -19.9782 7.0034 -4.1451
v  -18.6345 7.0034 -3.8778
v  -19.0164 7.0034 -0.0001
v  -7.8820 18.7441 -0.0001
v  -7.2165 18.7441 -3.3456
v  -7.2165 16.8909 -3.3456
v  -7.8820 16.8909 -0.0001
v  -6.7287 16.2988 -3.1435
v  -7.3539 16.2988 -0.0001
v  -5.8952 16.2988 -2.7983
v  -6.4518 16.2988 -0.0001
v  -6.4518 16.6694 -0.0001
v  -5.8952 16.6694 -2.7983
v  0.8604 16.6694 -0.0001
v  0.8603 57.3011 -0.0001
v  -8.5398 57.3011 -5.0245
v  -9.7470 57.3011 -1.0448
v  -9.3646 38.5392 -5.4654
v  -10.6777 38.5392 -1.1365
v  -10.7007 56.5132 -1.1387
v  -9.3850 56.5132 -5.4763
v  -15.8758 29.3363 -8.9457
v  -18.0252 29.3363 -1.8601
v  -18.6202 18.9178 -10.4127
v  -21.1221 18.9178 -2.1651
v  -19.1710 9.6355 -10.7071
v  -21.7436 9.6355 -2.2264
v  -19.2276 8.6824 -10.7373
v  -21.8153 8.6824 -9.3926
v  -21.8153 6.0688 -9.3926
v  -21.4221 5.6433 -9.2298
v  -19.4036 5.6433 -8.3937
v  -19.0105 6.0688 -8.2308
v  -19.0105 6.7422 -8.2308
v  -18.7692 7.0034 -8.1309
v  -17.5034 7.0034 -7.6066
v  -19.5472 8.6824 -13.6360
v  -19.5472 6.0688 -13.6360
v  -19.1934 5.6433 -13.3995
v  -17.3767 5.6433 -12.1857
v  -17.0229 6.0688 -11.9493
v  -17.0229 6.7422 -11.9493
v  -16.8057 7.0034 -11.8042
v  -15.6665 7.0034 -11.0430
v  -5.3214 18.7441 -6.1818
v  -5.3214 16.8909 -6.1818
v  -4.9480 16.2988 -5.8084
v  -4.3101 16.2988 -5.1706
v  -4.3101 16.6694 -5.1706
v  -5.9014 57.3011 -8.2393
v  -6.4947 38.5391 -8.9623
v  -6.5094 56.5132 -8.9802
v  -11.1785 29.3363 -14.6694
v  -13.1526 18.9178 -17.0749
v  -13.5488 9.6355 -17.5577
v  -13.5895 8.6824 -17.6073
v  -16.4948 8.6824 -17.3553
v  -16.4948 6.0688 -17.3553
v  -16.1939 5.6433 -17.0544
v  -14.6490 5.6433 -15.5094
v  -14.3481 6.0688 -15.2085
v  -14.3481 6.7422 -15.2085
v  -14.1634 7.0034 -15.0238
v  -13.1946 7.0034 -14.0550
v  -12.7755 8.6824 -20.4076
v  -12.7755 6.0688 -20.4076
v  -12.5391 5.6433 -20.0538
v  -11.3253 5.6433 -18.2372
v  -11.0889 6.0688 -17.8833
v  -11.0889 6.7422 -17.8833
v  -10.9438 7.0034 -17.6662
v  -10.1826 7.0034 -16.5270
v  -2.4852 18.7441 -8.0769
v  -2.4852 16.8909 -8.0769
v  -2.2831 16.2988 -7.5891
v  -1.9379 16.2988 -6.7556
v  -1.9379 16.6694 -6.7556
v  -2.2337 57.3011 -10.1998
v  -2.5052 38.5392 -11.0947
v  -2.5119 56.5132 -11.1169
v  -4.6484 29.3363 -18.1598
v  -5.5517 18.9178 -21.1377
v  -5.7330 9.6355 -21.7354
v  -5.7516 8.6824 -21.7968
v  -8.5322 8.6824 -22.6757
v  -8.5322 6.0688 -22.6757
v  -8.3694 5.6433 -22.2826
v  -7.5333 5.6433 -20.2640
v  -7.3704 6.0688 -19.8709
v  -7.3704 6.7422 -19.8709
v  -7.2705 7.0034 -19.6296
v  -6.7461 7.0034 -18.3638
v  -3.9279 8.6824 -24.0724
v  -3.9279 6.0688 -24.0724
v  -3.8449 5.6433 -23.6550
v  -3.4187 5.6433 -21.5122
v  -3.3357 6.0688 -21.0948
v  -3.3357 6.7422 -21.0948
v  -3.2847 7.0034 -20.8387
v  -3.0174 7.0034 -19.4949
v  0.8604 18.7441 -8.7424
v  0.8604 16.8909 -8.7424
v  0.8604 16.2988 -8.2144
v  0.8604 16.2988 -7.3123
v  0.8604 16.6694 -7.3123
v  1.9051 57.3011 -10.6074
v  1.9968 38.5392 -11.5381
v  1.9990 56.5132 -11.5612
v  2.7204 29.3363 -18.8856
v  3.0254 18.9178 -21.9825
v  3.0866 9.6355 -22.6041
v  3.0929 8.6824 -22.6679
v  0.8604 8.6824 -24.5440
v  0.8604 6.0688 -24.5440
v  0.8604 5.6433 -24.1185
v  0.8604 5.6433 -21.9336
v  0.8604 6.0688 -21.5081
v  0.8604 6.7422 -21.5081
v  0.8604 7.0034 -21.2469
v  0.8604 7.0034 -19.8768
v  5.6486 8.6824 -24.0724
v  5.6486 6.0688 -24.0724
v  5.5656 5.6433 -23.6550
v  5.1394 5.6433 -21.5122
v  5.0564 6.0688 -21.0948
v  5.0564 6.7422 -21.0948
v  5.0054 7.0034 -20.8387
v  4.7381 7.0034 -19.4949
v  4.2059 18.7441 -8.0769
v  4.2059 16.8909 -8.0769
v  4.0038 16.2988 -7.5891
v  3.6586 16.2988 -6.7556
v  3.6586 16.6694 -6.7556
v  5.8848 57.3011 -9.4002
v  6.3257 38.5392 -10.2250
v  6.3366 56.5132 -10.2454
v  9.8060 29.3363 -16.7362
v  11.2729 18.9178 -19.4807
v  11.5674 9.6355 -20.0315
v  11.5976 8.6824 -20.0880
v  10.2529 8.6824 -22.6757
v  10.2529 6.0688 -22.6757
v  10.0901 5.6433 -22.2826
v  9.2540 5.6433 -20.2640
v  9.0911 6.0688 -19.8709
v  9.0911 6.7422 -19.8709
v  8.9912 7.0034 -19.6296
v  8.4668 7.0034 -18.3638
v  14.4962 8.6824 -20.4076
v  14.4962 6.0688 -20.4076
v  14.2598 5.6433 -20.0538
v  13.0460 5.6433 -18.2372
v  12.8096 6.0688 -17.8833
v  12.8096 6.7422 -17.8833
v  12.6645 7.0034 -17.6662
v  11.9033 7.0034 -16.5270
v  7.0421 18.7441 -6.1818
v  7.0421 16.8909 -6.1818
v  6.6687 16.2988 -5.8084
v  6.0309 16.2988 -5.1706
v  6.0309 16.6694 -5.1706
v  9.0996 57.3011 -6.7619
v  9.8226 38.5392 -7.3552
v  9.8404 56.5132 -7.3698
v  15.5297 29.3363 -12.0389
v  17.9352 18.9179 -14.0131
v  18.4180 9.6355 -14.4093
v  18.4676 8.6824 -14.4500
v  18.2155 8.6824 -17.3553
v  18.2155 6.0688 -17.3553
v  17.9146 5.6433 -17.0544
v  16.3697 5.6433 -15.5094
v  16.0688 6.0688 -15.2085
v  16.0688 6.7422 -15.2085
v  15.8841 7.0034 -15.0239
v  14.9153 7.0034 -14.0550
v  21.2679 8.6824 -13.6360
v  21.2679 6.0688 -13.6360
v  20.9141 5.6433 -13.3995
v  19.0974 5.6433 -12.1857
v  18.7436 6.0688 -11.9493
v  18.7436 6.7422 -11.9493
v  18.5265 7.0034 -11.8042
v  17.3873 7.0034 -11.0430
v  8.9372 18.7441 -3.3456
v  8.9372 16.8909 -3.3456
v  8.4494 16.2988 -3.1435
v  7.6159 16.2988 -2.7983
v  7.6159 16.6694 -2.7983
v  11.0601 57.3011 -3.0941
v  11.9550 38.5392 -3.3656
v  11.9772 56.5132 -3.3723
v  19.0201 29.3363 -5.5088
v  21.9980 18.9179 -6.4121
v  22.5957 9.6355 -6.5934
v  22.6570 8.6824 -6.6120
v  23.5360 8.6824 -9.3926
v  23.5360 6.0688 -9.3926
v  23.1429 5.6433 -9.2298
v  21.1243 5.6433 -8.3937
v  20.7312 6.0688 -8.2308
v  20.7312 6.7422 -8.2308
v  20.4899 7.0034 -8.1309
v  19.2241 7.0034 -7.6066
v  24.9327 8.6824 -4.7884
v  24.9327 6.0688 -4.7884
v  24.5153 5.6433 -4.7053
v  22.3725 5.6433 -4.2791
v  21.9551 6.0688 -4.1961
v  21.9551 6.7422 -4.1961
v  21.6989 7.0034 -4.1451
v  20.3552 7.0034 -3.8778
v  9.6027 18.7441 -0.0001
v  9.6027 16.8909 -0.0001
v  9.0746 16.2988 -0.0001
v  8.1725 16.2988 -0.0001
v  8.1725 16.6694 -0.0001
v  11.4677 57.3011 1.0447
v  12.3984 38.5392 1.1363
v  12.4214 56.5132 1.1386
v  19.7459 29.3363 1.8600
v  22.8428 18.9179 2.1650
v  23.4643 9.6355 2.2262
v  23.5282 8.6824 2.2325
v  25.4043 8.6824 -0.0001
v  25.4043 6.0688 -0.0001
v  24.9788 5.6433 -0.0001
v  22.7939 5.6433 -0.0001
v  22.3684 6.0688 -0.0001
v  22.3684 6.7422 -0.0001
v  22.1072 7.0034 -0.0001
v  20.7371 7.0034 -0.0001
v  24.9327 8.6824 4.7882
v  24.9327 6.0688 4.7882
v  24.5153 5.6433 4.7052
v  22.3725 5.6433 4.2790
v  21.9551 6.0688 4.1959
v  21.9551 6.7422 4.1959
v  21.6989 7.0034 4.1450
v  20.3552 7.0034 3.8777
v  8.9372 18.7441 3.3455
v  8.9372 16.8909 3.3455
v  8.4494 16.2988 3.1434
v  7.6159 16.2988 2.7982
v  7.6159 16.6694 2.7982
v  10.2604 57.3011 5.0244
v  11.0853 38.5392 5.4653
v  11.1056 56.5132 5.4762
v  17.5965 29.3363 8.9456
v  20.3409 18.9179 10.4125
v  20.8917 9.6355 10.7069
v  20.9483 8.6824 10.7372
v  23.5360 8.6824 9.3925
v  23.5360 6.0688 9.3925
v  23.1429 5.6433 9.2296
v  21.1243 5.6433 8.3935
v  20.7312 6.0688 8.2307
v  20.7312 6.7422 8.2307
v  20.4899 7.0034 8.1307
v  19.2241 7.0034 7.6064
v  21.2679 8.6824 13.6358
v  21.2679 6.0688 13.6358
v  20.9141 5.6433 13.3994
v  19.0974 5.6433 12.1856
v  18.7436 6.0688 11.9491
v  18.7436 6.7422 11.9491
v  18.5265 7.0034 11.8040
v  17.3873 7.0034 11.0429
v  7.0421 18.7441 6.1817
v  7.0421 16.8909 6.1817
v  6.6687 16.2988 5.8083
v  6.0309 16.2988 5.1704
v  6.0309 16.6694 5.1704
v  7.6221 57.3011 8.2392
v  8.2154 38.5392 8.9621
v  8.2301 56.5132 8.9800
v  12.8992 29.3363 14.6693
v  14.8733 18.9179 17.0748
v  15.2696 9.6355 17.5576
v  15.3102 8.6824 17.6072
v  18.2155 8.6824 17.3551
v  18.2155 6.0688 17.3551
v  17.9146 5.6433 17.0542
v  16.3697 5.6433 15.5093
v  16.0688 6.0688 15.2084
v  16.0688 6.7422 15.2084
v  15.8841 7.0034 15.0237
v  14.9153 7.0034 14.0549
v  14.4962 8.6824 20.4075
v  14.4962 6.0688 20.4075
v  14.2598 5.6433 20.0537
v  13.0460 5.6433 18.2370
v  12.8096 6.0688 17.8832
v  12.8096 6.7422 17.8832
v  12.6645 7.0034 17.6660
v  11.9033 7.0034 16.5268
v  4.2059 18.7441 8.0768
v  4.2059 16.8909 8.0768
v  4.0038 16.2988 7.5889
v  3.6586 16.2988 6.7555
v  3.6586 16.6694 6.7555
v  3.9544 57.3011 10.1996
v  4.2259 38.5392 11.0946
v  4.2326 56.5132 11.1167
v  6.3691 29.3363 18.1597
v  7.2724 18.9178 21.1376
v  7.4537 9.6355 21.7353
v  7.4723 8.6824 21.7966
v  10.2529 8.6824 22.6756
v  10.2529 6.0688 22.6756
v  10.0901 5.6433 22.2824
v  9.2540 5.6433 20.2639
v  9.0911 6.0688 19.8708
v  9.0911 6.7422 19.8708
v  8.9912 7.0034 19.6295
v  8.4668 7.0034 18.3636
v  5.6486 8.6824 24.0723
v  5.6486 6.0688 24.0723
v  5.5656 5.6433 23.6549
v  5.1394 5.6433 21.5120
v  5.0564 6.0688 21.0947
v  5.0564 6.7422 21.0947
v  5.0054 7.0034 20.8385
v  4.7381 7.0034 19.4947
v  0.8604 18.7441 8.7423
v  0.8604 16.8909 8.7423
v  0.8604 16.2988 8.2142
v  0.8604 16.2988 7.3121
v  0.8604 16.6694 7.3121
v  -0.1844 57.3011 10.6073
v  -0.2761 38.5392 11.5380
v  -0.2783 56.5132 11.5610
v  -0.9997 29.3363 18.8855
v  -1.3047 18.9178 21.9824
v  -1.3659 9.6355 22.6039
v  -1.3722 8.6824 22.6677
v  0.8604 8.6824 24.5439
v  0.8604 6.0688 24.5439
v  0.8604 5.6433 24.1183
v  0.8604 5.6433 21.9335
v  0.8604 6.0688 21.5080
v  0.8604 6.7422 21.5080
v  0.8604 7.0034 21.2468
v  0.8604 7.0034 19.8767
v  -3.9279 8.6824 24.0723
v  -3.9279 6.0688 24.0723
v  -3.8449 5.6433 23.6549
v  -3.4187 5.6433 21.5120
v  -3.3357 6.0688 21.0947
v  -3.3357 6.7422 21.0947
v  -3.2847 7.0034 20.8385
v  -3.0174 7.0034 19.4947
v  -2.4852 18.7441 8.0768
v  -2.4852 16.8909 8.0768
v  -2.2831 16.2988 7.5889
v  -1.9379 16.2988 6.7555
v  -1.9379 16.6694 6.7555
v  -4.1641 57.3011 9.4000
v  -4.6050 38.5392 10.2248
v  -4.6159 56.5132 10.2452
v  -8.0853 29.3363 16.7361
v  -9.5522 18.9178 19.4805
v  -9.8467 9.6355 20.0313
v  -9.8769 8.6824 20.0879
v  -8.5322 8.6824 22.6756
v  -8.5322 6.0688 22.6756
v  -8.3694 5.6433 22.2824
v  -7.5333 5.6433 20.2639
v  -7.3704 6.0688 19.8707
v  -7.3704 6.7422 19.8707
v  -7.2705 7.0034 19.6294
v  -6.7461 7.0034 18.3636
v  -12.7755 8.6824 20.4075
v  -12.7755 6.0688 20.4075
v  -12.5391 5.6433 20.0537
v  -11.3253 5.6433 18.2370
v  -11.0889 6.0688 17.8832
v  -11.0889 6.7422 17.8832
v  -10.9438 7.0034 17.6660
v  -10.1826 7.0034 16.5268
v  -5.3214 18.7441 6.1817
v  -5.3214 16.8909 6.1817
v  -4.9480 16.2988 5.8083
v  -4.3102 16.2988 5.1704
v  -4.3102 16.6694 5.1704
v  -7.3789 57.3011 6.7617
v  -8.1019 38.5392 7.3550
v  -8.1197 56.5132 7.3697
v  -13.8090 29.3363 12.0387
v  -16.2145 18.9178 14.0129
v  -16.6973 9.6355 14.4091
v  -16.7469 8.6824 14.4498
v  -16.4948 8.6824 17.3551
v  -16.4948 6.0688 17.3551
v  -16.1939 5.6433 17.0542
v  -14.6490 5.6433 15.5093
v  -14.3481 6.0688 15.2084
v  -14.3481 6.7422 15.2084
v  -14.1634 7.0034 15.0237
v  -13.1946 7.0034 14.0549
v  -19.5472 8.6824 13.6358
v  -19.5472 6.0688 13.6358
v  -19.1934 5.6433 13.3994
v  -17.3767 5.6433 12.1856
v  -17.0229 6.0688 11.9492
v  -17.0229 6.7422 11.9492
v  -16.8057 7.0034 11.8040
v  -15.6665 7.0034 11.0429
v  -7.2165 18.7441 3.3455
v  -7.2165 16.8909 3.3455
v  -6.7287 16.2988 3.1434
v  -5.8952 16.2988 2.7982
v  -5.8952 16.6694 2.7982
v  -9.3394 57.3011 3.0940
v  -10.2343 38.5392 3.3655
v  -10.2565 56.5132 3.3722
v  -17.2994 29.3363 5.5086
v  -20.2773 18.9178 6.4120
v  -20.8750 9.6355 6.5933
v  -20.9363 8.6824 6.6119
v  -21.8153 8.6824 9.3925
v  -21.8153 6.0688 9.3925
v  -21.4221 5.6433 9.2296
v  -19.4036 5.6433 8.3935
v  -19.0105 6.0688 8.2307
v  -19.0105 6.7422 8.2307
v  -18.7692 7.0034 8.1307
v  -17.5034 7.0034 7.6064
v  -23.2120 8.6824 4.7882
v  -23.2120 6.0688 4.7882
v  -22.7946 5.6433 4.7052
v  -20.6518 5.6433 4.2790
v  -20.2344 6.0688 4.1959
v  -20.2344 6.7422 4.1959
v  -19.9782 7.0034 4.1450
v  -18.6345 7.0034 3.8777
v  11.7737 7.4788 -15.8299
v  14.2569 7.4788 -13.7920
v  13.8596 9.2805 -13.3947
v  11.4616 9.2805 -15.3627
v  14.6523 7.4788 -13.3966
v  16.6901 7.4788 -10.9135
v  16.2229 9.2805 -10.6013
v  14.2550 9.2805 -12.9993
v  17.0008 7.4788 -10.4485
v  18.5151 7.4788 -7.6155
v  17.9959 9.2805 -7.4005
v  16.5336 9.2805 -10.1363
v  18.7291 7.4788 -7.0989
v  19.6616 7.4788 -4.0249
v  19.1104 9.2805 -3.9153
v  18.2099 9.2805 -6.8839
v  19.7706 7.4788 -3.4765
v  20.0855 7.4788 -0.2797
v  19.5236 9.2805 -0.2797
v  19.2195 9.2805 -3.3669
v  20.0855 7.4788 0.2795
v  19.7706 7.4788 3.4764
v  19.2195 9.2805 3.3667
v  19.5236 9.2805 0.2795
v  19.6616 7.4788 4.0248
v  18.7291 7.4788 7.0988
v  18.2099 9.2805 6.8837
v  19.1104 9.2805 3.9152
v  18.5151 7.4788 7.6154
v  17.0008 7.4788 10.4484
v  16.5336 9.2805 10.1362
v  17.9960 9.2805 7.4004
v  16.6901 7.4788 10.9133
v  14.6523 7.4788 13.3965
v  14.2550 9.2805 12.9991
v  16.2229 9.2805 10.6011
v  14.2569 7.4788 13.7919
v  11.7737 7.4788 15.8297
v  11.4616 9.2805 15.3625
v  13.8596 9.2805 13.3945
v  11.3088 7.4788 16.1404
v  8.4758 7.4788 17.6547
v  8.2608 9.2805 17.1355
v  10.9966 9.2805 15.6732
v  7.9592 7.4788 17.8687
v  4.8852 7.4788 18.8011
v  4.7756 9.2805 18.2500
v  7.7442 9.2805 17.3495
v  4.3368 7.4788 18.9102
v  1.1399 7.4788 19.2251
v  1.1399 9.2805 18.6632
v  4.2272 9.2805 18.3591
v  0.5808 7.4788 19.2251
v  -2.6161 7.4788 18.9102
v  -2.5064 9.2805 18.3591
v  0.5808 9.2805 18.6632
v  -3.1645 7.4788 18.8011
v  -6.2385 7.4788 17.8686
v  -6.0235 9.2805 17.3495
v  -3.0549 9.2805 18.2500
v  -6.7551 7.4788 17.6547
v  -9.5881 7.4788 16.1404
v  -9.2759 9.2805 15.6732
v  -6.5401 9.2805 17.1355
v  -10.0530 7.4788 15.8297
v  -12.5362 7.4788 13.7919
v  -12.1389 9.2805 13.3945
v  -9.7409 9.2805 15.3625
v  -12.9316 7.4788 13.3965
v  -14.9694 7.4788 10.9133
v  -14.5022 9.2805 10.6011
v  -12.5343 9.2805 12.9991
v  -15.2801 7.4788 10.4484
v  -16.7944 7.4788 7.6154
v  -16.2752 9.2805 7.4004
v  -14.8129 9.2805 10.1362
v  -17.0084 7.4788 7.0988
v  -17.9408 7.4788 4.0248
v  -17.3897 9.2805 3.9152
v  -16.4892 9.2805 6.8837
v  -18.0499 7.4788 3.4764
v  -18.3648 7.4788 0.2795
v  -17.8029 9.2805 0.2795
v  -17.4988 9.2805 3.3667
v  -18.3648 7.4788 -0.2797
v  -18.0499 7.4788 -3.4765
v  -17.4988 9.2805 -3.3669
v  -17.8029 9.2805 -0.2797
v  -17.9408 7.4788 -4.0249
v  -17.0084 7.4788 -7.0989
v  -16.4892 9.2805 -6.8839
v  -17.3897 9.2805 -3.9153
v  -16.7944 7.4788 -7.6155
v  -15.2801 7.4788 -10.4485
v  -14.8129 9.2805 -10.1363
v  -16.2752 9.2805 -7.4005
v  -14.9694 7.4788 -10.9135
v  -12.9316 7.4788 -13.3966
v  -12.5343 9.2805 -12.9993
v  -14.5022 9.2805 -10.6013
v  -12.5362 7.4788 -13.7920
v  -10.0530 7.4788 -15.8299
v  -9.7409 9.2805 -15.3627
v  -12.1389 9.2805 -13.3947
v  -9.5881 7.4788 -16.1405
v  -6.7551 7.4788 -17.6548
v  -6.5401 9.2805 -17.1357
v  -9.2759 9.2805 -15.6733
v  -6.2385 7.4788 -17.8688
v  -3.1645 7.4788 -18.8013
v  -3.0549 9.2805 -18.2502
v  -6.0235 9.2805 -17.3496
v  -2.6161 7.4788 -18.9104
v  0.5808 7.4788 -19.2252
v  0.5808 9.2805 -18.6633
v  -2.5064 9.2805 -18.3592
v  1.1399 7.4788 -19.2252
v  4.3368 7.4788 -18.9104
v  4.2272 9.2805 -18.3592
v  1.1399 9.2805 -18.6633
v  4.8852 7.4788 -18.8013
v  7.9592 7.4788 -17.8688
v  7.7442 9.2805 -17.3497
v  4.7756 9.2805 -18.2502
v  8.4758 7.4788 -17.6548
v  11.3088 7.4788 -16.1405
v  10.9966 9.2805 -15.6733
v  8.2608 9.2805 -17.1357
v  10.1643 16.1507 -9.7142
v  8.9012 17.1236 -8.4511
v  7.5803 17.1236 -9.5351
v  8.5728 16.1507 -11.0204
v  11.8807 16.1507 -7.7125
v  10.3954 17.1236 -6.7201
v  9.3114 17.1236 -8.0409
v  10.5745 16.1507 -9.3040
v  13.1735 16.1507 -5.4143
v  11.5232 17.1236 -4.7307
v  10.7177 17.1236 -6.2377
v  12.2030 16.1507 -7.2301
v  13.9932 16.1507 -2.9081
v  12.2412 17.1236 -2.5596
v  11.7452 17.1236 -4.1948
v  13.3955 16.1507 -4.8783
v  14.3082 16.1507 -0.2901
v  12.5219 17.1236 -0.2901
v  12.3544 17.1236 -1.9906
v  14.1064 16.1507 -2.3391
v  14.1064 16.1507 2.3390
v  12.3544 17.1236 1.9905
v  12.5219 17.1236 0.2900
v  14.3082 16.1507 0.2900
v  13.3955 16.1507 4.8782
v  11.7452 17.1236 4.1946
v  12.2412 17.1236 2.5595
v  13.9932 16.1507 2.9080
v  12.2030 16.1507 7.2300
v  10.7177 17.1236 6.2376
v  11.5232 17.1236 4.7306
v  13.1735 16.1507 5.4142
v  10.5745 16.1507 9.3039
v  9.3114 17.1236 8.0408
v  10.3954 17.1236 6.7199
v  11.8807 16.1507 7.7123
v  8.5727 16.1507 11.0202
v  7.5803 17.1236 9.5350
v  8.9012 17.1236 8.4510
v  10.1643 16.1507 9.7141
v  6.2746 16.1507 12.3131
v  5.5910 17.1236 10.6628
v  7.0980 17.1236 9.8573
v  8.0904 16.1507 11.3426
v  3.7684 16.1507 13.1328
v  3.4199 17.1236 11.3808
v  5.0550 17.1236 10.8848
v  5.7386 16.1507 12.5351
v  1.1504 16.1507 13.4478
v  1.1504 17.1236 11.6615
v  2.8509 17.1236 11.4940
v  3.1994 16.1507 13.2460
v  -1.4787 16.1507 13.2460
v  -1.1302 17.1236 11.4940
v  0.5703 17.1236 11.6615
v  0.5703 16.1507 13.4478
v  -4.0179 16.1507 12.5351
v  -3.3343 17.1236 10.8848
v  -1.6992 17.1236 11.3808
v  -2.0477 16.1507 13.1328
v  -6.3697 16.1507 11.3425
v  -5.3773 17.1236 9.8573
v  -3.8703 17.1236 10.6628
v  -4.5539 16.1507 12.3131
v  -8.4436 16.1507 9.7141
v  -7.1805 17.1236 8.4510
v  -5.8596 17.1236 9.5350
v  -6.8520 16.1507 11.0202
v  -10.1599 16.1507 7.7123
v  -8.6747 17.1236 6.7199
v  -7.5907 17.1236 8.0408
v  -8.8538 16.1507 9.3039
v  -11.4528 16.1507 5.4142
v  -9.8025 17.1236 4.7306
v  -8.9970 17.1236 6.2376
v  -10.4823 16.1507 7.2300
v  -12.2725 16.1507 2.9080
v  -10.5205 17.1236 2.5595
v  -10.0245 17.1236 4.1946
v  -11.6748 16.1507 4.8782
v  -12.5875 16.1507 0.2900
v  -10.8012 17.1236 0.2900
v  -10.6337 17.1236 1.9905
v  -12.3857 16.1507 2.3390
v  -12.3857 16.1507 -2.3391
v  -10.6337 17.1236 -1.9906
v  -10.8012 17.1236 -0.2901
v  -12.5875 16.1507 -0.2901
v  -11.6748 16.1507 -4.8783
v  -10.0245 17.1236 -4.1948
v  -10.5205 17.1236 -2.5596
v  -12.2725 16.1507 -2.9081
v  -10.4823 16.1507 -7.2301
v  -8.9970 17.1236 -6.2377
v  -9.8025 17.1236 -4.7307
v  -11.4528 16.1507 -5.4143
v  -8.8538 16.1507 -9.3040
v  -7.5907 17.1236 -8.0409
v  -8.6747 17.1236 -6.7201
v  -10.1599 16.1507 -7.7125
v  -6.8520 16.1507 -11.0204
v  -5.8596 17.1236 -9.5351
v  -7.1805 17.1236 -8.4511
v  -8.4436 16.1507 -9.7142
v  -4.5539 16.1507 -12.3132
v  -3.8703 17.1236 -10.6629
v  -5.3773 17.1236 -9.8574
v  -6.3697 16.1507 -11.3427
v  -2.0477 16.1507 -13.1329
v  -1.6992 17.1236 -11.3809
v  -3.3343 17.1236 -10.8849
v  -4.0179 16.1507 -12.5352
v  0.5703 16.1507 -13.4479
v  0.5703 17.1236 -11.6616
v  -1.1302 17.1236 -11.4941
v  -1.4787 16.1507 -13.2461
v  3.1994 16.1507 -13.2461
v  2.8509 17.1236 -11.4941
v  1.1504 17.1236 -11.6616
v  1.1504 16.1507 -13.4479
v  5.7386 16.1507 -12.5353
v  5.0550 17.1236 -10.8849
v  3.4199 17.1236 -11.3809
v  3.7684 16.1507 -13.1329
v  8.0904 16.1507 -11.3427
v  7.0980 17.1236 -9.8574
v  5.5910 17.1236 -10.6629
v  6.2746 16.1507 -12.3132
v  12.7631 12.3190 -12.3033
v  11.8369 14.0436 -11.3770
v  9.8773 14.0436 -12.9853
v  10.6050 12.3190 -14.0744
v  14.9347 12.3190 -9.7447
v  13.8455 14.0435 -9.0170
v  12.2373 14.0435 -10.9766
v  13.1635 12.3190 -11.9029
v  16.5653 12.3190 -6.8117
v  15.3552 14.0436 -6.3105
v  14.1601 14.0436 -8.5462
v  15.2493 12.3190 -9.2739
v  17.5924 12.3190 -3.6170
v  16.3077 14.0436 -3.3614
v  15.5719 14.0436 -5.7873
v  16.7820 12.3190 -6.2886
v  17.9766 12.3190 -0.2832
v  16.6667 14.0436 -0.2832
v  16.4182 14.0436 -2.8060
v  17.7029 12.3190 -3.0616
v  17.7029 12.3190 3.0614
v  16.4182 14.0436 2.8059
v  16.6667 14.0436 0.2831
v  17.9766 12.3190 0.2831
v  16.7820 12.3190 6.2884
v  15.5719 14.0436 5.7872
v  16.3077 14.0436 3.3613
v  17.5924 12.3190 3.6168
v  15.2493 12.3190 9.2738
v  14.1601 14.0436 8.5461
v  15.3552 14.0436 6.3103
v  16.5653 12.3190 6.8116
v  13.1635 12.3190 11.9027
v  12.2373 14.0436 10.9765
v  13.8455 14.0436 9.0169
v  14.9347 12.3190 9.7446
v  10.6050 12.3190 14.0742
v  9.8773 14.0436 12.9851
v  11.8369 14.0436 11.3769
v  12.7631 12.3190 12.3031
v  7.6720 12.3190 15.7049
v  7.1708 14.0436 14.4947
v  9.4065 14.0436 13.2997
v  10.1342 12.3190 14.3888
v  4.4773 12.3190 16.7320
v  4.2217 14.0436 15.4473
v  6.6476 14.0436 14.7114
v  7.1489 12.3190 15.9216
v  1.1435 12.3190 17.1161
v  1.1435 14.0436 15.8063
v  3.6663 14.0436 15.5578
v  3.9219 12.3190 16.8425
v  -2.2012 12.3190 16.8425
v  -1.9456 14.0436 15.5578
v  0.5772 14.0436 15.8063
v  0.5772 12.3190 17.1161
v  -5.4282 12.3190 15.9216
v  -4.9269 14.0436 14.7114
v  -2.5010 14.0436 15.4473
v  -2.7565 12.3190 16.7320
v  -8.4135 12.3190 14.3888
v  -7.6858 14.0436 13.2997
v  -5.4501 14.0436 14.4947
v  -5.9513 12.3190 15.7049
v  -11.0424 12.3190 12.3031
v  -10.1162 14.0436 11.3769
v  -8.1566 14.0436 12.9851
v  -8.8843 12.3190 14.0742
v  -13.2140 12.3190 9.7446
v  -12.1248 14.0436 9.0169
v  -10.5166 14.0436 10.9765
v  -11.4428 12.3190 11.9027
v  -14.8446 12.3190 6.8116
v  -13.6345 14.0436 6.3103
v  -12.4394 14.0436 8.5461
v  -13.5286 12.3190 9.2738
v  -15.8717 12.3190 3.6168
v  -14.5870 14.0436 3.3613
v  -13.8512 14.0436 5.7872
v  -15.0613 12.3190 6.2884
v  -16.2559 12.3190 0.2831
v  -14.9460 14.0436 0.2831
v  -14.6975 14.0436 2.8059
v  -15.9822 12.3190 3.0614
v  -15.9822 12.3190 -3.0616
v  -14.6975 14.0436 -2.8060
v  -14.9460 14.0436 -0.2832
v  -16.2559 12.3190 -0.2832
v  -15.0613 12.3190 -6.2886
v  -13.8512 14.0436 -5.7873
v  -14.5870 14.0436 -3.3614
v  -15.8717 12.3190 -3.6170
v  -13.5286 12.3190 -9.2739
v  -12.4394 14.0435 -8.5462
v  -13.6345 14.0435 -6.3105
v  -14.8446 12.3190 -6.8117
v  -11.4428 12.3190 -11.9029
v  -10.5166 14.0436 -10.9766
v  -12.1248 14.0435 -9.0170
v  -13.2140 12.3190 -9.7447
v  -8.8843 12.3190 -14.0744
v  -8.1566 14.0436 -12.9853
v  -10.1162 14.0436 -11.3770
v  -11.0424 12.3190 -12.3033
v  -5.9513 12.3190 -15.7050
v  -5.4501 14.0436 -14.4949
v  -7.6858 14.0436 -13.2999
v  -8.4135 12.3190 -14.3890
v  -2.7565 12.3190 -16.7322
v  -2.5010 14.0436 -15.4475
v  -4.9269 14.0436 -14.7116
v  -5.4282 12.3190 -15.9217
v  0.5772 12.3190 -17.1163
v  0.5772 14.0435 -15.8064
v  -1.9456 14.0436 -15.5579
v  -2.2012 12.3190 -16.8426
v  3.9219 12.3190 -16.8426
v  3.6663 14.0436 -15.5579
v  1.1435 14.0436 -15.8064
v  1.1435 12.3190 -17.1163
v  7.1489 12.3190 -15.9217
v  6.6476 14.0436 -14.7116
v  4.2217 14.0436 -15.4475
v  4.4773 12.3190 -16.7322
v  10.1342 12.3190 -14.3890
v  9.4065 14.0436 -13.2999
v  7.1708 14.0436 -14.4949
v  7.6720 12.3190 -15.7050
v  13.7082 9.8032 -13.2453
v  12.9757 11.8429 -12.5129
v  10.7691 11.8429 -14.3238
v  11.3446 9.8032 -15.1851
v  16.0453 9.8032 -10.4843
v  15.1841 11.8429 -9.9088
v  13.3731 11.8429 -12.1155
v  14.1056 9.8032 -12.8479
v  17.7989 9.8032 -7.3204
v  16.8419 11.8429 -6.9240
v  15.4963 11.8429 -9.4415
v  16.3576 9.8032 -10.0170
v  18.9016 9.8032 -3.8752
v  17.8857 11.8429 -3.6731
v  17.0570 11.8429 -6.4048
v  18.0140 9.8032 -6.8012
v  19.3109 9.8032 -0.2811
v  18.2751 11.8429 -0.2811
v  17.9953 11.8429 -3.1219
v  19.0112 9.8032 -3.3240
v  19.0112 9.8032 3.3239
v  17.9953 11.8429 3.1218
v  18.2751 11.8429 0.2809
v  19.3109 9.8032 0.2809
v  18.0140 9.8032 6.8011
v  17.0570 11.8429 6.4047
v  17.8857 11.8429 3.6730
v  18.9016 9.8032 3.8751
v  16.3576 9.8033 10.0169
v  15.4963 11.8429 9.4414
v  16.8419 11.8429 6.9239
v  17.7989 9.8032 7.3203
v  14.1056 9.8032 12.8478
v  13.3731 11.8429 12.1153
v  15.1841 11.8429 9.9087
v  16.0453 9.8032 10.4842
v  11.3446 9.8032 15.1849
v  10.7691 11.8429 14.3236
v  12.9757 11.8429 12.5127
v  13.7082 9.8032 13.2452
v  8.1807 9.8032 16.9385
v  7.7843 11.8429 15.9815
v  10.3018 11.8429 14.6359
v  10.8773 9.8032 15.4972
v  4.7355 9.8032 18.0412
v  4.5334 11.8429 17.0252
v  7.2651 11.8429 16.1966
v  7.6615 9.8032 17.1536
v  1.1414 9.8032 18.4505
v  1.1414 11.8429 17.4147
v  3.9822 11.8429 17.1349
v  4.1843 9.8032 18.1508
v  -2.4636 9.8032 18.1508
v  -2.2615 11.8429 17.1349
v  0.5793 11.8429 17.4147
v  0.5793 9.8032 18.4505
v  -5.9408 9.8032 17.1536
v  -5.5444 11.8429 16.1966
v  -2.8127 11.8429 17.0252
v  -3.0148 9.8032 18.0412
v  -9.1566 9.8032 15.4972
v  -8.5811 11.8429 14.6359
v  -6.0636 11.8429 15.9815
v  -6.4600 9.8032 16.9385
v  -11.9875 9.8032 13.2452
v  -11.2550 11.8429 12.5127
v  -9.0484 11.8429 14.3236
v  -9.6239 9.8032 15.1849
v  -14.3246 9.8032 10.4842
v  -13.4634 11.8429 9.9087
v  -11.6524 11.8429 12.1153
v  -12.3849 9.8032 12.8478
v  -16.0782 9.8032 7.3203
v  -15.1212 11.8429 6.9239
v  -13.7756 11.8429 9.4414
v  -14.6369 9.8032 10.0169
v  -17.1809 9.8032 3.8751
v  -16.1650 11.8429 3.6730
v  -15.3363 11.8429 6.4047
v  -16.2933 9.8032 6.8011
v  -17.5902 9.8032 0.2809
v  -16.5544 11.8429 0.2809
v  -16.2746 11.8429 3.1218
v  -17.2905 9.8032 3.3239
v  -17.2905 9.8032 -3.3240
v  -16.2746 11.8429 -3.1219
v  -16.5544 11.8429 -0.2811
v  -17.5902 9.8032 -0.2811
v  -16.2933 9.8032 -6.8012
v  -15.3363 11.8429 -6.4048
v  -16.1650 11.8429 -3.6731
v  -17.1809 9.8032 -3.8752
v  -14.6369 9.8032 -10.0170
v  -13.7756 11.8429 -9.4415
v  -15.1212 11.8429 -6.9240
v  -16.0782 9.8032 -7.3204
v  -12.3849 9.8032 -12.8479
v  -11.6524 11.8429 -12.1154
v  -13.4634 11.8429 -9.9088
v  -14.3246 9.8032 -10.4843
v  -9.6239 9.8032 -15.1851
v  -9.0484 11.8429 -14.3238
v  -11.2550 11.8429 -12.5129
v  -11.9875 9.8032 -13.2453
v  -6.4600 9.8032 -16.9387
v  -6.0636 11.8429 -15.9817
v  -8.5811 11.8429 -14.6360
v  -9.1566 9.8032 -15.4973
v  -3.0148 9.8032 -18.0413
v  -2.8127 11.8429 -17.0254
v  -5.5444 11.8429 -16.1967
v  -5.9408 9.8032 -17.1537
v  0.5793 9.8032 -18.4507
v  0.5793 11.8429 -17.4148
v  -2.2615 11.8429 -17.1350
v  -2.4636 9.8032 -18.1510
v  4.1843 9.8032 -18.1510
v  3.9822 11.8429 -17.1350
v  1.1414 11.8429 -17.4148
v  1.1414 9.8032 -18.4507
v  7.6615 9.8032 -17.1537
v  7.2651 11.8429 -16.1967
v  4.5334 11.8429 -17.0254
v  4.7355 9.8032 -18.0413
v  10.8773 9.8032 -15.4973
v  10.3018 11.8429 -14.6360
v  7.7843 11.8429 -15.9817
v  8.1807 9.8032 -16.9387
v  8.5386 17.3184 -8.0959
v  6.3358 18.0647 -5.8912
v  5.5700 18.0647 -6.5196
v  7.3027 17.3184 -9.1102
v  9.9705 17.3184 -6.4424
v  7.3799 18.0647 -4.7098
v  6.7515 18.0647 -5.4756
v  8.9562 17.3184 -7.6783
v  11.0523 17.3184 -4.5413
v  8.1735 18.0647 -3.3474
v  7.7065 18.0647 -4.2211
v  10.2986 17.3184 -5.9514
v  11.7424 17.3184 -2.4657
v  8.6860 18.0647 -1.8563
v  8.3984 18.0647 -2.8043
v  11.2783 17.3184 -3.9957
v  12.0143 17.3184 -0.2953
v  8.8977 18.0647 -0.2939
v  8.8006 18.0647 -1.2799
v  11.8576 17.3184 -1.8865
v  11.8576 17.3184 1.8864
v  8.8006 18.0647 1.2797
v  8.8977 18.0647 0.2938
v  12.0143 17.3184 0.2952
v  11.2783 17.3184 3.9956
v  8.3984 18.0647 2.8042
v  8.6860 18.0647 1.8562
v  11.7424 17.3184 2.4655
v  10.2986 17.3184 5.9513
v  7.7065 18.0647 4.2209
v  8.1735 18.0647 3.3472
v  11.0523 17.3184 4.5411
v  8.9562 17.3184 7.6782
v  6.7515 18.0647 5.4754
v  7.3799 18.0647 4.7096
v  9.9705 17.3184 6.4422
v  7.3026 17.3184 9.1101
v  5.5700 18.0647 6.5195
v  6.3358 18.0647 5.8910
v  8.5386 17.3184 8.0957
v  5.4016 17.3184 10.1919
v  4.2076 18.0647 7.3131
v  5.0813 18.0647 6.8461
v  6.8117 17.3184 9.4381
v  3.3260 17.3184 10.8820
v  2.7166 18.0647 7.8256
v  3.6646 18.0647 7.5380
v  4.8560 17.3184 10.4178
v  1.1556 17.3184 11.1539
v  1.1542 18.0647 8.0373
v  2.1401 18.0647 7.9402
v  2.7468 17.3184 10.9972
v  -1.0261 17.3184 10.9972
v  -0.4194 18.0647 7.9402
v  0.5665 18.0647 8.0373
v  0.5651 17.3184 11.1539
v  -3.1353 17.3184 10.4178
v  -1.9439 18.0647 7.5380
v  -0.9959 18.0647 7.8256
v  -1.6053 17.3184 10.8820
v  -5.0910 17.3184 9.4381
v  -3.3606 18.0647 6.8461
v  -2.4869 18.0647 7.3131
v  -3.6809 17.3184 10.1919
v  -6.8179 17.3184 8.0957
v  -4.6151 18.0647 5.8910
v  -3.8493 18.0647 6.5195
v  -5.5819 17.3184 9.1101
v  -8.2498 17.3184 6.4422
v  -5.6592 18.0647 4.7096
v  -5.0308 18.0647 5.4754
v  -7.2355 17.3184 7.6782
v  -9.3316 17.3184 4.5411
v  -6.4528 18.0647 3.3472
v  -5.9858 18.0647 4.2209
v  -8.5779 17.3184 5.9513
v  -10.0217 17.3184 2.4655
v  -6.9653 18.0647 1.8562
v  -6.6777 18.0647 2.8042
v  -9.5575 17.3184 3.9956
v  -10.2936 17.3184 0.2952
v  -7.1770 18.0647 0.2938
v  -7.0799 18.0647 1.2797
v  -10.1369 17.3184 1.8864
v  -10.1369 17.3184 -1.8865
v  -7.0799 18.0647 -1.2799
v  -7.1770 18.0647 -0.2939
v  -10.2936 17.3184 -0.2953
v  -9.5575 17.3184 -3.9957
v  -6.6777 18.0647 -2.8043
v  -6.9653 18.0647 -1.8563
v  -10.0217 17.3184 -2.4657
v  -8.5779 17.3184 -5.9514
v  -5.9858 18.0647 -4.2211
v  -6.4528 18.0647 -3.3474
v  -9.3316 17.3184 -4.5413
v  -7.2355 17.3184 -7.6783
v  -5.0308 18.0647 -5.4756
v  -5.6592 18.0647 -4.7098
v  -8.2498 17.3184 -6.4424
v  -5.5819 17.3184 -9.1102
v  -3.8493 18.0647 -6.5197
v  -4.6151 18.0647 -5.8912
v  -6.8179 17.3184 -8.0959
v  -3.6809 17.3184 -10.1920
v  -2.4869 18.0647 -7.3132
v  -3.3606 18.0647 -6.8462
v  -5.0910 17.3184 -9.4383
v  -1.6052 17.3184 -10.8821
v  -0.9959 18.0647 -7.8257
v  -1.9439 18.0647 -7.5381
v  -3.1353 17.3184 -10.4180
v  0.5651 17.3184 -11.1540
v  0.5665 18.0647 -8.0375
v  -0.4194 18.0647 -7.9404
v  -1.0261 17.3184 -10.9973
v  2.7468 17.3184 -10.9973
v  2.1401 18.0647 -7.9404
v  1.1542 18.0647 -8.0375
v  1.1556 17.3184 -11.1540
v  4.8560 17.3184 -10.4180
v  3.6646 18.0647 -7.5381
v  2.7166 18.0647 -7.8257
v  3.3260 17.3184 -10.8821
v  6.8117 17.3184 -9.4383
v  5.0813 18.0647 -6.8462
v  4.2076 18.0647 -7.3132
v  5.4016 17.3184 -10.1920
v  -9.3859 57.3011 -5.4768
v  -10.7018 57.3011 -1.1388
v  -6.5101 57.3011 -8.9809
v  -2.5122 57.3011 -11.1178
v  1.9991 57.3011 -11.5622
v  6.3371 57.3011 -10.2463
v  9.8412 57.3011 -7.3705
v  11.9781 57.3011 -3.3726
v  12.4224 57.3011 1.1387
v  11.1065 57.3011 5.4766
v  8.2308 57.3011 8.9808
v  4.2329 57.3011 11.1177
v  -0.2784 57.3011 11.5620
v  -4.6164 57.3011 10.2461
v  -8.1205 57.3011 7.3703
v  -10.2574 57.3011 3.3725
v  11.5665 14.4559 -11.1106
v  10.4849 15.8330 -10.0290
v  8.8189 15.8330 -11.3962
v  9.6687 14.4559 -12.6681
v  13.5284 14.4559 -8.8085
v  12.2565 15.8330 -7.9586
v  10.8893 15.8330 -9.6246
v  11.9709 14.4559 -10.7062
v  15.0034 14.4559 -6.1678
v  13.5902 15.8330 -5.5824
v  12.5742 15.8330 -7.4831
v  13.8461 14.4559 -8.3330
v  15.9349 14.4559 -3.2901
v  14.4347 15.8330 -2.9917
v  13.8090 15.8330 -5.0541
v  15.2222 14.4559 -5.6395
v  16.2871 14.4559 -0.2860
v  14.7575 15.8330 -0.2860
v  14.5462 15.8330 -2.4308
v  16.0465 14.4559 -2.7292
v  16.0465 14.4559 2.7291
v  14.5462 15.8330 2.4307
v  14.7575 15.8330 0.2859
v  16.2871 14.4559 0.2859
v  15.2222 14.4559 5.6393
v  13.8090 15.8330 5.0540
v  14.4347 15.8330 2.9916
v  15.9349 14.4559 3.2900
v  13.8461 14.4559 8.3328
v  12.5742 15.8330 7.4830
v  13.5902 15.8330 5.5823
v  15.0034 14.4559 6.1677
v  11.9709 14.4559 10.7061
v  10.8893 15.8330 9.6245
v  12.2565 15.8330 7.9585
v  13.5284 14.4559 8.8083
v  9.6687 14.4559 12.6680
v  8.8189 15.8330 11.3961
v  10.4849 15.8330 10.0289
v  11.5665 14.4559 11.1105
v  7.0281 14.4559 14.1430
v  6.4427 15.8330 12.7298
v  8.3434 15.8330 11.7138
v  9.1932 14.4559 12.9857
v  4.1504 14.4559 15.0745
v  3.8520 15.8330 13.5742
v  5.9144 15.8330 12.9486
v  6.4997 14.4559 14.3618
v  1.1463 14.4559 15.4267
v  1.1463 15.8330 13.8970
v  3.2911 15.8330 13.6858
v  3.5895 14.4559 15.1860
v  -1.8688 14.4559 15.1860
v  -1.5704 15.8330 13.6858
v  0.5744 15.8330 13.8970
v  0.5744 14.4559 15.4267
v  -4.7790 14.4559 14.3618
v  -4.1937 15.8330 12.9486
v  -2.1313 15.8330 13.5742
v  -2.4297 14.4559 15.0745
v  -7.4725 14.4559 12.9857
v  -6.6227 15.8330 11.7138
v  -4.7220 15.8330 12.7298
v  -5.3074 14.4559 14.1430
v  -9.8458 14.4559 11.1105
v  -8.7642 15.8330 10.0289
v  -7.0982 15.8330 11.3961
v  -7.9480 14.4559 12.6679
v  -11.8077 14.4559 8.8083
v  -10.5358 15.8330 7.9585
v  -9.1686 15.8330 9.6245
v  -10.2502 14.4559 10.7061
v  -13.2827 14.4559 6.1677
v  -11.8695 15.8330 5.5823
v  -10.8535 15.8330 7.4830
v  -12.1254 14.4559 8.3328
v  -14.2142 14.4559 3.2900
v  -12.7139 15.8330 2.9916
v  -12.0883 15.8330 5.0540
v  -13.5015 14.4559 5.6393
v  -14.5664 14.4559 0.2859
v  -13.0368 15.8330 0.2859
v  -12.8255 15.8330 2.4307
v  -14.3258 14.4559 2.7291
v  -14.3258 14.4559 -2.7292
v  -12.8255 15.8330 -2.4308
v  -13.0368 15.8330 -0.2860
v  -14.5664 14.4559 -0.2860
v  -13.5015 14.4559 -5.6395
v  -12.0883 15.8330 -5.0541
v  -12.7139 15.8330 -2.9917
v  -14.2142 14.4559 -3.2901
v  -12.1254 14.4559 -8.3330
v  -10.8535 15.8330 -7.4831
v  -11.8695 15.8330 -5.5824
v  -13.2827 14.4559 -6.1678
v  -10.2502 14.4559 -10.7062
v  -9.1686 15.8330 -9.6246
v  -10.5358 15.8330 -7.9586
v  -11.8077 14.4559 -8.8085
v  -7.9480 14.4559 -12.6681
v  -7.0982 15.8330 -11.3962
v  -8.7642 15.8330 -10.0290
v  -9.8458 14.4559 -11.1106
v  -5.3074 14.4559 -14.1431
v  -4.7220 15.8330 -12.7299
v  -6.6227 15.8330 -11.7140
v  -7.4725 14.4559 -12.9858
v  -2.4297 14.4559 -15.0746
v  -2.1313 15.8330 -13.5744
v  -4.1937 15.8330 -12.9487
v  -4.7790 14.4559 -14.3619
v  0.5744 14.4559 -15.4268
v  0.5744 15.8330 -13.8972
v  -1.5704 15.8330 -13.6859
v  -1.8688 14.4559 -15.1862
v  3.5895 14.4559 -15.1862
v  3.2911 15.8330 -13.6859
v  1.1463 15.8330 -13.8972
v  1.1463 14.4559 -15.4268
v  6.4997 14.4559 -14.3619
v  5.9144 15.8330 -12.9487
v  3.8520 15.8330 -13.5744
v  4.1504 14.4559 -15.0746
v  9.1932 14.4559 -12.9858
v  8.3434 15.8330 -11.7140
v  6.4427 15.8330 -12.7299
v  7.0281 14.4559 -14.1431
v  -20.2344 7.0034 -4.1961
v  -20.6477 7.0034 -0.0001
v  -18.3783 7.0034 -3.8269
v  -18.7552 7.0034 -0.0001
v  -19.0105 7.0034 -8.2308
v  -17.2621 7.0034 -7.5066
v  -17.0229 7.0034 -11.9493
v  -15.4494 7.0034 -10.8979
v  -14.3481 7.0034 -15.2085
v  -13.0099 7.0034 -13.8704
v  -11.0889 7.0034 -17.8833
v  -10.0375 7.0034 -16.3098
v  -7.3704 7.0034 -19.8709
v  -6.6462 7.0034 -18.1225
v  -3.3357 7.0034 -21.0948
v  -2.9665 7.0034 -19.2387
v  0.8604 7.0034 -21.5081
v  0.8604 7.0034 -19.6156
v  5.0564 7.0034 -21.0948
v  4.6872 7.0034 -19.2387
v  9.0911 7.0034 -19.8709
v  8.3669 7.0034 -18.1225
v  12.8096 7.0034 -17.8833
v  11.7582 7.0034 -16.3098
v  16.0688 7.0034 -15.2085
v  14.7306 7.0034 -13.8704
v  18.7436 7.0034 -11.9493
v  17.1701 7.0034 -10.8979
v  20.7312 7.0034 -8.2308
v  18.9828 7.0034 -7.5066
v  21.9551 7.0034 -4.1961
v  20.0990 7.0034 -3.8269
v  22.3684 7.0034 -0.0001
v  20.4759 7.0034 -0.0001
v  21.9551 7.0034 4.1959
v  20.0990 7.0034 3.8267
v  20.7312 7.0034 8.2307
v  18.9828 7.0034 7.5065
v  18.7436 7.0034 11.9491
v  17.1701 7.0034 10.8977
v  16.0688 7.0034 15.2084
v  14.7306 7.0034 13.8702
v  12.8096 7.0034 17.8832
v  11.7582 7.0034 16.3097
v  9.0911 7.0034 19.8708
v  8.3669 7.0034 18.1223
v  5.0564 7.0034 21.0947
v  4.6872 7.0034 19.2386
v  0.8604 7.0034 21.5080
v  0.8604 7.0034 19.6155
v  -3.3357 7.0034 21.0947
v  -2.9664 7.0034 19.2386
v  -7.3704 7.0034 19.8707
v  -6.6462 7.0034 18.1223
v  -11.0889 7.0034 17.8832
v  -10.0375 7.0034 16.3097
v  -14.3481 7.0034 15.2084
v  -13.0099 7.0034 13.8702
v  -17.0229 7.0034 11.9492
v  -15.4494 7.0034 10.8978
v  -19.0105 7.0034 8.2307
v  -17.2621 7.0034 7.5065
v  -20.2344 7.0034 4.1959
v  -18.3783 7.0034 3.8267
v  11.6490 7.5392 -16.1464
v  11.6854 7.3606 -16.2009
v  11.8277 7.2713 -16.1451
v  14.5556 7.2713 -13.9065
v  14.6380 7.3606 -13.7777
v  14.5917 7.5392 -13.7314
v  14.1943 9.3410 -13.3341
v  14.1147 9.6181 -13.2544
v  13.9034 9.6181 -13.4656
v  11.5226 9.6181 -15.4195
v  11.2742 9.6181 -15.5855
v  11.3368 9.3410 -15.6792
v  14.7668 7.2713 -13.6953
v  17.0054 7.2713 -10.9675
v  17.0611 7.3606 -10.8251
v  17.0067 7.5392 -10.7887
v  16.5395 9.3410 -10.4765
v  16.4458 9.6181 -10.4139
v  16.2798 9.6181 -10.6623
v  14.3259 9.6181 -13.0431
v  17.1714 7.2713 -10.7191
v  18.8348 7.2713 -7.6070
v  18.8617 7.3606 -7.4565
v  18.8012 7.5392 -7.4314
v  18.2820 9.3410 -7.2164
v  18.1780 9.6181 -7.1733
v  18.0636 9.6181 -7.4493
v  16.6118 9.6181 -10.1655
v  18.9491 7.2713 -7.3310
v  19.9735 7.2713 -3.9542
v  19.9705 7.3606 -3.8013
v  19.9062 7.5392 -3.7885
v  19.3551 9.3410 -3.6789
v  19.2446 9.6181 -3.6569
v  19.1863 9.6181 -3.9500
v  18.2923 9.6181 -6.8972
v  20.0318 7.2713 -3.6612
v  20.3776 7.2713 -0.1494
v  20.3449 7.3606 -0.0001
v  20.2794 7.5392 -0.0001
v  19.7175 9.3410 -0.0001
v  19.6048 9.6181 -0.0001
v  19.6048 9.6181 -0.2988
v  19.3029 9.6181 -3.3639
v  20.3776 7.2713 0.1493
v  20.0318 7.2713 3.6611
v  19.9705 7.3606 3.8012
v  19.9062 7.5393 3.7884
v  19.3551 9.3410 3.6788
v  19.2446 9.6181 3.6568
v  19.3029 9.6181 3.3638
v  19.6048 9.6181 0.2987
v  19.9735 7.2713 3.9540
v  18.9491 7.2713 7.3309
v  18.8617 7.3606 7.4563
v  18.8012 7.5392 7.4313
v  18.2820 9.3410 7.2162
v  18.1780 9.6181 7.1731
v  18.2923 9.6181 6.8971
v  19.1863 9.6181 3.9498
v  18.8348 7.2713 7.6068
v  17.1714 7.2713 10.7190
v  17.0611 7.3606 10.8250
v  17.0067 7.5392 10.7886
v  16.5395 9.3410 10.4764
v  16.4458 9.6181 10.4138
v  16.6118 9.6181 10.1654
v  18.0636 9.6181 7.4491
v  17.0054 7.2713 10.9673
v  14.7668 7.2713 13.6951
v  14.6380 7.3606 13.7776
v  14.5917 7.5392 13.7313
v  14.1943 9.3410 13.3339
v  14.1147 9.6181 13.2542
v  14.3259 9.6181 13.0430
v  16.2798 9.6181 10.6622
v  14.5556 7.2713 13.9063
v  11.8277 7.2713 16.1450
v  11.6854 7.3606 16.2007
v  11.6490 7.5392 16.1463
v  11.3368 9.3410 15.6790
v  11.2742 9.6181 15.5854
v  11.5226 9.6181 15.4194
v  13.9034 9.6181 13.4655
v  11.5794 7.2713 16.3109
v  8.4673 7.2713 17.9744
v  8.3168 7.3606 18.0013
v  8.2917 7.5392 17.9408
v  8.0767 9.3410 17.4216
v  8.0335 9.6181 17.3175
v  8.3096 9.6181 17.2032
v  11.0258 9.6181 15.7513
v  8.1913 7.2713 18.0887
v  4.8145 7.2713 19.1131
v  4.6616 7.3606 19.1101
v  4.6488 7.5392 19.0458
v  4.5392 9.3410 18.4947
v  4.5172 9.6181 18.3842
v  4.8102 9.6181 18.3259
v  7.7575 9.6181 17.4319
v  4.5215 7.2713 19.1713
v  1.0097 7.2713 19.5172
v  0.8604 7.3606 19.4845
v  0.8604 7.5392 19.4189
v  0.8604 9.3410 18.8570
v  0.8604 9.6181 18.7444
v  1.1591 9.6181 18.7444
v  4.2242 9.6181 18.4425
v  0.7110 7.2713 19.5172
v  -2.8008 7.2713 19.1713
v  -2.9409 7.3606 19.1101
v  -2.9281 7.5392 19.0458
v  -2.8185 9.3410 18.4947
v  -2.7965 9.6181 18.3842
v  -2.5035 9.6181 18.4425
v  0.5616 9.6181 18.7444
v  -3.0938 7.2713 19.1131
v  -6.4706 7.2713 18.0887
v  -6.5961 7.3606 18.0013
v  -6.5710 7.5392 17.9408
v  -6.3560 9.3410 17.4216
v  -6.3128 9.6181 17.3175
v  -6.0368 9.6181 17.4319
v  -3.0895 9.6181 18.3259
v  -6.7466 7.2713 17.9744
v  -9.8587 7.2713 16.3109
v  -9.9647 7.3606 16.2007
v  -9.9283 7.5392 16.1463
v  -9.6161 9.3410 15.6790
v  -9.5535 9.6181 15.5854
v  -9.3051 9.6181 15.7513
v  -6.5889 9.6181 17.2032
v  -10.1070 7.2713 16.1450
v  -12.8348 7.2713 13.9063
v  -12.9173 7.3606 13.7776
v  -12.8710 7.5392 13.7312
v  -12.4736 9.3410 13.3339
v  -12.3940 9.6181 13.2542
v  -12.1827 9.6181 13.4655
v  -9.8019 9.6181 15.4194
v  -13.0460 7.2713 13.6951
v  -15.2847 7.2713 10.9673
v  -15.3404 7.3606 10.8250
v  -15.2860 7.5392 10.7886
v  -14.8188 9.3410 10.4764
v  -14.7251 9.6181 10.4138
v  -14.5591 9.6181 10.6622
v  -12.6052 9.6181 13.0430
v  -15.4506 7.2713 10.7190
v  -17.1141 7.2713 7.6068
v  -17.1410 7.3606 7.4563
v  -17.0805 7.5392 7.4313
v  -16.5613 9.3410 7.2162
v  -16.4572 9.6181 7.1731
v  -16.3429 9.6181 7.4491
v  -14.8911 9.6181 10.1654
v  -17.2284 7.2713 7.3309
v  -18.2528 7.2713 3.9540
v  -18.2498 7.3606 3.8012
v  -18.1855 7.5392 3.7884
v  -17.6344 9.3410 3.6788
v  -17.5239 9.6181 3.6568
v  -17.4656 9.6181 3.9498
v  -16.5716 9.6181 6.8971
v  -18.3110 7.2713 3.6611
v  -18.6569 7.2713 0.1493
v  -18.6242 7.3606 -0.0001
v  -18.5587 7.5392 -0.0001
v  -17.9968 9.3410 -0.0001
v  -17.8841 9.6181 -0.0001
v  -17.8841 9.6181 0.2987
v  -17.5822 9.6181 3.3638
v  -18.6569 7.2713 -0.1494
v  -18.3110 7.2713 -3.6612
v  -18.2498 7.3606 -3.8013
v  -18.1855 7.5392 -3.7885
v  -17.6344 9.3410 -3.6789
v  -17.5239 9.6181 -3.6569
v  -17.5822 9.6181 -3.3639
v  -17.8841 9.6181 -0.2988
v  -18.2528 7.2713 -3.9542
v  -17.2284 7.2713 -7.3310
v  -17.1410 7.3606 -7.4565
v  -17.0805 7.5392 -7.4314
v  -16.5613 9.3410 -7.2164
v  -16.4572 9.6181 -7.1733
v  -16.5716 9.6181 -6.8972
v  -17.4656 9.6181 -3.9499
v  -17.1141 7.2713 -7.6070
v  -15.4506 7.2713 -10.7191
v  -15.3404 7.3606 -10.8251
v  -15.2860 7.5392 -10.7887
v  -14.8188 9.3410 -10.4765
v  -14.7251 9.6181 -10.4139
v  -14.8911 9.6181 -10.1655
v  -16.3429 9.6181 -7.4493
v  -15.2847 7.2713 -10.9675
v  -13.0461 7.2713 -13.6953
v  -12.9173 7.3606 -13.7777
v  -12.8710 7.5392 -13.7314
v  -12.4736 9.3410 -13.3341
v  -12.3940 9.6181 -13.2544
v  -12.6052 9.6181 -13.0431
v  -14.5591 9.6181 -10.6623
v  -12.8349 7.2713 -13.9065
v  -10.1070 7.2713 -16.1451
v  -9.9647 7.3606 -16.2009
v  -9.9283 7.5392 -16.1464
v  -9.6161 9.3410 -15.6792
v  -9.5535 9.6181 -15.5855
v  -9.8019 9.6181 -15.4195
v  -12.1827 9.6181 -13.4656
v  -9.8587 7.2713 -16.3111
v  -6.7466 7.2713 -17.9745
v  -6.5961 7.3606 -18.0014
v  -6.5710 7.5392 -17.9409
v  -6.3560 9.3410 -17.4218
v  -6.3128 9.6181 -17.3177
v  -6.5889 9.6181 -17.2033
v  -9.3051 9.6181 -15.7515
v  -6.4706 7.2713 -18.0888
v  -3.0938 7.2713 -19.1132
v  -2.9409 7.3606 -19.1102
v  -2.9281 7.5392 -19.0460
v  -2.8185 9.3410 -18.4948
v  -2.7965 9.6181 -18.3843
v  -3.0895 9.6181 -18.3260
v  -6.0368 9.6181 -17.4320
v  -2.8008 7.2713 -19.1715
v  0.7110 7.2713 -19.5173
v  0.8604 7.3606 -19.4846
v  0.8604 7.5392 -19.4191
v  0.8604 9.3410 -18.8572
v  0.8604 9.6181 -18.7445
v  0.5616 9.6181 -18.7445
v  -2.5035 9.6181 -18.4426
v  1.0097 7.2713 -19.5173
v  4.5215 7.2713 -19.1715
v  4.6616 7.3606 -19.1102
v  4.6488 7.5392 -19.0460
v  4.5392 9.3410 -18.4948
v  4.5172 9.6181 -18.3843
v  4.2242 9.6181 -18.4426
v  1.1591 9.6181 -18.7445
v  4.8145 7.2713 -19.1132
v  8.1913 7.2713 -18.0888
v  8.3168 7.3606 -18.0014
v  8.2917 7.5392 -17.9409
v  8.0767 9.3410 -17.4218
v  8.0335 9.6181 -17.3177
v  7.7575 9.6181 -17.4320
v  4.8102 9.6181 -18.3260
v  8.4673 7.2713 -17.9745
v  11.5794 7.2713 -16.3111
v  11.0258 9.6181 -15.7515
v  8.3096 9.6181 -17.2033
v  10.3991 16.1569 -9.9623
v  10.6108 16.1569 -9.7506
v  10.4383 16.3296 -9.5780
v  9.1752 17.3025 -8.3149
v  8.9781 17.4096 -8.1178
v  8.7661 17.4096 -8.3298
v  7.4877 17.4096 -9.3790
v  7.2384 17.4096 -9.5455
v  7.3933 17.3025 -9.7773
v  8.3857 16.3296 -11.2626
v  8.5213 16.1569 -11.4654
v  8.7703 16.1569 -11.2990
v  12.1593 16.1569 -7.9100
v  12.3257 16.1569 -7.6610
v  12.1228 16.3296 -7.5254
v  10.6376 17.3025 -6.5330
v  10.4058 17.4096 -6.3781
v  10.2392 17.4096 -6.6274
v  9.1901 17.4096 -7.9058
v  10.8226 16.1569 -9.5388
v  13.4854 16.1569 -5.5537
v  13.6000 16.1569 -5.2770
v  13.3746 16.3296 -5.1836
v  11.7242 17.3025 -4.5000
v  11.4667 17.4096 -4.3934
v  11.3520 17.4096 -4.6703
v  10.5724 17.4096 -6.1289
v  12.4921 16.1569 -7.4120
v  14.3263 16.1569 -2.9840
v  14.3847 16.1569 -2.6902
v  14.1454 16.3296 -2.6426
v  12.3934 17.3025 -2.2941
v  12.1200 17.4096 -2.2397
v  12.0615 17.4096 -2.5338
v  11.5814 17.4096 -4.1164
v  13.7146 16.1569 -5.0003
v  14.6496 16.1570 -0.2996
v  14.6496 16.1570 -0.0001
v  14.4056 16.3296 -0.0001
v  12.6193 17.3025 -0.0001
v  12.3406 17.4096 -0.0001
v  12.3406 17.4096 -0.2999
v  12.1785 17.4096 -1.9457
v  14.4431 16.1569 -2.3965
v  14.4431 16.1570 2.3963
v  14.3847 16.1570 2.6901
v  14.1454 16.3296 2.6425
v  12.3934 17.3025 2.2940
v  12.1200 17.4096 2.2396
v  12.1785 17.4096 1.9456
v  12.3406 17.4096 0.2997
v  14.6496 16.1570 0.2994
v  13.7146 16.1570 5.0002
v  13.6000 16.1570 5.2769
v  13.3746 16.3296 5.1835
v  11.7242 17.3025 4.4999
v  11.4667 17.4096 4.3932
v  11.5814 17.4096 4.1162
v  12.0615 17.4096 2.5336
v  14.3262 16.1570 2.9838
v  12.4921 16.1570 7.4118
v  12.3257 16.1570 7.6609
v  12.1228 16.3296 7.5253
v  10.6376 17.3025 6.5329
v  10.4058 17.4096 6.3780
v  10.5724 17.4096 6.1287
v  11.3520 17.4096 4.6702
v  13.4854 16.1570 5.5536
v  10.8226 16.1570 9.5386
v  10.6109 16.1570 9.7504
v  10.4383 16.3296 9.5779
v  9.1752 17.3025 8.3148
v  8.9781 17.4096 8.1177
v  9.1901 17.4096 7.9057
v  10.2392 17.4096 6.6273
v  12.1593 16.1570 7.9099
v  8.7703 16.1570 11.2989
v  8.5213 16.1570 11.4653
v  8.3857 16.3296 11.2624
v  7.3933 17.3025 9.7772
v  7.2384 17.4096 9.5454
v  7.4877 17.4096 9.3788
v  8.7661 17.4096 8.3297
v  10.3991 16.1570 9.9622
v  6.4140 16.1570 12.6250
v  6.1373 16.1570 12.7396
v  6.0439 16.3296 12.5141
v  5.3603 17.3025 10.8638
v  5.2536 17.4096 10.6063
v  5.5306 17.4096 10.4915
v  6.9891 17.4096 9.7119
v  8.2722 16.1570 11.6317
v  3.8443 16.1570 13.4658
v  3.5505 16.1570 13.5243
v  3.5029 16.3296 13.2849
v  3.1544 17.3025 11.5330
v  3.1000 17.4096 11.2596
v  3.3941 17.4096 11.2011
v  4.9767 17.4096 10.7210
v  5.8606 16.1570 12.8542
v  1.1599 16.1569 13.7892
v  0.8604 16.1569 13.7892
v  0.8604 16.3296 13.5452
v  0.8604 17.3025 11.7589
v  0.8604 17.4096 11.4801
v  1.1601 17.4096 11.4801
v  2.8060 17.4096 11.3180
v  3.2568 16.1570 13.5827
v  -1.5360 16.1569 13.5827
v  -1.8298 16.1569 13.5243
v  -1.7822 16.3296 13.2849
v  -1.4337 17.3025 11.5330
v  -1.3793 17.4096 11.2596
v  -1.0853 17.4096 11.3180
v  0.5606 17.4096 11.4801
v  0.5608 16.1569 13.7892
v  -4.1399 16.1570 12.8542
v  -4.4166 16.1570 12.7396
v  -4.3232 16.3296 12.5141
v  -3.6396 17.3025 10.8638
v  -3.5329 17.4096 10.6063
v  -3.2560 17.4096 10.7210
v  -1.6734 17.4096 11.2011
v  -2.1236 16.1569 13.4658
v  -6.5515 16.1569 11.6317
v  -6.8006 16.1569 11.4653
v  -6.6650 16.3296 11.2624
v  -5.6726 17.3025 9.7772
v  -5.5177 17.4096 9.5454
v  -5.2684 17.4096 9.7119
v  -3.8099 17.4096 10.4915
v  -4.6933 16.1570 12.6250
v  -8.6784 16.1569 9.9622
v  -8.8901 16.1569 9.7504
v  -8.7176 16.3296 9.5779
v  -7.4545 17.3025 8.3148
v  -7.2574 17.4096 8.1177
v  -7.0454 17.4096 8.3297
v  -5.7670 17.4096 9.3788
v  -7.0496 16.1569 11.2989
v  -10.4386 16.1570 7.9099
v  -10.6050 16.1570 7.6609
v  -10.4021 16.3296 7.5253
v  -8.9169 17.3025 6.5329
v  -8.6851 17.4096 6.3780
v  -8.5185 17.4096 6.6273
v  -7.4694 17.4096 7.9057
v  -9.1019 16.1569 9.5386
v  -11.7647 16.1570 5.5536
v  -11.8793 16.1569 5.2769
v  -11.6539 16.3296 5.1835
v  -10.0035 17.3025 4.4999
v  -9.7460 17.4096 4.3932
v  -9.6313 17.4096 4.6702
v  -8.8517 17.4096 6.1287
v  -10.7714 16.1570 7.4118
v  -12.6055 16.1569 2.9838
v  -12.6640 16.1569 2.6901
v  -12.4247 16.3296 2.6425
v  -10.6727 17.3025 2.2940
v  -10.3993 17.4096 2.2396
v  -10.3408 17.4096 2.5336
v  -9.8607 17.4096 4.1162
v  -11.9939 16.1569 5.0002
v  -12.9289 16.1569 0.2994
v  -12.9289 16.1569 -0.0001
v  -12.6849 16.3296 -0.0001
v  -10.8986 17.3025 -0.0001
v  -10.6199 17.4096 -0.0001
v  -10.6199 17.4096 0.2997
v  -10.4578 17.4096 1.9456
v  -12.7224 16.1569 2.3963
v  -12.7224 16.1569 -2.3965
v  -12.6640 16.1569 -2.6902
v  -12.4247 16.3296 -2.6426
v  -10.6727 17.3025 -2.2941
v  -10.3993 17.4096 -2.2397
v  -10.4578 17.4096 -1.9457
v  -10.6199 17.4096 -0.2999
v  -12.9289 16.1569 -0.2996
v  -11.9939 16.1569 -5.0003
v  -11.8793 16.1569 -5.2770
v  -11.6539 16.3296 -5.1836
v  -10.0035 17.3025 -4.5000
v  -9.7460 17.4096 -4.3934
v  -9.8607 17.4096 -4.1164
v  -10.3408 17.4096 -2.5338
v  -12.6055 16.1569 -2.9840
v  -10.7714 16.1570 -7.4120
v  -10.6050 16.1570 -7.6610
v  -10.4021 16.3296 -7.5254
v  -8.9169 17.3025 -6.5330
v  -8.6851 17.4096 -6.3781
v  -8.8517 17.4096 -6.1289
v  -9.6313 17.4096 -4.6703
v  -11.7647 16.1569 -5.5537
v  -9.1019 16.1569 -9.5388
v  -8.8901 16.1569 -9.7506
v  -8.7176 16.3296 -9.5780
v  -7.4545 17.3025 -8.3149
v  -7.2574 17.4096 -8.1178
v  -7.4694 17.4096 -7.9058
v  -8.5185 17.4096 -6.6274
v  -10.4386 16.1570 -7.9100
v  -7.0496 16.1569 -11.2990
v  -6.8006 16.1569 -11.4654
v  -6.6650 16.3296 -11.2626
v  -5.6726 17.3025 -9.7773
v  -5.5177 17.4096 -9.5455
v  -5.7670 17.4096 -9.3790
v  -7.0454 17.4096 -8.3298
v  -8.6784 16.1569 -9.9623
v  -4.6933 16.1569 -12.6251
v  -4.4166 16.1569 -12.7397
v  -4.3232 16.3296 -12.5143
v  -3.6396 17.3025 -10.8640
v  -3.5329 17.4096 -10.6064
v  -3.8099 17.4096 -10.4917
v  -5.2684 17.4096 -9.7121
v  -6.5515 16.1569 -11.6318
v  -2.1236 16.1569 -13.4660
v  -1.8298 16.1569 -13.5244
v  -1.7822 16.3296 -13.2851
v  -1.4337 17.3025 -11.5331
v  -1.3793 17.4096 -11.2597
v  -1.6734 17.4096 -11.2012
v  -3.2560 17.4096 -10.7211
v  -4.1399 16.1569 -12.8543
v  0.5608 16.1570 -13.7894
v  0.8604 16.1570 -13.7894
v  0.8604 16.3296 -13.5453
v  0.8604 17.3025 -11.7591
v  0.8604 17.4096 -11.4803
v  0.5606 17.4096 -11.4803
v  -1.0853 17.4096 -11.3182
v  -1.5361 16.1569 -13.5828
v  3.2568 16.1569 -13.5828
v  3.5505 16.1569 -13.5244
v  3.5029 16.3296 -13.2851
v  3.1544 17.3025 -11.5331
v  3.1000 17.4096 -11.2597
v  2.8060 17.4096 -11.3182
v  1.1601 17.4096 -11.4803
v  1.1599 16.1570 -13.7894
v  5.8606 16.1569 -12.8543
v  6.1373 16.1569 -12.7397
v  6.0439 16.3296 -12.5143
v  5.3603 17.3025 -10.8640
v  5.2536 17.4096 -10.6064
v  4.9767 17.4096 -10.7211
v  3.3941 17.4096 -11.2012
v  3.8443 16.1569 -13.4660
v  8.2722 16.1569 -11.6318
v  6.9892 17.4096 -9.7121
v  5.5306 17.4096 -10.4917
v  6.4140 16.1569 -12.6251
v  12.9788 12.1884 -12.5413
v  13.1902 12.1884 -12.3299
v  13.0778 12.4420 -12.2176
v  12.1516 14.1666 -11.2913
v  12.0083 14.3868 -11.1480
v  11.7967 14.3868 -11.3596
v  9.8680 14.3868 -12.9425
v  9.6193 14.3868 -13.1087
v  9.7319 14.1666 -13.2772
v  10.4596 12.4420 -14.3663
v  10.5478 12.1884 -14.4984
v  10.7964 12.1884 -14.3323
v  15.1926 12.1884 -9.9361
v  15.3587 12.1884 -9.6876
v  15.2266 12.4420 -9.5993
v  14.1375 14.1666 -8.8716
v  13.9690 14.3869 -8.7590
v  13.8027 14.3869 -9.0078
v  12.2199 14.3868 -10.9365
v  13.4016 12.1884 -12.1185
v  16.8557 12.1884 -6.9491
v  16.9701 12.1884 -6.6729
v  16.8233 12.4420 -6.6121
v  15.6131 14.1666 -6.1109
v  15.4259 14.3869 -6.0333
v  15.3114 14.3869 -6.3097
v  14.1352 14.3869 -8.5102
v  15.5248 12.1884 -9.4390
v  17.9040 12.1884 -3.6951
v  17.9623 12.1884 -3.4019
v  17.8065 12.4420 -3.3709
v  16.5218 14.1666 -3.1153
v  16.3230 14.3869 -3.0758
v  16.2647 14.3869 -3.3693
v  15.5404 14.3869 -5.7569
v  17.0845 12.1884 -6.3967
v  18.2974 12.1884 -0.2990
v  18.2974 12.1884 -0.0001
v  18.1385 12.4420 -0.0001
v  16.8286 14.1666 -0.0001
v  16.6260 14.3869 -0.0001
v  16.6260 14.3869 -0.2993
v  16.3814 14.3869 -2.7823
v  18.0207 12.1884 -3.1086
v  18.0207 12.1884 3.1085
v  17.9623 12.1884 3.4017
v  17.8065 12.4420 3.3707
v  16.5218 14.1666 3.1152
v  16.3230 14.3869 3.0757
v  16.3814 14.3869 2.7822
v  16.6260 14.3869 0.2991
v  18.2974 12.1884 0.2989
v  17.0845 12.1884 6.3966
v  16.9701 12.1884 6.6728
v  16.8233 12.4420 6.6120
v  15.6131 14.1666 6.1107
v  15.4259 14.3869 6.0332
v  15.5404 14.3869 5.7567
v  16.2646 14.3869 3.3691
v  17.9040 12.1884 3.6950
v  15.5248 12.1884 9.4388
v  15.3587 12.1884 9.6874
v  15.2266 12.4420 9.5992
v  14.1375 14.1666 8.8714
v  13.9690 14.3869 8.7588
v  14.1352 14.3869 8.5100
v  15.3114 14.3869 6.3096
v  16.8557 12.1884 6.9490
v  13.4016 12.1884 12.1184
v  13.1902 12.1884 12.3298
v  13.0778 12.4420 12.2174
v  12.1516 14.1666 11.2912
v  12.0083 14.3868 11.1479
v  12.2199 14.3868 10.9363
v  13.8027 14.3869 9.0076
v  15.1926 12.1884 9.9360
v  10.7964 12.1884 14.3322
v  10.5478 12.1884 14.4983
v  10.4596 12.4420 14.3662
v  9.7318 14.1666 13.2771
v  9.6192 14.3868 13.1086
v  9.8680 14.3868 12.9423
v  11.7967 14.3868 11.3595
v  12.9788 12.1884 12.5412
v  7.8094 12.1884 15.9952
v  7.5332 12.1884 16.1096
v  7.4724 12.4420 15.9629
v  6.9711 14.1666 14.7527
v  6.8936 14.3868 14.5655
v  7.1700 14.3868 14.4509
v  9.3705 14.3868 13.2748
v  10.2993 12.1884 14.6644
v  4.5554 12.1884 17.0436
v  4.2621 12.1884 17.1019
v  4.2312 12.4420 16.9461
v  3.9756 14.1666 15.6614
v  3.9361 14.3868 15.4626
v  4.2295 14.3868 15.4042
v  6.6171 14.3868 14.6800
v  7.2570 12.1884 16.2241
v  1.1593 12.1884 17.4370
v  0.8604 12.1884 17.4370
v  0.8604 12.4420 17.2781
v  0.8604 14.1666 15.9682
v  0.8604 14.3868 15.7655
v  1.1596 14.3868 15.7655
v  3.6426 14.3868 15.5210
v  3.9689 12.1884 17.1602
v  -2.2482 12.1884 17.1602
v  -2.5414 12.1884 17.1019
v  -2.5104 12.4420 16.9461
v  -2.2549 14.1666 15.6614
v  -2.2154 14.3868 15.4626
v  -1.9219 14.3868 15.5210
v  0.5611 14.3868 15.7655
v  0.5614 12.1884 17.4370
v  -5.5363 12.1884 16.2241
v  -5.8125 12.1884 16.1096
v  -5.7517 12.4420 15.9629
v  -5.2504 14.1666 14.7527
v  -5.1729 14.3868 14.5654
v  -4.8964 14.3868 14.6800
v  -2.5088 14.3868 15.4042
v  -2.8347 12.1884 17.0436
v  -8.5786 12.1884 14.6644
v  -8.8271 12.1884 14.4983
v  -8.7389 12.4420 14.3662
v  -8.0111 14.1666 13.2771
v  -7.8985 14.3868 13.1085
v  -7.6498 14.3868 13.2748
v  -5.4493 14.3868 14.4509
v  -6.0887 12.1884 15.9952
v  -11.2581 12.1884 12.5412
v  -11.4695 12.1884 12.3298
v  -11.3571 12.4420 12.2174
v  -10.4309 14.1666 11.2912
v  -10.2876 14.3868 11.1479
v  -10.0760 14.3868 11.3595
v  -8.1473 14.3868 12.9423
v  -9.0757 12.1884 14.3322
v  -13.4719 12.1884 9.9360
v  -13.6380 12.1884 9.6874
v  -13.5059 12.4420 9.5992
v  -12.4168 14.1666 8.8714
v  -12.2483 14.3868 8.7588
v  -12.0820 14.3868 9.0076
v  -10.4992 14.3868 10.9363
v  -11.6809 12.1884 12.1184
v  -15.1350 12.1884 6.9490
v  -15.2494 12.1884 6.6728
v  -15.1026 12.4420 6.6120
v  -13.8924 14.1666 6.1107
v  -13.7052 14.3868 6.0332
v  -13.5907 14.3868 6.3096
v  -12.4145 14.3868 8.5100
v  -13.8041 12.1884 9.4388
v  -16.1833 12.1884 3.6949
v  -16.2416 12.1884 3.4017
v  -16.0858 12.4420 3.3707
v  -14.8011 14.1666 3.1152
v  -14.6023 14.3868 3.0756
v  -14.5439 14.3868 3.3691
v  -13.8197 14.3868 5.7567
v  -15.3638 12.1884 6.3966
v  -16.5767 12.1884 0.2989
v  -16.5767 12.1884 -0.0001
v  -16.4178 12.4420 -0.0001
v  -15.1079 14.1666 -0.0001
v  -14.9053 14.3868 -0.0001
v  -14.9053 14.3868 0.2991
v  -14.6607 14.3868 2.7822
v  -16.3000 12.1884 3.1085
v  -16.2999 12.1884 -3.1086
v  -16.2416 12.1884 -3.4019
v  -16.0858 12.4420 -3.3709
v  -14.8011 14.1666 -3.1153
v  -14.6023 14.3868 -3.0758
v  -14.6607 14.3868 -2.7823
v  -14.9053 14.3868 -0.2993
v  -16.5767 12.1884 -0.2990
v  -15.3638 12.1884 -6.3967
v  -15.2494 12.1884 -6.6729
v  -15.1026 12.4420 -6.6121
v  -13.8924 14.1666 -6.1109
v  -13.7052 14.3868 -6.0333
v  -13.8197 14.3868 -5.7569
v  -14.5439 14.3868 -3.3692
v  -16.1833 12.1884 -3.6951
v  -13.8041 12.1884 -9.4390
v  -13.6380 12.1884 -9.6876
v  -13.5059 12.4420 -9.5993
v  -12.4168 14.1666 -8.8716
v  -12.2483 14.3868 -8.7590
v  -12.4145 14.3868 -8.5102
v  -13.5907 14.3868 -6.3097
v  -15.1350 12.1884 -6.9491
v  -11.6809 12.1884 -12.1185
v  -11.4695 12.1884 -12.3299
v  -11.3571 12.4420 -12.2176
v  -10.4309 14.1666 -11.2913
v  -10.2876 14.3868 -11.1480
v  -10.4992 14.3868 -10.9365
v  -12.0820 14.3868 -9.0078
v  -13.4719 12.1884 -9.9361
v  -9.0757 12.1884 -14.3323
v  -8.8271 12.1884 -14.4984
v  -8.7389 12.4420 -14.3663
v  -8.0111 14.1666 -13.2772
v  -7.8985 14.3868 -13.1087
v  -8.1473 14.3868 -12.9425
v  -10.0760 14.3868 -11.3596
v  -11.2581 12.1884 -12.5413
v  -6.0887 12.1884 -15.9954
v  -5.8125 12.1884 -16.1098
v  -5.7517 12.4420 -15.9630
v  -5.2504 14.1666 -14.7528
v  -5.1729 14.3868 -14.5656
v  -5.4493 14.3868 -14.4511
v  -7.6498 14.3868 -13.2749
v  -8.5786 12.1884 -14.6645
v  -2.8347 12.1884 -17.0437
v  -2.5414 12.1884 -17.1020
v  -2.5104 12.4420 -16.9462
v  -2.2549 14.1666 -15.6615
v  -2.2154 14.3868 -15.4627
v  -2.5088 14.3868 -15.4044
v  -4.8964 14.3868 -14.6801
v  -5.5363 12.1884 -16.2242
v  0.5614 12.1884 -17.4371
v  0.8604 12.1884 -17.4371
v  0.8604 12.4420 -17.2782
v  0.8604 14.1666 -15.9683
v  0.8604 14.3869 -15.7657
v  0.5611 14.3869 -15.7657
v  -1.9219 14.3868 -15.5211
v  -2.2482 12.1884 -17.1604
v  3.9689 12.1884 -17.1604
v  4.2621 12.1884 -17.1020
v  4.2311 12.4420 -16.9462
v  3.9756 14.1666 -15.6615
v  3.9361 14.3868 -15.4627
v  3.6426 14.3868 -15.5211
v  1.1596 14.3869 -15.7657
v  1.1593 12.1884 -17.4371
v  7.2570 12.1884 -16.2242
v  7.5332 12.1884 -16.1098
v  7.4724 12.4420 -15.9630
v  6.9711 14.1666 -14.7528
v  6.8936 14.3868 -14.5656
v  6.6171 14.3868 -14.6801
v  4.2295 14.3868 -15.4044
v  4.5554 12.1884 -17.0437
v  10.2993 12.1884 -14.6645
v  9.3705 14.3868 -13.2749
v  7.1700 14.3868 -14.4511
v  7.8094 12.1884 -15.9954
v  14.0350 9.8953 -13.1747
v  13.3025 11.9349 -12.4423
v  10.6361 11.9349 -14.6305
v  11.2116 9.8952 -15.4918
v  16.3521 9.8953 -10.3513
v  15.4908 11.9349 -9.7758
v  18.0739 9.8953 -7.1301
v  17.1169 11.9349 -6.7337
v  19.1341 9.8953 -3.6349
v  18.1182 11.9349 -3.4329
v  19.4921 9.8953 -0.0001
v  18.4563 11.9349 -0.0001
v  19.1341 9.8953 3.6348
v  18.1182 11.9349 3.4327
v  18.0739 9.8953 7.1300
v  17.1169 11.9349 6.7336
v  16.3521 9.8953 10.3512
v  15.4908 11.9349 9.7757
v  14.0350 9.8953 13.1746
v  13.3025 11.9349 12.4421
v  11.2116 9.8952 15.4917
v  10.6361 11.9349 14.6304
v  7.9904 9.8952 17.2134
v  7.5940 11.9349 16.2564
v  4.4952 9.8952 18.2737
v  4.2931 11.9349 17.2577
v  0.8604 9.8952 18.6317
v  0.8604 11.9349 17.5958
v  -2.7745 9.8952 18.2737
v  -2.5724 11.9349 17.2577
v  -6.2697 9.8952 17.2134
v  -5.8733 11.9349 16.2564
v  -9.4909 9.8952 15.4917
v  -8.9154 11.9349 14.6304
v  -12.3143 9.8952 13.1746
v  -11.5818 11.9349 12.4421
v  -14.6314 9.8952 10.3512
v  -13.7701 11.9349 9.7757
v  -16.3531 9.8952 7.1300
v  -15.3962 11.9349 6.7336
v  -17.4134 9.8952 3.6348
v  -16.3975 11.9349 3.4327
v  -17.7714 9.8952 -0.0001
v  -16.7356 11.9349 -0.0001
v  -17.4134 9.8952 -3.6349
v  -16.3975 11.9349 -3.4329
v  -16.3531 9.8952 -7.1301
v  -15.3962 11.9349 -6.7337
v  -14.6314 9.8952 -10.3513
v  -13.7701 11.9349 -9.7758
v  -12.3143 9.8952 -13.1747
v  -11.5818 11.9349 -12.4423
v  -9.4909 9.8952 -15.4918
v  -8.9154 11.9349 -14.6305
v  -6.2697 9.8952 -17.2136
v  -5.8733 11.9349 -16.2566
v  -2.7745 9.8952 -18.2738
v  -2.5724 11.9349 -17.2579
v  0.8604 9.8952 -18.6318
v  0.8604 11.9349 -17.5960
v  4.4952 9.8952 -18.2738
v  4.2931 11.9349 -17.2579
v  7.9904 9.8952 -17.2136
v  7.5940 11.9349 -16.2566
v  8.7810 17.5167 -7.9207
v  7.0835 17.5167 -9.3137
v  10.1740 17.5167 -6.2233
v  11.2091 17.5167 -4.2867
v  11.8466 17.5167 -2.1854
v  12.0618 17.5167 -0.0001
v  11.8466 17.5167 2.1852
v  11.2091 17.5167 4.2865
v  10.1740 17.5167 6.2231
v  8.7810 17.5167 7.9205
v  7.0835 17.5167 9.3136
v  5.1470 17.5167 10.3487
v  3.0456 17.5167 10.9861
v  0.8604 17.5167 11.2014
v  -1.3249 17.5167 10.9861
v  -3.4263 17.5167 10.3487
v  -5.3628 17.5167 9.3136
v  -7.0603 17.5167 7.9205
v  -8.4533 17.5167 6.2231
v  -9.4884 17.5167 4.2865
v  -10.1259 17.5167 2.1852
v  -10.3411 17.5167 -0.0001
v  -10.1259 17.5167 -2.1854
v  -9.4884 17.5167 -4.2867
v  -8.4533 17.5167 -6.2233
v  -7.0603 17.5167 -7.9207
v  -5.3628 17.5167 -9.3137
v  -3.4263 17.5167 -10.3488
v  -1.3249 17.5167 -10.9863
v  0.8604 17.5167 -11.2015
v  3.0456 17.5167 -10.9863
v  5.1470 17.5167 -10.3488
v  11.8650 14.6071 -11.0047
v  10.7834 15.9843 -9.9231
v  8.6568 15.9843 -11.6683
v  9.5067 14.6071 -12.9402
v  13.8005 14.6071 -8.6464
v  12.5286 15.9843 -7.7965
v  15.2386 14.6071 -5.9557
v  13.8254 15.9843 -5.3704
v  16.1242 14.6071 -3.0362
v  14.6240 15.9843 -2.7378
v  16.4233 14.6071 -0.0001
v  14.8936 15.9843 -0.0001
v  16.1242 14.6071 3.0361
v  14.6240 15.9843 2.7377
v  15.2386 14.6071 5.9556
v  13.8254 15.9843 5.3702
v  13.8005 14.6071 8.6462
v  12.5286 15.9843 7.7964
v  11.8650 14.6071 11.0046
v  10.7834 15.9843 9.9230
v  9.5066 14.6071 12.9400
v  8.6568 15.9843 11.6682
v  6.8160 14.6071 14.3782
v  6.2307 15.9843 12.9650
v  3.8965 14.6071 15.2638
v  3.5981 15.9843 13.7636
v  0.8604 14.6071 15.5629
v  0.8604 15.9843 14.0332
v  -2.1758 14.6071 15.2638
v  -1.8774 15.9843 13.7636
v  -5.0953 14.6071 14.3782
v  -4.5100 15.9843 12.9650
v  -7.7859 14.6071 12.9400
v  -6.9361 15.9843 11.6682
v  -10.1443 14.6071 11.0046
v  -9.0627 15.9843 9.9230
v  -12.0797 14.6071 8.6462
v  -10.8079 15.9843 7.7964
v  -13.5179 14.6071 5.9556
v  -12.1047 15.9843 5.3702
v  -14.4035 14.6071 3.0361
v  -12.9033 15.9843 2.7377
v  -14.7026 14.6071 -0.0001
v  -13.1729 15.9843 -0.0001
v  -14.4035 14.6071 -3.0362
v  -12.9033 15.9843 -2.7378
v  -13.5179 14.6071 -5.9557
v  -12.1047 15.9843 -5.3704
v  -12.0797 14.6071 -8.6464
v  -10.8079 15.9843 -7.7965
v  -10.1443 14.6071 -11.0047
v  -9.0627 15.9843 -9.9231
v  -7.7859 14.6071 -12.9402
v  -6.9361 15.9843 -11.6683
v  -5.0953 14.6071 -14.3783
v  -4.5100 15.9843 -12.9651
v  -2.1758 14.6071 -15.2640
v  -1.8774 15.9843 -13.7637
v  0.8604 14.6071 -15.5630
v  0.8604 15.9843 -14.0334
v  3.8965 14.6071 -15.2640
v  3.5981 15.9843 -13.7637
v  6.8160 14.6071 -14.3783
v  6.2307 15.9843 -12.9651
v  6.5772 18.2630 -5.7169
v  5.3521 18.2630 -6.7224
v  7.5827 18.2630 -4.4918
v  8.3298 18.2630 -3.0940
v  8.7899 18.2630 -1.5773
v  8.9452 18.2630 -0.0001
v  8.7899 18.2630 1.5772
v  8.3298 18.2630 3.0939
v  7.5827 18.2630 4.4917
v  6.5772 18.2630 5.7168
v  5.3521 18.2630 6.7223
v  3.9543 18.2630 7.4694
v  2.4376 18.2630 7.9295
v  0.8604 18.2630 8.0848
v  -0.7169 18.2630 7.9295
v  -2.2336 18.2630 7.4694
v  -3.6314 18.2630 6.7223
v  -4.8565 18.2630 5.7168
v  -5.8620 18.2630 4.4916
v  -6.6091 18.2630 3.0939
v  -7.0692 18.2630 1.5772
v  -7.2245 18.2630 -0.0001
v  -7.0692 18.2630 -1.5773
v  -6.6091 18.2630 -3.0940
v  -5.8620 18.2630 -4.4918
v  -4.8565 18.2630 -5.7169
v  -3.6314 18.2630 -6.7224
v  -2.2336 18.2630 -7.4695
v  -0.7169 18.2630 -7.9296
v  0.8604 18.2630 -8.0849
v  2.4376 18.2630 -7.9296
v  3.9543 18.2630 -7.4695
v  -19.8114 6.1492 -4.1119
v  0.8604 6.1492 -0.0001
v  -20.2164 6.1492 -0.0001
v  -18.6120 6.1492 -8.0658
v  -16.6643 6.1492 -11.7097
v  -14.0432 6.1492 -14.9036
v  -10.8493 6.1492 -17.5248
v  -7.2054 6.1492 -19.4725
v  -3.2515 6.1492 -20.6719
v  0.8604 6.1492 -21.0768
v  4.9722 6.1492 -20.6719
v  8.9261 6.1492 -19.4725
v  12.5700 6.1492 -17.5248
v  15.7639 6.1492 -14.9036
v  18.3851 6.1492 -11.7097
v  20.3328 6.1492 -8.0658
v  21.5321 6.1492 -4.1119
v  21.9371 6.1492 -0.0001
v  21.5321 6.1492 4.1118
v  20.3328 6.1492 8.0657
v  18.3851 6.1492 11.7096
v  15.7639 6.1492 14.9035
v  12.5700 6.1492 17.5246
v  8.9261 6.1492 19.4723
v  4.9722 6.1492 20.6717
v  0.8604 6.1492 21.0767
v  -3.2515 6.1492 20.6717
v  -7.2054 6.1492 19.4723
v  -10.8493 6.1492 17.5246
v  -14.0432 6.1492 14.9035
v  -16.6643 6.1492 11.7096
v  -18.6121 6.1492 8.0657
v  -19.8114 6.1492 4.1118
v  0.8604 6.8492 -0.0001
v  -19.8114 6.8492 -4.1119
v  -20.2164 6.8492 -0.0001
v  -18.6120 6.8492 -8.0658
v  -16.6643 6.8492 -11.7097
v  -14.0432 6.8492 -14.9036
v  -10.8493 6.8492 -17.5248
v  -7.2054 6.8492 -19.4725
v  -3.2515 6.8492 -20.6719
v  0.8604 6.8492 -21.0768
v  4.9722 6.8492 -20.6719
v  8.9261 6.8492 -19.4725
v  12.5700 6.8492 -17.5248
v  15.7639 6.8492 -14.9036
v  18.3851 6.8492 -11.7097
v  20.3328 6.8492 -8.0658
v  21.5321 6.8492 -4.1119
v  21.9371 6.8492 -0.0001
v  21.5321 6.8492 4.1118
v  20.3328 6.8492 8.0657
v  18.3851 6.8492 11.7096
v  15.7639 6.8492 14.9035
v  12.5700 6.8492 17.5246
v  8.9261 6.8492 19.4723
v  4.9722 6.8492 20.6717
v  0.8604 6.8492 21.0767
v  -3.2515 6.8492 20.6717
v  -7.2054 6.8492 19.4723
v  -10.8493 6.8492 17.5246
v  -14.0432 6.8492 14.9035
v  -16.6643 6.8492 11.7096
v  -18.6121 6.8492 8.0657
v  -19.8114 6.8492 4.1118
v  -20.5337 6.6979 -0.0001
v  -20.1226 6.6979 -4.1738
v  -20.1226 6.3004 -4.1738
v  -20.5337 6.3004 -0.0001
v  -18.9051 6.6979 -8.1872
v  -18.9051 6.3004 -8.1872
v  -16.9281 6.6979 -11.8859
v  -16.9281 6.3004 -11.8859
v  -14.2675 6.6979 -15.1279
v  -14.2675 6.3004 -15.1279
v  -11.0255 6.6979 -17.7885
v  -11.0255 6.3004 -17.7885
v  -7.3268 6.6979 -19.7656
v  -7.3268 6.3004 -19.7656
v  -3.3134 6.6979 -20.9830
v  -3.3134 6.3004 -20.9830
v  0.8604 6.6979 -21.3941
v  0.8604 6.3004 -21.3941
v  5.0341 6.6979 -20.9830
v  5.0341 6.3004 -20.9830
v  9.0475 6.6979 -19.7656
v  9.0475 6.3004 -19.7656
v  12.7462 6.6979 -17.7885
v  12.7462 6.3004 -17.7885
v  15.9882 6.6979 -15.1279
v  15.9882 6.3004 -15.1279
v  18.6488 6.6979 -11.8860
v  18.6488 6.3004 -11.8860
v  20.6259 6.6979 -8.1872
v  20.6259 6.3004 -8.1872
v  21.8433 6.6979 -4.1738
v  21.8433 6.3004 -4.1738
v  22.2544 6.6979 -0.0001
v  22.2544 6.3004 -0.0001
v  21.8433 6.6979 4.1737
v  21.8433 6.3004 4.1737
v  20.6259 6.6979 8.1871
v  20.6259 6.3004 8.1871
v  18.6488 6.6979 11.8858
v  18.6488 6.3004 11.8858
v  15.9882 6.6979 15.1278
v  15.9882 6.3004 15.1278
v  12.7462 6.6979 17.7884
v  12.7462 6.3004 17.7884
v  9.0475 6.6979 19.7654
v  9.0475 6.3004 19.7654
v  5.0341 6.6979 20.9829
v  5.0341 6.3004 20.9829
v  0.8604 6.6979 21.3940
v  0.8604 6.3004 21.3940
v  -3.3134 6.6979 20.9829
v  -3.3134 6.3004 20.9829
v  -7.3268 6.6979 19.7654
v  -7.3268 6.3004 19.7654
v  -11.0255 6.6979 17.7884
v  -11.0255 6.3004 17.7884
v  -14.2675 6.6979 15.1278
v  -14.2675 6.3004 15.1278
v  -16.9281 6.6979 11.8858
v  -16.9281 6.3004 11.8858
v  -18.9052 6.6979 8.1871
v  -18.9052 6.3004 8.1871
v  -20.1226 6.6979 4.1737
v  -20.1226 6.3004 4.1737
v  -20.3817 6.1492 -0.0001
v  -19.9735 6.1492 -4.1442
v  -18.7647 6.1492 -8.1290
v  -16.8017 6.1492 -11.8015
v  -14.1600 6.1492 -15.0204
v  -10.9411 6.1492 -17.6622
v  -7.2686 6.1492 -19.6251
v  -3.2838 6.1492 -20.8339
v  0.8604 6.1492 -21.2421
v  5.0045 6.1492 -20.8339
v  8.9893 6.1492 -19.6251
v  12.6618 6.1492 -17.6622
v  15.8807 6.1492 -15.0204
v  18.5224 6.1492 -11.8015
v  20.4854 6.1492 -8.1290
v  21.6942 6.1492 -4.1442
v  22.1024 6.1492 -0.0001
v  21.6942 6.1492 4.1440
v  20.4854 6.1492 8.1289
v  18.5224 6.1492 11.8014
v  15.8807 6.1492 15.0203
v  12.6618 6.1492 17.6620
v  8.9893 6.1492 19.6250
v  5.0045 6.1492 20.8338
v  0.8604 6.1492 21.2420
v  -3.2838 6.1492 20.8338
v  -7.2686 6.1492 19.6250
v  -10.9411 6.1492 17.6620
v  -14.1600 6.1492 15.0203
v  -16.8017 6.1492 11.8014
v  -18.7647 6.1492 8.1289
v  -19.9735 6.1492 4.1440
v  -19.9735 6.8492 -4.1442
v  -20.3817 6.8492 -0.0001
v  -18.7647 6.8492 -8.1290
v  -16.8017 6.8492 -11.8015
v  -14.1600 6.8492 -15.0204
v  -10.9411 6.8492 -17.6622
v  -7.2686 6.8492 -19.6251
v  -3.2838 6.8492 -20.8339
v  0.8604 6.8492 -21.2421
v  5.0045 6.8492 -20.8339
v  8.9893 6.8492 -19.6251
v  12.6618 6.8492 -17.6622
v  15.8807 6.8492 -15.0204
v  18.5224 6.8492 -11.8015
v  20.4854 6.8492 -8.1290
v  21.6942 6.8492 -4.1442
v  22.1024 6.8492 -0.0001
v  21.6942 6.8492 4.1440
v  20.4854 6.8492 8.1289
v  18.5224 6.8492 11.8014
v  15.8807 6.8492 15.0203
v  12.6618 6.8492 17.6620
v  8.9893 6.8492 19.6250
v  5.0045 6.8492 20.8338
v  0.8604 6.8492 21.2420
v  -3.2838 6.8492 20.8338
v  -7.2686 6.8492 19.6250
v  -10.9411 6.8492 17.6620
v  -14.1600 6.8492 15.0203
v  -16.8017 6.8492 11.8014
v  -18.7647 6.8492 8.1289
v  -19.9735 6.8492 4.1440
v  -20.5337 6.1492 -0.0001
v  -20.1226 6.1492 -4.1738
v  -18.9051 6.1492 -8.1872
v  -16.9281 6.1492 -11.8859
v  -14.2675 6.1492 -15.1279
v  -11.0255 6.1492 -17.7885
v  -7.3268 6.1492 -19.7656
v  -3.3134 6.1492 -20.9830
v  0.8604 6.1492 -21.3941
v  5.0341 6.1492 -20.9830
v  9.0475 6.1492 -19.7656
v  12.7462 6.1492 -17.7885
v  15.9882 6.1492 -15.1279
v  18.6488 6.1492 -11.8860
v  20.6259 6.1492 -8.1872
v  21.8433 6.1492 -4.1738
v  22.2544 6.1492 -0.0001
v  21.8433 6.1492 4.1737
v  20.6259 6.1492 8.1871
v  18.6488 6.1492 11.8858
v  15.9882 6.1492 15.1278
v  12.7462 6.1492 17.7884
v  9.0475 6.1492 19.7654
v  5.0341 6.1492 20.9829
v  0.8604 6.1492 21.3940
v  -3.3134 6.1492 20.9829
v  -7.3268 6.1492 19.7654
v  -11.0255 6.1492 17.7884
v  -14.2675 6.1492 15.1278
v  -16.9281 6.1492 11.8858
v  -18.9052 6.1492 8.1871
v  -20.1226 6.1492 4.1737
v  -20.1226 6.8492 -4.1738
v  -20.5337 6.8492 -0.0001
v  -18.9051 6.8492 -8.1872
v  -16.9281 6.8492 -11.8859
v  -14.2675 6.8492 -15.1279
v  -11.0255 6.8492 -17.7885
v  -7.3268 6.8492 -19.7656
v  -3.3134 6.8492 -20.9830
v  0.8604 6.8492 -21.3941
v  5.0341 6.8492 -20.9830
v  9.0475 6.8492 -19.7656
v  12.7462 6.8492 -17.7885
v  15.9882 6.8492 -15.1279
v  18.6488 6.8492 -11.8860
v  20.6259 6.8492 -8.1872
v  21.8433 6.8492 -4.1738
v  22.2544 6.8492 -0.0001
v  21.8433 6.8492 4.1737
v  20.6259 6.8492 8.1871
v  18.6488 6.8492 11.8858
v  15.9882 6.8492 15.1278
v  12.7462 6.8492 17.7884
v  9.0475 6.8492 19.7654
v  5.0341 6.8492 20.9829
v  0.8604 6.8492 21.3940
v  -3.3134 6.8492 20.9829
v  -7.3268 6.8492 19.7654
v  -11.0255 6.8492 17.7884
v  -14.2675 6.8492 15.1278
v  -16.9281 6.8492 11.8858
v  -18.9052 6.8492 8.1871
v  -20.1226 6.8492 4.1737
# 2516 vertices

vn -0.6289 0.7750 -0.0619
vn -0.7139 0.6857 -0.1420
vn -0.7279 0.6857 -0.0000
vn -0.9094 -0.3745 -0.1809
vn -0.9272 -0.3745 0.0000
vn -0.4027 -0.9153 -0.0000
vn -0.3950 -0.9153 -0.0786
vn 0.3550 -0.9322 0.0706
vn 0.3619 -0.9322 0.0000
vn 0.9202 -0.3914 0.0000
vn 0.9025 -0.3914 0.1795
vn 0.9808 0.0000 0.1951
vn 1.0000 0.0000 0.0000
vn -0.0000 -1.0000 -0.0000
vn 0.0000 -1.0000 -0.0000
vn -1.0000 -0.0000 0.0000
vn -0.9239 0.0000 -0.3827
vn -0.8681 -0.3422 -0.3596
vn -0.9396 -0.3422 0.0000
vn -0.4155 -0.8932 -0.1721
vn -0.4497 -0.8932 0.0000
vn 0.6071 -0.7538 0.2515
vn 0.6572 -0.7537 0.0000
vn 0.7462 -0.6657 0.0000
vn 0.6894 -0.6658 0.2856
vn -0.0000 1.0000 -0.0000
vn -0.8279 0.3447 -0.4425
vn -0.9342 0.3447 -0.0920
vn -0.9952 -0.0013 -0.0980
vn -0.8819 -0.0013 -0.4714
vn -0.7853 0.4551 -0.4198
vn -0.8862 0.4551 -0.0873
vn -0.8682 0.1754 -0.4641
vn -0.9798 0.1754 -0.0965
vn -0.8799 0.0671 -0.4703
vn -0.9929 0.0671 -0.0978
vn -0.5573 0.7750 -0.2979
vn -0.6724 0.6857 -0.2785
vn -0.8566 -0.3745 -0.3548
vn -0.3721 -0.9153 -0.1541
vn 0.3344 -0.9322 0.1385
vn 0.8502 -0.3914 0.3522
vn 0.9239 -0.0000 0.3827
vn -0.6052 0.6857 -0.4044
vn -0.7710 -0.3745 -0.5151
vn -0.3349 -0.9153 -0.2237
vn 0.3009 -0.9322 0.2011
vn 0.7651 -0.3914 0.5112
vn 0.8315 0.0000 0.5556
vn -0.0000 -1.0000 0.0000
vn -0.7071 -0.0000 -0.7071
vn -0.6644 -0.3422 -0.6644
vn -0.3180 -0.8932 -0.3180
vn 0.4647 -0.7538 0.4647
vn 0.5276 -0.6657 0.5276
vn -0.5955 0.3447 -0.7256
vn -0.6344 -0.0013 -0.7730
vn -0.5649 0.4551 -0.6883
vn -0.6246 0.1754 -0.7610
vn -0.6330 0.0671 -0.7713
vn -0.4009 0.7750 -0.4885
vn -0.5147 0.6857 -0.5147
vn -0.6557 -0.3745 -0.6557
vn -0.2848 -0.9153 -0.2848
vn 0.2559 -0.9322 0.2559
vn 0.6507 -0.3914 0.6507
vn 0.7071 0.0000 0.7071
vn -0.4044 0.6857 -0.6052
vn -0.5151 -0.3745 -0.7710
vn -0.2237 -0.9153 -0.3349
vn 0.2011 -0.9322 0.3009
vn 0.5112 -0.3914 0.7651
vn 0.5556 0.0000 0.8315
vn -0.3827 -0.0000 -0.9239
vn -0.3596 -0.3422 -0.8681
vn -0.1721 -0.8932 -0.4155
vn 0.2515 -0.7538 0.6071
vn 0.2856 -0.6657 0.6894
vn -0.2725 0.3447 -0.8983
vn -0.2903 -0.0013 -0.9569
vn -0.2585 0.4551 -0.8521
vn -0.2858 0.1754 -0.9421
vn -0.2896 0.0671 -0.9548
vn -0.1834 0.7750 -0.6047
vn -0.2786 0.6857 -0.6725
vn -0.3548 -0.3745 -0.8566
vn -0.1541 -0.9153 -0.3721
vn 0.1385 -0.9322 0.3344
vn 0.3522 -0.3914 0.8502
vn 0.3827 -0.0000 0.9239
vn -0.1420 0.6857 -0.7139
vn -0.1809 -0.3745 -0.9094
vn -0.0786 -0.9153 -0.3950
vn 0.0706 -0.9322 0.3550
vn 0.1795 -0.3914 0.9025
vn 0.1951 0.0000 0.9808
vn 0.0000 -0.0000 -1.0000
vn -0.0000 -0.3422 -0.9396
vn 0.0000 -0.8932 -0.4497
vn 0.0000 -0.7538 0.6571
vn 0.0000 -0.6657 0.7462
vn 0.0920 0.3447 -0.9342
vn 0.0980 -0.0013 -0.9952
vn 0.0873 0.4551 -0.8862
vn 0.0965 0.1754 -0.9798
vn 0.0978 0.0671 -0.9929
vn 0.0619 0.7750 -0.6289
vn 0.0000 0.6857 -0.7279
vn 0.0000 -0.3745 -0.9272
vn 0.0000 -0.9153 -0.4027
vn 0.0000 -0.9322 0.3619
vn 0.0000 -0.3914 0.9202
vn 0.0000 0.0000 1.0000
vn 0.1420 0.6857 -0.7139
vn 0.1809 -0.3745 -0.9094
vn 0.0786 -0.9153 -0.3950
vn -0.0706 -0.9322 0.3550
vn -0.1795 -0.3914 0.9025
vn -0.1951 -0.0000 0.9808
vn 0.3827 0.0000 -0.9239
vn 0.3596 -0.3422 -0.8681
vn 0.1721 -0.8932 -0.4155
vn -0.2515 -0.7538 0.6071
vn -0.2856 -0.6657 0.6894
vn 0.4425 0.3447 -0.8279
vn 0.4714 -0.0013 -0.8819
vn 0.4198 0.4551 -0.7853
vn 0.4641 0.1754 -0.8682
vn 0.4703 0.0671 -0.8799
vn 0.2979 0.7750 -0.5573
vn 0.2785 0.6857 -0.6724
vn 0.3548 -0.3745 -0.8567
vn 0.1541 -0.9153 -0.3721
vn -0.1385 -0.9322 0.3344
vn -0.3522 -0.3914 0.8502
vn -0.3827 0.0000 0.9239
vn 0.4044 0.6857 -0.6052
vn 0.5151 -0.3745 -0.7710
vn 0.2237 -0.9153 -0.3349
vn -0.2011 -0.9322 0.3009
vn -0.5112 -0.3914 0.7651
vn -0.5556 -0.0000 0.8315
vn 0.7071 0.0000 -0.7071
vn 0.6644 -0.3422 -0.6644
vn 0.3180 -0.8932 -0.3180
vn -0.4647 -0.7538 0.4647
vn -0.5276 -0.6657 0.5276
vn 0.7256 0.3447 -0.5955
vn 0.7730 -0.0013 -0.6344
vn 0.6883 0.4551 -0.5649
vn 0.7610 0.1754 -0.6246
vn 0.7713 0.0671 -0.6330
vn 0.4885 0.7750 -0.4009
vn 0.5147 0.6857 -0.5147
vn 0.6557 -0.3745 -0.6557
vn 0.2848 -0.9153 -0.2848
vn -0.2559 -0.9322 0.2559
vn -0.6507 -0.3914 0.6507
vn -0.7071 -0.0000 0.7071
vn 0.6052 0.6857 -0.4044
vn 0.7710 -0.3745 -0.5151
vn 0.3349 -0.9153 -0.2237
vn -0.3009 -0.9322 0.2011
vn -0.7651 -0.3914 0.5112
vn -0.8315 -0.0000 0.5556
vn 0.9239 0.0000 -0.3827
vn 0.8681 -0.3422 -0.3596
vn 0.4155 -0.8932 -0.1721
vn -0.6071 -0.7538 0.2515
vn -0.6894 -0.6658 0.2856
vn 0.8983 0.3447 -0.2725
vn 0.9569 -0.0013 -0.2903
vn 0.8521 0.4551 -0.2585
vn 0.9421 0.1754 -0.2858
vn 0.9548 0.0671 -0.2896
vn 0.6047 0.7750 -0.1834
vn 0.6725 0.6857 -0.2786
vn 0.8567 -0.3745 -0.3548
vn 0.3721 -0.9153 -0.1541
vn -0.3344 -0.9322 0.1385
vn -0.8502 -0.3914 0.3522
vn -0.9239 0.0000 0.3827
vn 0.0000 -1.0000 0.0000
vn 0.7139 0.6857 -0.1420
vn 0.9094 -0.3745 -0.1809
vn 0.3950 -0.9153 -0.0786
vn -0.3550 -0.9322 0.0706
vn -0.9025 -0.3914 0.1795
vn -0.9808 -0.0000 0.1951
vn 0.9396 -0.3422 0.0000
vn 0.4497 -0.8932 -0.0000
vn -0.6572 -0.7537 0.0000
vn -0.7462 -0.6657 0.0000
vn 0.9342 0.3447 0.0920
vn 0.9952 -0.0013 0.0980
vn 0.8862 0.4551 0.0873
vn 0.9798 0.1754 0.0965
vn 0.9929 0.0671 0.0978
vn 0.6289 0.7750 0.0619
vn 0.7279 0.6857 0.0000
vn 0.9272 -0.3745 0.0000
vn 0.4027 -0.9153 0.0000
vn -0.3619 -0.9322 -0.0000
vn -0.9202 -0.3914 -0.0000
vn -1.0000 -0.0000 -0.0000
vn 0.7139 0.6857 0.1420
vn 0.9094 -0.3745 0.1809
vn 0.3950 -0.9153 0.0786
vn -0.3550 -0.9322 -0.0706
vn -0.9025 -0.3914 -0.1795
vn -0.9808 -0.0000 -0.1951
vn 0.9239 0.0000 0.3827
vn 0.8681 -0.3422 0.3596
vn 0.4155 -0.8932 0.1721
vn -0.6071 -0.7538 -0.2515
vn -0.6894 -0.6657 -0.2856
vn 0.8279 0.3447 0.4425
vn 0.8819 -0.0013 0.4714
vn 0.7853 0.4551 0.4198
vn 0.8682 0.1754 0.4641
vn 0.8799 0.0671 0.4703
vn 0.5573 0.7750 0.2979
vn 0.6725 0.6857 0.2786
vn 0.8566 -0.3745 0.3548
vn 0.3721 -0.9153 0.1541
vn -0.3344 -0.9322 -0.1385
vn -0.8502 -0.3914 -0.3522
vn -0.9239 -0.0000 -0.3827
vn 0.6052 0.6857 0.4044
vn 0.7710 -0.3745 0.5151
vn 0.3349 -0.9153 0.2237
vn -0.3009 -0.9322 -0.2011
vn -0.7651 -0.3914 -0.5112
vn -0.8315 -0.0000 -0.5556
vn 0.6644 -0.3422 0.6644
vn 0.3180 -0.8932 0.3180
vn -0.4647 -0.7538 -0.4647
vn -0.5276 -0.6657 -0.5276
vn 0.5955 0.3447 0.7256
vn 0.6344 -0.0013 0.7730
vn 0.5649 0.4551 0.6883
vn 0.6246 0.1754 0.7610
vn 0.6330 0.0671 0.7713
vn 0.4009 0.7750 0.4885
vn 0.5147 0.6857 0.5147
vn 0.6557 -0.3745 0.6557
vn 0.2848 -0.9153 0.2848
vn -0.2559 -0.9322 -0.2559
vn -0.6507 -0.3914 -0.6507
vn -0.7071 0.0000 -0.7071
vn 0.4044 0.6857 0.6052
vn 0.5151 -0.3745 0.7710
vn 0.2237 -0.9153 0.3349
vn -0.2011 -0.9322 -0.3009
vn -0.5112 -0.3914 -0.7651
vn -0.5556 -0.0000 -0.8315
vn 0.3596 -0.3422 0.8681
vn 0.1721 -0.8932 0.4155
vn -0.2515 -0.7538 -0.6071
vn -0.2856 -0.6657 -0.6894
vn 0.2725 0.3447 0.8983
vn 0.2903 -0.0013 0.9569
vn 0.2585 0.4551 0.8521
vn 0.2858 0.1754 0.9421
vn 0.2896 0.0671 0.9548
vn 0.1834 0.7750 0.6047
vn 0.2786 0.6857 0.6725
vn 0.3548 -0.3745 0.8567
vn 0.1541 -0.9153 0.3721
vn -0.1385 -0.9322 -0.3344
vn -0.3522 -0.3914 -0.8502
vn 0.1420 0.6857 0.7139
vn 0.1809 -0.3745 0.9094
vn 0.0786 -0.9153 0.3950
vn -0.0706 -0.9322 -0.3550
vn -0.1795 -0.3914 -0.9025
vn -0.1951 -0.0000 -0.9808
vn -0.0000 0.0000 1.0000
vn 0.0000 -0.3422 0.9396
vn -0.0000 -0.8932 0.4497
vn 0.0000 -0.7538 -0.6571
vn 0.0000 -0.6657 -0.7462
vn -0.0920 0.3447 0.9342
vn -0.0980 -0.0013 0.9952
vn -0.0873 0.4551 0.8862
vn -0.0965 0.1754 0.9798
vn -0.0978 0.0671 0.9929
vn -0.0619 0.7750 0.6289
vn -0.0000 0.6857 0.7279
vn 0.0000 -0.3745 0.9272
vn 0.0000 -0.9153 0.4027
vn 0.0000 -0.9322 -0.3619
vn -0.0000 -0.3914 -0.9202
vn -0.0000 -0.0000 -1.0000
vn -0.1420 0.6857 0.7139
vn -0.1809 -0.3745 0.9094
vn -0.0786 -0.9153 0.3950
vn 0.0706 -0.9322 -0.3550
vn 0.1795 -0.3914 -0.9025
vn 0.1951 0.0000 -0.9808
vn -0.3827 -0.0000 0.9239
vn -0.3596 -0.3422 0.8681
vn -0.1721 -0.8932 0.4155
vn 0.2515 -0.7538 -0.6071
vn 0.2856 -0.6657 -0.6894
vn -0.4425 0.3447 0.8279
vn -0.4714 -0.0013 0.8819
vn -0.4198 0.4551 0.7853
vn -0.4641 0.1754 0.8682
vn -0.4703 0.0671 0.8799
vn -0.2979 0.7750 0.5573
vn -0.2786 0.6857 0.6725
vn -0.3548 -0.3745 0.8566
vn -0.1541 -0.9153 0.3721
vn 0.1385 -0.9322 -0.3344
vn 0.3522 -0.3914 -0.8502
vn -0.4044 0.6857 0.6052
vn -0.5151 -0.3745 0.7710
vn -0.2237 -0.9153 0.3349
vn 0.2011 -0.9322 -0.3009
vn 0.5112 -0.3914 -0.7651
vn 0.5556 0.0000 -0.8315
vn -0.7071 0.0000 0.7071
vn -0.6644 -0.3422 0.6644
vn -0.3180 -0.8932 0.3180
vn 0.4647 -0.7538 -0.4647
vn 0.5276 -0.6657 -0.5276
vn -0.7256 0.3447 0.5955
vn -0.7730 -0.0013 0.6344
vn -0.6883 0.4551 0.5649
vn -0.7610 0.1754 0.6246
vn -0.7713 0.0671 0.6330
vn -0.4885 0.7750 0.4009
vn -0.5147 0.6857 0.5147
vn -0.6557 -0.3745 0.6557
vn -0.2848 -0.9153 0.2848
vn 0.2559 -0.9322 -0.2559
vn 0.6507 -0.3914 -0.6507
vn -0.6052 0.6857 0.4044
vn -0.7710 -0.3745 0.5151
vn -0.3349 -0.9153 0.2237
vn 0.3009 -0.9322 -0.2011
vn 0.7651 -0.3914 -0.5112
vn 0.8315 0.0000 -0.5556
vn -0.9239 -0.0000 0.3827
vn -0.8681 -0.3422 0.3596
vn -0.4155 -0.8932 0.1721
vn 0.6071 -0.7538 -0.2515
vn 0.6894 -0.6657 -0.2856
vn -0.8983 0.3447 0.2725
vn -0.9569 -0.0013 0.2903
vn -0.8521 0.4551 0.2585
vn -0.9421 0.1754 0.2858
vn -0.9548 0.0671 0.2896
vn -0.6047 0.7750 0.1834
vn -0.6725 0.6857 0.2786
vn -0.8566 -0.3745 0.3548
vn -0.3721 -0.9153 0.1541
vn 0.3344 -0.9322 -0.1385
vn 0.8502 -0.3914 -0.3522
vn -0.7139 0.6857 0.1420
vn -0.9094 -0.3745 0.1809
vn -0.3950 -0.9153 0.0786
vn 0.3550 -0.9322 -0.0706
vn 0.9025 -0.3914 -0.1795
vn 0.9808 0.0000 -0.1951
vn -0.6938 -0.5247 0.4934
vn -0.3485 -0.5247 0.7767
vn -0.4263 -0.0334 0.9040
vn -0.8034 -0.0334 0.5945
vn -0.7767 -0.5247 0.3485
vn -0.4933 -0.5247 0.6938
vn -0.5945 -0.0334 0.8034
vn -0.9039 -0.0334 0.4263
vn -0.8298 -0.5247 0.1903
vn -0.6192 -0.5247 0.5842
vn -0.7398 -0.0334 0.6720
vn -0.9697 -0.0334 0.2418
vn -0.8509 -0.5247 0.0248
vn -0.7213 -0.5247 0.4522
vn -0.8567 -0.0334 0.5148
vn -0.9983 -0.0334 0.0480
vn -0.8394 -0.5247 -0.1417
vn -0.7956 -0.5247 0.3028
vn -0.9406 -0.0334 0.3377
vn -0.9885 -0.0334 -0.1477
vn -0.7956 -0.5247 -0.3028
vn -0.8394 -0.5247 0.1417
vn -0.9885 -0.0334 0.1477
vn -0.9406 -0.0334 -0.3377
vn -0.7213 -0.5247 -0.4522
vn -0.8509 -0.5247 -0.0248
vn -0.9983 -0.0334 -0.0480
vn -0.8567 -0.0334 -0.5147
vn -0.6192 -0.5247 -0.5842
vn -0.8297 -0.5247 -0.1903
vn -0.9698 -0.0334 -0.2418
vn -0.7398 -0.0334 -0.6720
vn -0.4933 -0.5247 -0.6938
vn -0.7767 -0.5247 -0.3485
vn -0.9040 -0.0334 -0.4263
vn -0.5945 -0.0334 -0.8034
vn -0.3485 -0.5247 -0.7767
vn -0.6938 -0.5247 -0.4933
vn -0.8034 -0.0334 -0.5945
vn -0.4263 -0.0334 -0.9040
vn -0.1903 -0.5247 -0.8298
vn -0.5842 -0.5247 -0.6192
vn -0.6720 -0.0334 -0.7398
vn -0.2418 -0.0334 -0.9698
vn -0.0248 -0.5247 -0.8509
vn -0.4522 -0.5247 -0.7213
vn -0.5147 -0.0334 -0.8567
vn -0.0480 -0.0334 -0.9983
vn 0.1417 -0.5247 -0.8394
vn -0.3028 -0.5247 -0.7956
vn -0.3377 -0.0334 -0.9407
vn 0.1477 -0.0334 -0.9885
vn 0.3028 -0.5247 -0.7956
vn -0.1417 -0.5247 -0.8394
vn -0.1477 -0.0334 -0.9885
vn 0.3377 -0.0334 -0.9407
vn 0.4522 -0.5247 -0.7213
vn 0.0248 -0.5247 -0.8509
vn 0.0480 -0.0334 -0.9983
vn 0.5148 -0.0334 -0.8567
vn 0.5842 -0.5247 -0.6192
vn 0.1903 -0.5247 -0.8298
vn 0.2418 -0.0334 -0.9698
vn 0.6720 -0.0334 -0.7398
vn 0.6938 -0.5247 -0.4933
vn 0.3485 -0.5247 -0.7767
vn 0.4263 -0.0334 -0.9039
vn 0.8034 -0.0334 -0.5945
vn 0.7767 -0.5247 -0.3485
vn 0.4933 -0.5247 -0.6938
vn 0.5945 -0.0334 -0.8034
vn 0.9039 -0.0334 -0.4263
vn 0.8298 -0.5247 -0.1903
vn 0.6192 -0.5247 -0.5842
vn 0.7398 -0.0334 -0.6720
vn 0.9698 -0.0334 -0.2418
vn 0.8509 -0.5247 -0.0248
vn 0.7213 -0.5247 -0.4522
vn 0.8567 -0.0334 -0.5147
vn 0.9983 -0.0334 -0.0480
vn 0.8394 -0.5247 0.1417
vn 0.7956 -0.5247 -0.3028
vn 0.9407 -0.0334 -0.3377
vn 0.9885 -0.0334 0.1477
vn 0.7956 -0.5247 0.3027
vn 0.8394 -0.5247 -0.1417
vn 0.9885 -0.0334 -0.1477
vn 0.9407 -0.0334 0.3377
vn 0.7213 -0.5247 0.4522
vn 0.8509 -0.5247 0.0248
vn 0.9983 -0.0334 0.0480
vn 0.8567 -0.0334 0.5147
vn 0.6192 -0.5247 0.5842
vn 0.8298 -0.5247 0.1903
vn 0.9698 -0.0334 0.2418
vn 0.7398 -0.0334 0.6720
vn 0.4934 -0.5247 0.6938
vn 0.7767 -0.5247 0.3485
vn 0.9039 -0.0334 0.4263
vn 0.5945 -0.0334 0.8034
vn 0.3485 -0.5247 0.7767
vn 0.6938 -0.5247 0.4933
vn 0.8034 -0.0334 0.5945
vn 0.4263 -0.0334 0.9039
vn 0.1903 -0.5247 0.8298
vn 0.5842 -0.5247 0.6192
vn 0.6720 -0.0334 0.7398
vn 0.2418 -0.0334 0.9698
vn 0.0248 -0.5247 0.8509
vn 0.4522 -0.5247 0.7213
vn 0.5147 -0.0334 0.8567
vn 0.0480 -0.0334 0.9983
vn -0.1417 -0.5247 0.8394
vn 0.3028 -0.5247 0.7956
vn 0.3377 -0.0334 0.9407
vn -0.1477 -0.0334 0.9885
vn -0.3028 -0.5247 0.7956
vn 0.1417 -0.5247 0.8394
vn 0.1477 -0.0334 0.9885
vn -0.3377 -0.0334 0.9407
vn -0.4522 -0.5247 0.7213
vn -0.0248 -0.5247 0.8509
vn -0.0480 -0.0334 0.9983
vn -0.5147 -0.0334 0.8567
vn -0.5842 -0.5247 0.6192
vn -0.1903 -0.5247 0.8298
vn -0.2418 -0.0334 0.9698
vn -0.6720 -0.0334 0.7398
vn 0.0495 -0.9289 0.3671
vn -0.2293 -0.7001 0.6762
vn -0.6185 -0.7001 0.3568
vn -0.3697 -0.9289 0.0231
vn -0.0231 -0.9289 0.3697
vn -0.3568 -0.7001 0.6185
vn -0.6762 -0.7001 0.2293
vn -0.3671 -0.9289 -0.0495
vn -0.0948 -0.9289 0.3581
vn -0.4706 -0.7001 0.5370
vn -0.7079 -0.7001 0.0930
vn -0.3504 -0.9289 -0.1201
vn -0.1628 -0.9289 0.3327
vn -0.5664 -0.7001 0.4348
vn -0.7125 -0.7001 -0.0469
vn -0.3202 -0.9289 -0.1862
vn -0.2246 -0.9289 0.2946
vn -0.6403 -0.7001 0.3160
vn -0.6896 -0.7001 -0.1850
vn -0.2778 -0.9289 -0.2451
vn -0.2778 -0.9289 0.2451
vn -0.6896 -0.7001 0.1850
vn -0.6403 -0.7001 -0.3160
vn -0.2246 -0.9289 -0.2946
vn -0.3202 -0.9289 0.1862
vn -0.7125 -0.7001 0.0469
vn -0.5663 -0.7001 -0.4349
vn -0.1628 -0.9289 -0.3327
vn -0.3504 -0.9289 0.1202
vn -0.7080 -0.7001 -0.0930
vn -0.4706 -0.7001 -0.5370
vn -0.0948 -0.9289 -0.3581
vn -0.3671 -0.9289 0.0495
vn -0.6762 -0.7001 -0.2293
vn -0.3568 -0.7001 -0.6185
vn -0.0231 -0.9289 -0.3697
vn -0.3697 -0.9289 -0.0231
vn -0.6185 -0.7001 -0.3568
vn -0.2293 -0.7001 -0.6762
vn 0.0495 -0.9289 -0.3671
vn -0.3581 -0.9289 -0.0948
vn -0.5370 -0.7001 -0.4706
vn -0.0930 -0.7001 -0.7079
vn 0.1201 -0.9289 -0.3504
vn -0.3327 -0.9289 -0.1628
vn -0.4348 -0.7001 -0.5663
vn 0.0469 -0.7001 -0.7125
vn 0.1862 -0.9289 -0.3202
vn -0.2946 -0.9289 -0.2246
vn -0.3160 -0.7001 -0.6403
vn 0.1850 -0.7001 -0.6896
vn 0.2451 -0.9289 -0.2778
vn -0.2451 -0.9289 -0.2778
vn -0.1850 -0.7001 -0.6896
vn 0.3160 -0.7001 -0.6403
vn 0.2946 -0.9289 -0.2246
vn -0.1862 -0.9289 -0.3202
vn -0.0469 -0.7001 -0.7125
vn 0.4348 -0.7001 -0.5664
vn 0.3327 -0.9289 -0.1628
vn -0.1201 -0.9289 -0.3504
vn 0.0930 -0.7001 -0.7079
vn 0.5370 -0.7001 -0.4706
vn 0.3581 -0.9289 -0.0948
vn -0.0495 -0.9289 -0.3671
vn 0.2293 -0.7001 -0.6762
vn 0.6185 -0.7001 -0.3568
vn 0.3697 -0.9289 -0.0231
vn 0.0231 -0.9289 -0.3697
vn 0.3569 -0.7001 -0.6185
vn 0.6762 -0.7001 -0.2293
vn 0.3671 -0.9289 0.0495
vn 0.0948 -0.9289 -0.3581
vn 0.4706 -0.7001 -0.5370
vn 0.7079 -0.7001 -0.0930
vn 0.3504 -0.9289 0.1202
vn 0.1628 -0.9289 -0.3327
vn 0.5663 -0.7001 -0.4348
vn 0.7125 -0.7001 0.0469
vn 0.3202 -0.9289 0.1862
vn 0.2246 -0.9289 -0.2946
vn 0.6403 -0.7001 -0.3160
vn 0.6897 -0.7001 0.1850
vn 0.2778 -0.9288 0.2451
vn 0.2778 -0.9289 -0.2451
vn 0.6896 -0.7001 -0.1850
vn 0.6403 -0.7001 0.3160
vn 0.2246 -0.9289 0.2946
vn 0.3202 -0.9289 -0.1862
vn 0.7125 -0.7001 -0.0469
vn 0.5664 -0.7001 0.4348
vn 0.1628 -0.9289 0.3327
vn 0.3504 -0.9289 -0.1201
vn 0.7079 -0.7001 0.0930
vn 0.4706 -0.7001 0.5370
vn 0.0948 -0.9289 0.3581
vn 0.3671 -0.9288 -0.0495
vn 0.6762 -0.7001 0.2293
vn 0.3568 -0.7001 0.6185
vn 0.0231 -0.9289 0.3697
vn 0.3697 -0.9289 0.0231
vn 0.6185 -0.7001 0.3568
vn 0.2293 -0.7001 0.6762
vn -0.0495 -0.9288 0.3671
vn 0.3581 -0.9289 0.0948
vn 0.5370 -0.7001 0.4706
vn 0.0930 -0.7001 0.7079
vn -0.1201 -0.9289 0.3504
vn 0.3327 -0.9289 0.1628
vn 0.4348 -0.7001 0.5663
vn -0.0469 -0.7001 0.7125
vn -0.1862 -0.9289 0.3202
vn 0.2946 -0.9289 0.2246
vn 0.3160 -0.7001 0.6403
vn -0.1850 -0.7001 0.6896
vn -0.2451 -0.9289 0.2778
vn 0.2451 -0.9289 0.2778
vn 0.1850 -0.7001 0.6896
vn -0.3160 -0.7001 0.6403
vn -0.2946 -0.9289 0.2246
vn 0.1862 -0.9289 0.3202
vn 0.0469 -0.7001 0.7125
vn -0.4348 -0.7001 0.5663
vn -0.3327 -0.9289 0.1628
vn 0.1201 -0.9289 0.3504
vn -0.0930 -0.7001 0.7079
vn -0.5370 -0.7001 0.4706
vn -0.3581 -0.9289 0.0948
vn -0.1820 -0.7550 0.6300
vn -0.3821 -0.3591 0.8515
vn -0.7606 -0.3591 0.5409
vn -0.5824 -0.7550 0.3014
vn -0.3014 -0.7550 0.5824
vn -0.5409 -0.3591 0.7606
vn -0.8515 -0.3591 0.3821
vn -0.6300 -0.7550 0.1820
vn -0.4092 -0.7550 0.5123
vn -0.6789 -0.3591 0.6404
vn -0.9097 -0.3591 0.2087
vn -0.6534 -0.7550 0.0556
vn -0.5013 -0.7550 0.4227
vn -0.7908 -0.3591 0.4957
vn -0.9329 -0.3591 0.0272
vn -0.6517 -0.7550 -0.0729
vn -0.5742 -0.7550 0.3168
vn -0.8723 -0.3591 0.3319
vn -0.9203 -0.3591 -0.1553
vn -0.6249 -0.7550 -0.1986
vn -0.6249 -0.7550 0.1987
vn -0.9203 -0.3591 0.1553
vn -0.8723 -0.3591 -0.3319
vn -0.5742 -0.7550 -0.3168
vn -0.6517 -0.7550 0.0729
vn -0.9329 -0.3591 -0.0272
vn -0.7908 -0.3591 -0.4957
vn -0.5013 -0.7550 -0.4227
vn -0.6534 -0.7550 -0.0556
vn -0.9097 -0.3591 -0.2087
vn -0.6789 -0.3591 -0.6404
vn -0.4093 -0.7550 -0.5124
vn -0.6300 -0.7550 -0.1820
vn -0.8515 -0.3591 -0.3821
vn -0.5409 -0.3591 -0.7606
vn -0.3014 -0.7550 -0.5824
vn -0.5824 -0.7550 -0.3014
vn -0.7606 -0.3591 -0.5409
vn -0.3822 -0.3591 -0.8515
vn -0.1820 -0.7550 -0.6300
vn -0.5124 -0.7550 -0.4093
vn -0.6404 -0.3591 -0.6789
vn -0.2087 -0.3591 -0.9097
vn -0.0556 -0.7550 -0.6534
vn -0.4227 -0.7550 -0.5014
vn -0.4957 -0.3591 -0.7908
vn -0.0272 -0.3591 -0.9329
vn 0.0729 -0.7550 -0.6517
vn -0.3167 -0.7550 -0.5742
vn -0.3319 -0.3591 -0.8723
vn 0.1553 -0.3591 -0.9203
vn 0.1987 -0.7550 -0.6249
vn -0.1986 -0.7550 -0.6249
vn -0.1553 -0.3591 -0.9203
vn 0.3319 -0.3591 -0.8723
vn 0.3168 -0.7550 -0.5742
vn -0.0729 -0.7550 -0.6517
vn 0.0272 -0.3591 -0.9329
vn 0.4957 -0.3591 -0.7908
vn 0.4227 -0.7550 -0.5014
vn 0.0556 -0.7550 -0.6534
vn 0.2087 -0.3591 -0.9097
vn 0.6404 -0.3591 -0.6789
vn 0.5124 -0.7550 -0.4093
vn 0.1820 -0.7550 -0.6300
vn 0.3821 -0.3591 -0.8515
vn 0.7606 -0.3591 -0.5409
vn 0.5824 -0.7550 -0.3014
vn 0.3014 -0.7550 -0.5823
vn 0.5409 -0.3591 -0.7606
vn 0.8515 -0.3591 -0.3821
vn 0.6300 -0.7550 -0.1820
vn 0.4093 -0.7550 -0.5124
vn 0.6789 -0.3591 -0.6404
vn 0.9097 -0.3591 -0.2087
vn 0.6534 -0.7550 -0.0556
vn 0.5014 -0.7550 -0.4227
vn 0.7908 -0.3591 -0.4957
vn 0.9329 -0.3591 -0.0272
vn 0.6517 -0.7550 0.0729
vn 0.5742 -0.7550 -0.3167
vn 0.8723 -0.3591 -0.3319
vn 0.9203 -0.3591 0.1553
vn 0.6249 -0.7550 0.1986
vn 0.6249 -0.7550 -0.1986
vn 0.9203 -0.3591 -0.1553
vn 0.8723 -0.3591 0.3319
vn 0.5742 -0.7550 0.3167
vn 0.6517 -0.7550 -0.0729
vn 0.9329 -0.3591 0.0272
vn 0.7908 -0.3591 0.4957
vn 0.5013 -0.7550 0.4227
vn 0.6534 -0.7550 0.0556
vn 0.9097 -0.3591 0.2087
vn 0.6789 -0.3591 0.6404
vn 0.4092 -0.7550 0.5124
vn 0.6300 -0.7550 0.1820
vn 0.8515 -0.3591 0.3821
vn 0.5409 -0.3591 0.7606
vn 0.3014 -0.7550 0.5823
vn 0.5824 -0.7550 0.3014
vn 0.7606 -0.3591 0.5409
vn 0.3821 -0.3591 0.8515
vn 0.1820 -0.7550 0.6300
vn 0.5123 -0.7550 0.4093
vn 0.6404 -0.3591 0.6789
vn 0.2087 -0.3591 0.9097
vn 0.0556 -0.7550 0.6534
vn 0.4227 -0.7550 0.5013
vn 0.4957 -0.3591 0.7908
vn 0.0272 -0.3591 0.9329
vn -0.0729 -0.7550 0.6517
vn 0.3168 -0.7550 0.5742
vn 0.3319 -0.3591 0.8723
vn -0.1553 -0.3591 0.9203
vn -0.1987 -0.7550 0.6249
vn 0.1987 -0.7550 0.6249
vn 0.1553 -0.3591 0.9203
vn -0.3319 -0.3591 0.8723
vn -0.3168 -0.7550 0.5742
vn 0.0729 -0.7550 0.6517
vn -0.0272 -0.3591 0.9329
vn -0.4957 -0.3591 0.7908
vn -0.4227 -0.7550 0.5013
vn -0.0556 -0.7550 0.6534
vn -0.2087 -0.3590 0.9097
vn -0.6404 -0.3591 0.6789
vn -0.5124 -0.7550 0.4093
vn -0.2634 -0.6396 0.7221
vn -0.4143 -0.1937 0.8893
vn -0.7914 -0.1937 0.5798
vn -0.6569 -0.6396 0.3992
vn -0.3992 -0.6396 0.6569
vn -0.5798 -0.1937 0.7914
vn -0.8893 -0.1937 0.4143
vn -0.7221 -0.6396 0.2634
vn -0.5197 -0.6396 0.5664
vn -0.7231 -0.1937 0.6631
vn -0.9530 -0.1937 0.2328
vn -0.7597 -0.6396 0.1175
vn -0.6202 -0.6396 0.4541
vn -0.8385 -0.1937 0.5093
vn -0.9802 -0.1936 0.0424
vn -0.7680 -0.6396 -0.0330
vn -0.6969 -0.6396 0.3244
vn -0.9218 -0.1936 0.3359
vn -0.9696 -0.1936 -0.1496
vn -0.7468 -0.6396 -0.1822
vn -0.7468 -0.6396 0.1822
vn -0.9696 -0.1937 0.1496
vn -0.9218 -0.1936 -0.3359
vn -0.6969 -0.6396 -0.3244
vn -0.7680 -0.6396 0.0330
vn -0.9802 -0.1937 -0.0424
vn -0.8385 -0.1937 -0.5093
vn -0.6202 -0.6396 -0.4541
vn -0.7597 -0.6396 -0.1175
vn -0.9530 -0.1936 -0.2328
vn -0.7231 -0.1936 -0.6631
vn -0.5197 -0.6396 -0.5664
vn -0.7221 -0.6396 -0.2634
vn -0.8893 -0.1936 -0.4143
vn -0.5798 -0.1937 -0.7914
vn -0.3992 -0.6396 -0.6569
vn -0.6569 -0.6396 -0.3992
vn -0.7914 -0.1936 -0.5798
vn -0.4143 -0.1936 -0.8893
vn -0.2634 -0.6396 -0.7222
vn -0.5664 -0.6396 -0.5197
vn -0.6631 -0.1936 -0.7231
vn -0.2328 -0.1936 -0.9530
vn -0.1175 -0.6396 -0.7597
vn -0.4541 -0.6396 -0.6202
vn -0.5093 -0.1937 -0.8385
vn -0.0424 -0.1936 -0.9802
vn 0.0330 -0.6396 -0.7680
vn -0.3244 -0.6396 -0.6969
vn -0.3359 -0.1936 -0.9218
vn 0.1496 -0.1937 -0.9696
vn 0.1822 -0.6396 -0.7468
vn -0.1822 -0.6396 -0.7468
vn -0.1496 -0.1936 -0.9696
vn 0.3359 -0.1936 -0.9218
vn 0.3244 -0.6396 -0.6969
vn -0.0330 -0.6396 -0.7680
vn 0.0424 -0.1937 -0.9802
vn 0.5093 -0.1937 -0.8385
vn 0.4541 -0.6396 -0.6202
vn 0.1175 -0.6396 -0.7597
vn 0.2328 -0.1936 -0.9530
vn 0.6631 -0.1937 -0.7231
vn 0.5664 -0.6396 -0.5197
vn 0.2634 -0.6396 -0.7221
vn 0.4143 -0.1936 -0.8893
vn 0.7914 -0.1936 -0.5798
vn 0.6569 -0.6396 -0.3992
vn 0.3992 -0.6396 -0.6569
vn 0.5798 -0.1936 -0.7914
vn 0.8893 -0.1937 -0.4143
vn 0.7221 -0.6396 -0.2634
vn 0.5197 -0.6396 -0.5664
vn 0.7231 -0.1937 -0.6631
vn 0.9530 -0.1936 -0.2328
vn 0.7596 -0.6396 -0.1175
vn 0.6202 -0.6396 -0.4541
vn 0.8385 -0.1936 -0.5093
vn 0.9802 -0.1937 -0.0424
vn 0.7680 -0.6396 0.0330
vn 0.6969 -0.6396 -0.3244
vn 0.9218 -0.1936 -0.3359
vn 0.9696 -0.1936 0.1496
vn 0.7468 -0.6396 0.1822
vn 0.7468 -0.6396 -0.1822
vn 0.9696 -0.1937 -0.1496
vn 0.9218 -0.1937 0.3359
vn 0.6969 -0.6396 0.3244
vn 0.7680 -0.6396 -0.0330
vn 0.9802 -0.1937 0.0424
vn 0.8385 -0.1937 0.5093
vn 0.6202 -0.6396 0.4541
vn 0.7597 -0.6396 0.1175
vn 0.9530 -0.1937 0.2328
vn 0.7231 -0.1937 0.6631
vn 0.5197 -0.6396 0.5664
vn 0.7221 -0.6396 0.2634
vn 0.8893 -0.1937 0.4143
vn 0.5798 -0.1936 0.7914
vn 0.3992 -0.6396 0.6569
vn 0.6569 -0.6396 0.3992
vn 0.7914 -0.1936 0.5798
vn 0.4143 -0.1937 0.8893
vn 0.2634 -0.6396 0.7221
vn 0.5664 -0.6396 0.5197
vn 0.6631 -0.1937 0.7231
vn 0.2328 -0.1937 0.9530
vn 0.1175 -0.6396 0.7596
vn 0.4541 -0.6396 0.6202
vn 0.5093 -0.1936 0.8385
vn 0.0424 -0.1936 0.9802
vn -0.0330 -0.6396 0.7680
vn 0.3244 -0.6396 0.6969
vn 0.3359 -0.1936 0.9218
vn -0.1496 -0.1936 0.9696
vn -0.1822 -0.6396 0.7468
vn 0.1822 -0.6396 0.7468
vn 0.1496 -0.1936 0.9696
vn -0.3359 -0.1936 0.9218
vn -0.3244 -0.6396 0.6969
vn 0.0330 -0.6396 0.7680
vn -0.0424 -0.1936 0.9802
vn -0.5093 -0.1936 0.8385
vn -0.4541 -0.6396 0.6202
vn -0.1175 -0.6396 0.7597
vn -0.2328 -0.1936 0.9530
vn -0.6631 -0.1937 0.7231
vn -0.5664 -0.6396 0.5197
vn 0.2108 -0.9602 0.1831
vn 0.0560 -0.9274 0.3699
vn -0.3737 -0.9274 0.0172
vn -0.2207 -0.9602 -0.1710
vn 0.1710 -0.9602 0.2207
vn -0.0172 -0.9274 0.3738
vn -0.3699 -0.9274 -0.0561
vn -0.1831 -0.9602 -0.2108
vn 0.1247 -0.9602 0.2498
vn -0.0898 -0.9274 0.3632
vn -0.3519 -0.9274 -0.1272
vn -0.1385 -0.9602 -0.2425
vn 0.0735 -0.9602 0.2694
vn -0.1589 -0.9274 0.3387
vn -0.3203 -0.9274 -0.1934
vn -0.0885 -0.9602 -0.2648
vn 0.0196 -0.9602 0.2786
vn -0.2219 -0.9274 0.3012
vn -0.2764 -0.9274 -0.2521
vn -0.0352 -0.9602 -0.2770
vn -0.0351 -0.9602 0.2770
vn -0.2764 -0.9274 0.2521
vn -0.2219 -0.9274 -0.3012
vn 0.0196 -0.9602 -0.2786
vn -0.0885 -0.9602 0.2648
vn -0.3203 -0.9274 0.1934
vn -0.1589 -0.9274 -0.3387
vn 0.0735 -0.9602 -0.2694
vn -0.1385 -0.9602 0.2425
vn -0.3519 -0.9274 0.1272
vn -0.0898 -0.9274 -0.3632
vn 0.1247 -0.9602 -0.2499
vn -0.1831 -0.9602 0.2108
vn -0.3699 -0.9274 0.0561
vn -0.0172 -0.9274 -0.3738
vn 0.1710 -0.9602 -0.2207
vn -0.2207 -0.9602 0.1710
vn -0.3738 -0.9274 -0.0172
vn 0.0561 -0.9274 -0.3699
vn 0.2108 -0.9602 -0.1831
vn -0.2499 -0.9602 0.1247
vn -0.3632 -0.9274 -0.0898
vn 0.1272 -0.9274 -0.3519
vn 0.2425 -0.9602 -0.1385
vn -0.2694 -0.9602 0.0735
vn -0.3387 -0.9274 -0.1589
vn 0.1934 -0.9274 -0.3203
vn 0.2648 -0.9602 -0.0885
vn -0.2786 -0.9602 0.0196
vn -0.3012 -0.9274 -0.2219
vn 0.2522 -0.9274 -0.2764
vn 0.2770 -0.9602 -0.0351
vn -0.2770 -0.9602 -0.0351
vn -0.2521 -0.9274 -0.2764
vn 0.3012 -0.9274 -0.2219
vn 0.2785 -0.9602 0.0196
vn -0.2648 -0.9602 -0.0885
vn -0.1934 -0.9274 -0.3203
vn 0.3387 -0.9274 -0.1589
vn 0.2694 -0.9602 0.0735
vn -0.2425 -0.9602 -0.1385
vn -0.1272 -0.9274 -0.3519
vn 0.3632 -0.9274 -0.0898
vn 0.2499 -0.9602 0.1247
vn -0.2108 -0.9602 -0.1831
vn -0.0561 -0.9274 -0.3699
vn 0.3738 -0.9274 -0.0172
vn 0.2207 -0.9602 0.1710
vn -0.1710 -0.9602 -0.2207
vn 0.0172 -0.9274 -0.3738
vn 0.3699 -0.9274 0.0561
vn 0.1831 -0.9602 0.2108
vn -0.1247 -0.9602 -0.2499
vn 0.0897 -0.9274 -0.3632
vn 0.3519 -0.9274 0.1272
vn 0.1385 -0.9602 0.2425
vn -0.0735 -0.9602 -0.2694
vn 0.1589 -0.9274 -0.3387
vn 0.3203 -0.9274 0.1934
vn 0.0885 -0.9602 0.2648
vn -0.0196 -0.9602 -0.2785
vn 0.2219 -0.9274 -0.3012
vn 0.2764 -0.9274 0.2521
vn 0.0351 -0.9602 0.2770
vn 0.0351 -0.9602 -0.2770
vn 0.2764 -0.9274 -0.2521
vn 0.2219 -0.9274 0.3012
vn -0.0196 -0.9602 0.2785
vn 0.0885 -0.9602 -0.2648
vn 0.3203 -0.9274 -0.1934
vn 0.1589 -0.9274 0.3387
vn -0.0735 -0.9602 0.2694
vn 0.1385 -0.9602 -0.2425
vn 0.3519 -0.9274 -0.1272
vn 0.0898 -0.9274 0.3632
vn -0.1247 -0.9602 0.2499
vn 0.1831 -0.9602 -0.2108
vn 0.3699 -0.9274 -0.0561
vn 0.0172 -0.9274 0.3738
vn -0.1710 -0.9602 0.2207
vn 0.2207 -0.9602 -0.1710
vn 0.3737 -0.9274 0.0172
vn -0.0561 -0.9274 0.3699
vn -0.2108 -0.9602 0.1831
vn 0.2498 -0.9602 -0.1247
vn 0.3632 -0.9274 0.0898
vn -0.1272 -0.9274 0.3519
vn -0.2425 -0.9602 0.1385
vn 0.2694 -0.9602 -0.0735
vn 0.3387 -0.9274 0.1589
vn -0.1934 -0.9274 0.3203
vn -0.2648 -0.9602 0.0885
vn 0.2786 -0.9602 -0.0196
vn 0.3012 -0.9274 0.2219
vn -0.2521 -0.9274 0.2764
vn -0.2770 -0.9602 0.0351
vn 0.2770 -0.9602 0.0351
vn 0.2522 -0.9274 0.2764
vn -0.3012 -0.9274 0.2219
vn -0.2785 -0.9602 -0.0196
vn 0.2648 -0.9602 0.0885
vn 0.1934 -0.9274 0.3203
vn -0.3387 -0.9274 0.1589
vn -0.2694 -0.9602 -0.0736
vn 0.2425 -0.9602 0.1385
vn 0.1271 -0.9274 0.3519
vn -0.3632 -0.9274 0.0898
vn -0.2499 -0.9602 -0.1247
vn -0.6585 0.6652 -0.3519
vn -0.7430 0.6652 -0.0732
vn -0.4736 0.6652 -0.5772
vn -0.2168 0.6652 -0.7145
vn 0.0732 0.6653 -0.7430
vn 0.3519 0.6653 -0.6584
vn 0.5772 0.6652 -0.4737
vn 0.7145 0.6652 -0.2168
vn 0.7430 0.6653 0.0732
vn 0.6584 0.6653 0.3519
vn 0.4737 0.6652 0.5772
vn 0.2168 0.6652 0.7145
vn -0.0732 0.6653 0.7430
vn -0.3519 0.6653 0.6584
vn -0.5771 0.6653 0.4736
vn -0.7145 0.6653 0.2167
vn -0.0836 -0.8512 0.5181
vn -0.3255 -0.5245 0.7867
vn -0.7081 -0.5245 0.4727
vn -0.4918 -0.8512 0.1831
vn -0.1831 -0.8512 0.4918
vn -0.4728 -0.5245 0.7081
vn -0.7867 -0.5245 0.3255
vn -0.5181 -0.8512 0.0836
vn -0.2755 -0.8512 0.4467
vn -0.6018 -0.5245 0.6023
vn -0.8351 -0.5245 0.1658
vn -0.5245 -0.8512 -0.0191
vn -0.3574 -0.8512 0.3843
vn -0.7077 -0.5245 0.4733
vn -0.8514 -0.5245 -0.0003
vn -0.5106 -0.8512 -0.1210
vn -0.4255 -0.8512 0.3072
vn -0.7864 -0.5245 0.3261
vn -0.8350 -0.5245 -0.1664
vn -0.4772 -0.8512 -0.2183
vn -0.4772 -0.8512 0.2183
vn -0.8350 -0.5245 0.1664
vn -0.7864 -0.5245 -0.3261
vn -0.4255 -0.8512 -0.3072
vn -0.5107 -0.8512 0.1210
vn -0.8514 -0.5245 0.0003
vn -0.7077 -0.5245 -0.4733
vn -0.3574 -0.8512 -0.3843
vn -0.5244 -0.8512 0.0190
vn -0.8351 -0.5245 -0.1658
vn -0.6018 -0.5245 -0.6023
vn -0.2755 -0.8512 -0.4467
vn -0.5181 -0.8512 -0.0836
vn -0.7867 -0.5245 -0.3255
vn -0.4727 -0.5245 -0.7081
vn -0.1831 -0.8512 -0.4918
vn -0.4918 -0.8512 -0.1831
vn -0.7081 -0.5245 -0.4727
vn -0.3255 -0.5245 -0.7867
vn -0.0836 -0.8512 -0.5181
vn -0.4467 -0.8512 -0.2755
vn -0.6023 -0.5245 -0.6018
vn -0.1658 -0.5245 -0.8351
vn 0.0191 -0.8512 -0.5245
vn -0.3843 -0.8512 -0.3574
vn -0.4733 -0.5245 -0.7077
vn 0.0003 -0.5245 -0.8514
vn 0.1210 -0.8512 -0.5106
vn -0.3072 -0.8512 -0.4255
vn -0.3261 -0.5245 -0.7865
vn 0.1664 -0.5245 -0.8350
vn 0.2183 -0.8512 -0.4772
vn -0.2183 -0.8512 -0.4772
vn -0.1664 -0.5245 -0.8350
vn 0.3261 -0.5245 -0.7865
vn 0.3072 -0.8512 -0.4255
vn -0.1210 -0.8512 -0.5107
vn -0.0003 -0.5245 -0.8514
vn 0.4733 -0.5245 -0.7077
vn 0.3843 -0.8512 -0.3574
vn -0.0190 -0.8512 -0.5245
vn 0.1658 -0.5245 -0.8351
vn 0.6023 -0.5245 -0.6018
vn 0.4467 -0.8512 -0.2755
vn 0.0836 -0.8512 -0.5181
vn 0.3255 -0.5245 -0.7867
vn 0.7081 -0.5245 -0.4727
vn 0.4918 -0.8512 -0.1831
vn 0.1831 -0.8512 -0.4918
vn 0.4727 -0.5245 -0.7081
vn 0.7867 -0.5245 -0.3255
vn 0.5181 -0.8512 -0.0836
vn 0.2755 -0.8512 -0.4467
vn 0.6018 -0.5245 -0.6023
vn 0.8351 -0.5245 -0.1658
vn 0.5245 -0.8512 0.0191
vn 0.3574 -0.8512 -0.3843
vn 0.7077 -0.5245 -0.4733
vn 0.8514 -0.5245 0.0003
vn 0.5106 -0.8512 0.1210
vn 0.4255 -0.8512 -0.3072
vn 0.7865 -0.5245 -0.3261
vn 0.8350 -0.5245 0.1664
vn 0.4772 -0.8512 0.2183
vn 0.4772 -0.8512 -0.2183
vn 0.8350 -0.5245 -0.1664
vn 0.7865 -0.5245 0.3261
vn 0.4255 -0.8512 0.3072
vn 0.5107 -0.8512 -0.1210
vn 0.8514 -0.5245 -0.0003
vn 0.7077 -0.5245 0.4733
vn 0.3574 -0.8512 0.3843
vn 0.5244 -0.8512 -0.0190
vn 0.8351 -0.5245 0.1658
vn 0.6018 -0.5245 0.6023
vn 0.2755 -0.8512 0.4467
vn 0.5181 -0.8512 0.0836
vn 0.7867 -0.5245 0.3255
vn 0.4727 -0.5245 0.7081
vn 0.1831 -0.8512 0.4918
vn 0.4918 -0.8512 0.1831
vn 0.7081 -0.5245 0.4727
vn 0.3255 -0.5245 0.7867
vn 0.0836 -0.8512 0.5181
vn 0.4467 -0.8512 0.2755
vn 0.6023 -0.5245 0.6018
vn 0.1658 -0.5245 0.8351
vn -0.0190 -0.8512 0.5245
vn 0.3843 -0.8512 0.3574
vn 0.4733 -0.5245 0.7077
vn -0.0003 -0.5245 0.8514
vn -0.1210 -0.8512 0.5107
vn 0.3072 -0.8512 0.4255
vn 0.3261 -0.5245 0.7865
vn -0.1664 -0.5245 0.8350
vn -0.2183 -0.8512 0.4772
vn 0.2183 -0.8512 0.4772
vn 0.1664 -0.5245 0.8350
vn -0.3261 -0.5245 0.7865
vn -0.3072 -0.8512 0.4255
vn 0.1210 -0.8512 0.5107
vn 0.0003 -0.5245 0.8514
vn -0.4733 -0.5245 0.7077
vn -0.3843 -0.8512 0.3574
vn 0.0190 -0.8512 0.5245
vn -0.1658 -0.5245 0.8351
vn -0.6023 -0.5245 0.6018
vn -0.4467 -0.8512 0.2755
vn 0.7139 -0.6857 0.1420
vn 0.7279 -0.6857 0.0000
vn 0.5506 -0.8275 0.1095
vn 0.5614 -0.8275 0.0000
vn 0.6725 -0.6857 0.2786
vn 0.5187 -0.8275 0.2148
vn 0.6052 -0.6857 0.4044
vn 0.4668 -0.8275 0.3119
vn 0.5147 -0.6857 0.5147
vn 0.3970 -0.8275 0.3970
vn 0.4044 -0.6857 0.6052
vn 0.3119 -0.8275 0.4668
vn 0.2785 -0.6857 0.6724
vn 0.2148 -0.8275 0.5187
vn 0.1420 -0.6857 0.7139
vn 0.1095 -0.8275 0.5506
vn 0.0000 -0.6857 0.7279
vn 0.0000 -0.8275 0.5614
vn -0.1420 -0.6857 0.7139
vn -0.1095 -0.8275 0.5506
vn -0.2786 -0.6857 0.6725
vn -0.2148 -0.8275 0.5187
vn -0.4044 -0.6857 0.6052
vn -0.3119 -0.8275 0.4668
vn -0.5147 -0.6857 0.5147
vn -0.3970 -0.8275 0.3970
vn -0.6052 -0.6857 0.4044
vn -0.4668 -0.8275 0.3119
vn -0.6724 -0.6857 0.2785
vn -0.5187 -0.8275 0.2148
vn -0.7139 -0.6857 0.1420
vn -0.5506 -0.8275 0.1095
vn -0.7279 -0.6857 -0.0000
vn -0.5614 -0.8275 -0.0000
vn -0.7139 -0.6857 -0.1420
vn -0.5506 -0.8275 -0.1095
vn -0.6724 -0.6857 -0.2785
vn -0.5187 -0.8275 -0.2148
vn -0.6052 -0.6857 -0.4044
vn -0.4668 -0.8275 -0.3119
vn -0.5146 -0.6858 -0.5146
vn -0.3970 -0.8275 -0.3970
vn -0.4044 -0.6857 -0.6052
vn -0.3119 -0.8275 -0.4668
vn -0.2786 -0.6857 -0.6725
vn -0.2148 -0.8275 -0.5187
vn -0.1420 -0.6857 -0.7139
vn -0.1095 -0.8275 -0.5506
vn 0.0000 -0.6857 -0.7279
vn 0.0000 -0.8275 -0.5614
vn 0.1420 -0.6857 -0.7139
vn 0.1095 -0.8275 -0.5506
vn 0.2786 -0.6857 -0.6725
vn 0.2148 -0.8275 -0.5187
vn 0.4044 -0.6857 -0.6052
vn 0.3119 -0.8275 -0.4668
vn 0.5147 -0.6857 -0.5147
vn 0.3970 -0.8275 -0.3970
vn 0.6052 -0.6857 -0.4044
vn 0.4668 -0.8275 -0.3119
vn 0.6724 -0.6857 -0.2785
vn 0.5187 -0.8275 -0.2148
vn 0.7139 -0.6857 -0.1420
vn 0.5506 -0.8275 -0.1095
vn -0.5261 -0.3213 0.7874
vn -0.5216 -0.3443 0.7806
vn -0.5642 -0.5179 0.6429
vn -0.5205 -0.5179 0.6788
vn -0.6639 -0.3443 0.6639
vn -0.6697 -0.3213 0.6695
vn -0.6657 -0.3369 0.6658
vn -0.6550 -0.3766 0.6550
vn -0.6233 -0.3698 0.6890
vn -0.5542 -0.3698 0.7457
vn -0.5147 -0.3766 0.7702
vn -0.5231 -0.3369 0.7828
vn -0.6788 -0.5179 0.5205
vn -0.6429 -0.5179 0.5642
vn -0.7806 -0.3443 0.5216
vn -0.7874 -0.3213 0.5261
vn -0.7829 -0.3369 0.5231
vn -0.7702 -0.3766 0.5147
vn -0.7457 -0.3698 0.5542
vn -0.6890 -0.3698 0.6233
vn -0.7673 -0.5179 0.3781
vn -0.7407 -0.5179 0.4280
vn -0.8674 -0.3443 0.3593
vn -0.8749 -0.3213 0.3624
vn -0.8699 -0.3369 0.3603
vn -0.8558 -0.3766 0.3545
vn -0.8395 -0.3698 0.3981
vn -0.7974 -0.3698 0.4769
vn -0.8263 -0.5180 0.2211
vn -0.8099 -0.5180 0.2753
vn -0.9208 -0.3443 0.1832
vn -0.9288 -0.3213 0.1847
vn -0.9235 -0.3369 0.1837
vn -0.9086 -0.3766 0.1807
vn -0.9010 -0.3698 0.2266
vn -0.8751 -0.3698 0.3122
vn -0.8536 -0.5180 0.0556
vn -0.8480 -0.5180 0.1120
vn -0.9388 -0.3443 -0.0000
vn -0.9470 -0.3213 -0.0000
vn -0.9415 -0.3369 -0.0000
vn -0.9264 -0.3766 -0.0000
vn -0.9279 -0.3698 0.0465
vn -0.9192 -0.3698 0.1354
vn -0.8480 -0.5180 -0.1120
vn -0.8536 -0.5180 -0.0556
vn -0.9208 -0.3443 -0.1832
vn -0.9288 -0.3213 -0.1847
vn -0.9235 -0.3369 -0.1837
vn -0.9086 -0.3766 -0.1807
vn -0.9192 -0.3698 -0.1354
vn -0.9279 -0.3698 -0.0465
vn -0.8099 -0.5180 -0.2753
vn -0.8263 -0.5180 -0.2211
vn -0.8674 -0.3443 -0.3593
vn -0.8749 -0.3213 -0.3624
vn -0.8699 -0.3369 -0.3603
vn -0.8558 -0.3766 -0.3545
vn -0.8751 -0.3698 -0.3122
vn -0.9010 -0.3698 -0.2266
vn -0.7406 -0.5180 -0.4280
vn -0.7673 -0.5180 -0.3780
vn -0.7806 -0.3443 -0.5216
vn -0.7874 -0.3213 -0.5261
vn -0.7829 -0.3369 -0.5231
vn -0.7702 -0.3766 -0.5147
vn -0.7974 -0.3698 -0.4769
vn -0.8395 -0.3698 -0.3981
vn -0.6429 -0.5180 -0.5642
vn -0.6788 -0.5180 -0.5205
vn -0.6639 -0.3443 -0.6639
vn -0.6696 -0.3213 -0.6696
vn -0.6658 -0.3369 -0.6658
vn -0.6550 -0.3766 -0.6550
vn -0.6890 -0.3698 -0.6233
vn -0.7457 -0.3698 -0.5542
vn -0.5205 -0.5180 -0.6788
vn -0.5642 -0.5180 -0.6429
vn -0.5216 -0.3443 -0.7806
vn -0.5261 -0.3213 -0.7874
vn -0.5231 -0.3369 -0.7829
vn -0.5147 -0.3766 -0.7702
vn -0.5542 -0.3698 -0.7457
vn -0.6233 -0.3698 -0.6890
vn -0.3781 -0.5179 -0.7673
vn -0.4280 -0.5179 -0.7407
vn -0.3593 -0.3443 -0.8674
vn -0.3624 -0.3213 -0.8749
vn -0.3603 -0.3369 -0.8699
vn -0.3545 -0.3766 -0.8558
vn -0.3981 -0.3698 -0.8395
vn -0.4769 -0.3698 -0.7974
vn -0.2211 -0.5180 -0.8263
vn -0.2753 -0.5180 -0.8099
vn -0.1832 -0.3443 -0.9208
vn -0.1847 -0.3214 -0.9288
vn -0.1837 -0.3369 -0.9235
vn -0.1807 -0.3766 -0.9086
vn -0.2266 -0.3698 -0.9010
vn -0.3122 -0.3698 -0.8751
vn -0.0556 -0.5180 -0.8536
vn -0.1120 -0.5180 -0.8481
vn 0.0000 -0.3443 -0.9388
vn -0.0000 -0.3213 -0.9470
vn -0.0000 -0.3369 -0.9415
vn 0.0000 -0.3766 -0.9264
vn -0.0465 -0.3698 -0.9280
vn -0.1354 -0.3698 -0.9192
vn 0.1120 -0.5180 -0.8481
vn 0.0556 -0.5180 -0.8536
vn 0.1832 -0.3443 -0.9208
vn 0.1847 -0.3213 -0.9288
vn 0.1836 -0.3369 -0.9235
vn 0.1807 -0.3766 -0.9086
vn 0.1354 -0.3698 -0.9192
vn 0.0465 -0.3698 -0.9280
vn 0.2753 -0.5180 -0.8099
vn 0.2211 -0.5179 -0.8263
vn 0.3593 -0.3443 -0.8674
vn 0.3623 -0.3213 -0.8749
vn 0.3603 -0.3369 -0.8699
vn 0.3545 -0.3766 -0.8558
vn 0.3122 -0.3698 -0.8751
vn 0.2266 -0.3698 -0.9010
vn 0.4280 -0.5179 -0.7407
vn 0.3781 -0.5180 -0.7673
vn 0.5216 -0.3443 -0.7806
vn 0.5261 -0.3213 -0.7874
vn 0.5231 -0.3369 -0.7829
vn 0.5147 -0.3766 -0.7702
vn 0.4769 -0.3698 -0.7974
vn 0.3981 -0.3698 -0.8395
vn 0.5642 -0.5180 -0.6429
vn 0.5205 -0.5179 -0.6788
vn 0.6639 -0.3443 -0.6639
vn 0.6696 -0.3213 -0.6696
vn 0.6658 -0.3369 -0.6658
vn 0.6550 -0.3766 -0.6550
vn 0.6233 -0.3698 -0.6890
vn 0.5542 -0.3698 -0.7457
vn 0.6788 -0.5180 -0.5205
vn 0.6429 -0.5180 -0.5642
vn 0.7806 -0.3443 -0.5216
vn 0.7874 -0.3213 -0.5261
vn 0.7829 -0.3369 -0.5231
vn 0.7702 -0.3766 -0.5147
vn 0.7457 -0.3698 -0.5542
vn 0.6890 -0.3698 -0.6233
vn 0.7673 -0.5180 -0.3781
vn 0.7407 -0.5180 -0.4280
vn 0.8674 -0.3443 -0.3593
vn 0.8749 -0.3213 -0.3624
vn 0.8699 -0.3369 -0.3603
vn 0.8558 -0.3766 -0.3545
vn 0.8395 -0.3698 -0.3981
vn 0.7974 -0.3698 -0.4769
vn 0.8263 -0.5180 -0.2211
vn 0.8099 -0.5180 -0.2753
vn 0.9208 -0.3443 -0.1832
vn 0.9288 -0.3213 -0.1848
vn 0.9235 -0.3369 -0.1837
vn 0.9086 -0.3766 -0.1807
vn 0.9010 -0.3698 -0.2266
vn 0.8751 -0.3698 -0.3122
vn 0.8536 -0.5180 -0.0556
vn 0.8481 -0.5180 -0.1120
vn 0.9388 -0.3443 0.0000
vn 0.9470 -0.3213 0.0000
vn 0.9415 -0.3369 -0.0000
vn 0.9264 -0.3766 -0.0000
vn 0.9279 -0.3698 -0.0465
vn 0.9192 -0.3698 -0.1354
vn 0.8481 -0.5179 0.1120
vn 0.8536 -0.5179 0.0556
vn 0.9208 -0.3443 0.1832
vn 0.9288 -0.3214 0.1847
vn 0.9235 -0.3369 0.1837
vn 0.9086 -0.3766 0.1807
vn 0.9192 -0.3698 0.1354
vn 0.9280 -0.3698 0.0465
vn 0.8099 -0.5179 0.2753
vn 0.8263 -0.5179 0.2211
vn 0.8674 -0.3443 0.3593
vn 0.8749 -0.3213 0.3623
vn 0.8699 -0.3369 0.3603
vn 0.8558 -0.3766 0.3545
vn 0.8751 -0.3698 0.3122
vn 0.9010 -0.3698 0.2266
vn 0.7406 -0.5180 0.4280
vn 0.7673 -0.5180 0.3781
vn 0.7806 -0.3443 0.5216
vn 0.7873 -0.3213 0.5261
vn 0.7829 -0.3369 0.5231
vn 0.7702 -0.3766 0.5147
vn 0.7974 -0.3698 0.4769
vn 0.8395 -0.3698 0.3981
vn 0.6429 -0.5180 0.5642
vn 0.6788 -0.5179 0.5205
vn 0.6639 -0.3443 0.6639
vn 0.6696 -0.3213 0.6696
vn 0.6658 -0.3369 0.6658
vn 0.6550 -0.3766 0.6550
vn 0.6890 -0.3698 0.6233
vn 0.7457 -0.3698 0.5542
vn 0.5205 -0.5179 0.6788
vn 0.5642 -0.5180 0.6429
vn 0.5216 -0.3443 0.7806
vn 0.5261 -0.3213 0.7873
vn 0.5231 -0.3369 0.7829
vn 0.5147 -0.3766 0.7702
vn 0.5542 -0.3698 0.7457
vn 0.6233 -0.3698 0.6890
vn 0.3781 -0.5180 0.7673
vn 0.4280 -0.5179 0.7407
vn 0.3593 -0.3443 0.8674
vn 0.3623 -0.3213 0.8749
vn 0.3603 -0.3369 0.8699
vn 0.3545 -0.3766 0.8558
vn 0.3981 -0.3698 0.8395
vn 0.4769 -0.3698 0.7974
vn 0.2211 -0.5179 0.8263
vn 0.2753 -0.5179 0.8099
vn 0.1832 -0.3443 0.9208
vn 0.1847 -0.3213 0.9288
vn 0.1837 -0.3369 0.9235
vn 0.1807 -0.3766 0.9086
vn 0.2266 -0.3698 0.9010
vn 0.3122 -0.3698 0.8751
vn 0.0556 -0.5180 0.8536
vn 0.1120 -0.5180 0.8481
vn 0.0000 -0.3443 0.9388
vn -0.0000 -0.3213 0.9470
vn 0.0000 -0.3369 0.9415
vn 0.0000 -0.3766 0.9264
vn 0.0465 -0.3698 0.9279
vn 0.1354 -0.3698 0.9192
vn -0.1120 -0.5180 0.8480
vn -0.0556 -0.5179 0.8536
vn -0.1832 -0.3443 0.9208
vn -0.1847 -0.3213 0.9288
vn -0.1836 -0.3369 0.9235
vn -0.1807 -0.3766 0.9086
vn -0.1354 -0.3698 0.9192
vn -0.0465 -0.3698 0.9279
vn -0.2753 -0.5180 0.8099
vn -0.2211 -0.5180 0.8263
vn -0.3593 -0.3443 0.8674
vn -0.3624 -0.3213 0.8749
vn -0.3603 -0.3369 0.8699
vn -0.3545 -0.3766 0.8558
vn -0.3122 -0.3698 0.8751
vn -0.2266 -0.3698 0.9011
vn -0.4280 -0.5180 0.7406
vn -0.3781 -0.5180 0.7673
vn -0.4769 -0.3698 0.7974
vn -0.3981 -0.3698 0.8395
vn -0.3957 -0.8071 0.4382
vn -0.4084 -0.8163 0.4084
vn -0.3732 -0.8493 0.3732
vn -0.2975 -0.9072 0.2975
vn -0.2536 -0.9335 0.2536
vn -0.2512 -0.9269 0.2788
vn -0.2245 -0.9269 0.3008
vn -0.1992 -0.9335 0.2982
vn -0.2338 -0.9072 0.3499
vn -0.2933 -0.8493 0.4389
vn -0.3209 -0.8163 0.4802
vn -0.3526 -0.8071 0.4736
vn -0.4736 -0.8071 0.3526
vn -0.4802 -0.8163 0.3209
vn -0.4389 -0.8493 0.2932
vn -0.3499 -0.9072 0.2338
vn -0.2982 -0.9335 0.1992
vn -0.3008 -0.9269 0.2244
vn -0.2788 -0.9269 0.2512
vn -0.4382 -0.8071 0.3957
vn -0.5333 -0.8071 0.2534
vn -0.5336 -0.8163 0.2210
vn -0.4877 -0.8493 0.2020
vn -0.3887 -0.9072 0.1610
vn -0.3313 -0.9335 0.1372
vn -0.3388 -0.9269 0.1615
vn -0.3225 -0.9269 0.1920
vn -0.5070 -0.8071 0.3026
vn -0.5725 -0.8071 0.1445
vn -0.5665 -0.8163 0.1127
vn -0.5177 -0.8493 0.1030
vn -0.4127 -0.9072 0.0821
vn -0.3517 -0.9335 0.0700
vn -0.3638 -0.9269 0.0923
vn -0.3537 -0.9269 0.1254
vn -0.5562 -0.8071 0.1979
vn -0.5896 -0.8071 0.0300
vn -0.5776 -0.8163 -0.0000
vn -0.5278 -0.8494 -0.0000
vn -0.4208 -0.9072 0.0000
vn -0.3586 -0.9335 -0.0000
vn -0.3748 -0.9269 0.0195
vn -0.3714 -0.9269 0.0540
vn -0.5842 -0.8071 0.0856
vn -0.5842 -0.8071 -0.0856
vn -0.5665 -0.8163 -0.1127
vn -0.5177 -0.8494 -0.1030
vn -0.4127 -0.9072 -0.0821
vn -0.3517 -0.9335 -0.0700
vn -0.3714 -0.9269 -0.0540
vn -0.3748 -0.9269 -0.0195
vn -0.5896 -0.8071 -0.0300
vn -0.5562 -0.8071 -0.1979
vn -0.5336 -0.8163 -0.2210
vn -0.4877 -0.8494 -0.2020
vn -0.3888 -0.9072 -0.1610
vn -0.3313 -0.9335 -0.1372
vn -0.3537 -0.9269 -0.1254
vn -0.3638 -0.9269 -0.0923
vn -0.5724 -0.8071 -0.1445
vn -0.5069 -0.8071 -0.3026
vn -0.4802 -0.8163 -0.3209
vn -0.4389 -0.8494 -0.2932
vn -0.3499 -0.9072 -0.2338
vn -0.2982 -0.9335 -0.1992
vn -0.3225 -0.9269 -0.1920
vn -0.3388 -0.9269 -0.1615
vn -0.5333 -0.8071 -0.2534
vn -0.4382 -0.8071 -0.3957
vn -0.4084 -0.8163 -0.4084
vn -0.3732 -0.8494 -0.3732
vn -0.2976 -0.9072 -0.2975
vn -0.2536 -0.9335 -0.2536
vn -0.2788 -0.9269 -0.2512
vn -0.3008 -0.9269 -0.2245
vn -0.4736 -0.8071 -0.3526
vn -0.3526 -0.8071 -0.4736
vn -0.3209 -0.8163 -0.4802
vn -0.2933 -0.8494 -0.4389
vn -0.2338 -0.9072 -0.3499
vn -0.1992 -0.9335 -0.2982
vn -0.2244 -0.9269 -0.3008
vn -0.2512 -0.9269 -0.2788
vn -0.3957 -0.8071 -0.4382
vn -0.2534 -0.8071 -0.5333
vn -0.2210 -0.8163 -0.5336
vn -0.2020 -0.8494 -0.4876
vn -0.1610 -0.9072 -0.3887
vn -0.1372 -0.9335 -0.3313
vn -0.1615 -0.9269 -0.3388
vn -0.1920 -0.9269 -0.3225
vn -0.3026 -0.8071 -0.5070
vn -0.1445 -0.8071 -0.5724
vn -0.1127 -0.8163 -0.5665
vn -0.1030 -0.8494 -0.5177
vn -0.0821 -0.9072 -0.4127
vn -0.0700 -0.9335 -0.3517
vn -0.0923 -0.9269 -0.3638
vn -0.1254 -0.9269 -0.3537
vn -0.1979 -0.8071 -0.5562
vn -0.0300 -0.8071 -0.5896
vn 0.0000 -0.8163 -0.5776
vn 0.0000 -0.8493 -0.5278
vn 0.0000 -0.9072 -0.4208
vn 0.0000 -0.9335 -0.3586
vn -0.0195 -0.9269 -0.3748
vn -0.0540 -0.9269 -0.3714
vn -0.0856 -0.8071 -0.5842
vn 0.0856 -0.8071 -0.5842
vn 0.1127 -0.8163 -0.5665
vn 0.1030 -0.8493 -0.5177
vn 0.0821 -0.9072 -0.4127
vn 0.0700 -0.9335 -0.3517
vn 0.0540 -0.9269 -0.3714
vn 0.0195 -0.9269 -0.3748
vn 0.0300 -0.8071 -0.5896
vn 0.1979 -0.8071 -0.5562
vn 0.2210 -0.8163 -0.5336
vn 0.2020 -0.8494 -0.4877
vn 0.1610 -0.9072 -0.3888
vn 0.1372 -0.9335 -0.3313
vn 0.1254 -0.9269 -0.3537
vn 0.0923 -0.9269 -0.3638
vn 0.1445 -0.8071 -0.5724
vn 0.3026 -0.8071 -0.5070
vn 0.3209 -0.8163 -0.4803
vn 0.2932 -0.8493 -0.4389
vn 0.2337 -0.9072 -0.3499
vn 0.1992 -0.9335 -0.2982
vn 0.1920 -0.9269 -0.3225
vn 0.1615 -0.9269 -0.3388
vn 0.2534 -0.8071 -0.5333
vn 0.3957 -0.8071 -0.4382
vn 0.4084 -0.8163 -0.4084
vn 0.3732 -0.8493 -0.3733
vn 0.2976 -0.9072 -0.2975
vn 0.2536 -0.9335 -0.2536
vn 0.2512 -0.9269 -0.2788
vn 0.2245 -0.9269 -0.3008
vn 0.3526 -0.8071 -0.4736
vn 0.4736 -0.8071 -0.3526
vn 0.4802 -0.8163 -0.3209
vn 0.4389 -0.8494 -0.2932
vn 0.3499 -0.9072 -0.2338
vn 0.2982 -0.9335 -0.1992
vn 0.3008 -0.9269 -0.2245
vn 0.2788 -0.9269 -0.2512
vn 0.4382 -0.8071 -0.3957
vn 0.5333 -0.8071 -0.2534
vn 0.5336 -0.8163 -0.2210
vn 0.4876 -0.8494 -0.2020
vn 0.3887 -0.9072 -0.1610
vn 0.3313 -0.9335 -0.1372
vn 0.3388 -0.9269 -0.1615
vn 0.3225 -0.9269 -0.1920
vn 0.5069 -0.8071 -0.3026
vn 0.5725 -0.8071 -0.1445
vn 0.5665 -0.8163 -0.1127
vn 0.5177 -0.8493 -0.1030
vn 0.4127 -0.9072 -0.0821
vn 0.3517 -0.9335 -0.0700
vn 0.3638 -0.9269 -0.0923
vn 0.3537 -0.9269 -0.1254
vn 0.5562 -0.8071 -0.1979
vn 0.5896 -0.8071 -0.0300
vn 0.5776 -0.8163 0.0000
vn 0.5278 -0.8493 -0.0000
vn 0.4208 -0.9072 -0.0000
vn 0.3586 -0.9335 -0.0000
vn 0.3748 -0.9269 -0.0195
vn 0.3714 -0.9269 -0.0540
vn 0.5842 -0.8071 -0.0856
vn 0.5842 -0.8071 0.0856
vn 0.5665 -0.8163 0.1127
vn 0.5177 -0.8493 0.1030
vn 0.4127 -0.9072 0.0821
vn 0.3517 -0.9335 0.0700
vn 0.3714 -0.9269 0.0540
vn 0.3748 -0.9269 0.0195
vn 0.5896 -0.8071 0.0300
vn 0.5563 -0.8071 0.1979
vn 0.5336 -0.8163 0.2210
vn 0.4877 -0.8494 0.2020
vn 0.3887 -0.9072 0.1611
vn 0.3313 -0.9335 0.1372
vn 0.3537 -0.9269 0.1254
vn 0.3638 -0.9269 0.0923
vn 0.5724 -0.8071 0.1445
vn 0.5070 -0.8071 0.3026
vn 0.4803 -0.8163 0.3209
vn 0.4389 -0.8493 0.2932
vn 0.3499 -0.9072 0.2337
vn 0.2982 -0.9335 0.1992
vn 0.3225 -0.9269 0.1920
vn 0.3388 -0.9269 0.1615
vn 0.5333 -0.8071 0.2534
vn 0.4382 -0.8071 0.3957
vn 0.4084 -0.8163 0.4084
vn 0.3732 -0.8493 0.3732
vn 0.2975 -0.9072 0.2975
vn 0.2536 -0.9335 0.2536
vn 0.2788 -0.9269 0.2512
vn 0.3008 -0.9269 0.2244
vn 0.4736 -0.8071 0.3526
vn 0.3526 -0.8071 0.4736
vn 0.3209 -0.8163 0.4802
vn 0.2932 -0.8493 0.4389
vn 0.2338 -0.9072 0.3499
vn 0.1992 -0.9335 0.2982
vn 0.2244 -0.9269 0.3008
vn 0.2512 -0.9269 0.2788
vn 0.3957 -0.8071 0.4382
vn 0.2534 -0.8071 0.5333
vn 0.2210 -0.8163 0.5336
vn 0.2020 -0.8493 0.4877
vn 0.1610 -0.9072 0.3888
vn 0.1372 -0.9335 0.3313
vn 0.1615 -0.9269 0.3388
vn 0.1920 -0.9269 0.3225
vn 0.3026 -0.8071 0.5070
vn 0.1445 -0.8071 0.5725
vn 0.1127 -0.8163 0.5665
vn 0.1030 -0.8493 0.5177
vn 0.0821 -0.9072 0.4127
vn 0.0700 -0.9335 0.3517
vn 0.0923 -0.9269 0.3638
vn 0.1254 -0.9269 0.3537
vn 0.1979 -0.8071 0.5562
vn 0.0300 -0.8071 0.5896
vn 0.0000 -0.8163 0.5776
vn 0.0000 -0.8494 0.5278
vn -0.0000 -0.9072 0.4208
vn 0.0000 -0.9335 0.3586
vn 0.0195 -0.9269 0.3748
vn 0.0540 -0.9269 0.3714
vn 0.0856 -0.8071 0.5842
vn -0.0856 -0.8071 0.5842
vn -0.1127 -0.8163 0.5665
vn -0.1030 -0.8493 0.5177
vn -0.0821 -0.9072 0.4127
vn -0.0700 -0.9335 0.3517
vn -0.0540 -0.9269 0.3714
vn -0.0195 -0.9269 0.3748
vn -0.0300 -0.8071 0.5896
vn -0.1979 -0.8071 0.5562
vn -0.2210 -0.8163 0.5336
vn -0.2020 -0.8493 0.4877
vn -0.1611 -0.9072 0.3887
vn -0.1372 -0.9335 0.3313
vn -0.1254 -0.9269 0.3537
vn -0.0923 -0.9269 0.3637
vn -0.1445 -0.8071 0.5725
vn -0.3026 -0.8071 0.5070
vn -0.1920 -0.9269 0.3225
vn -0.1615 -0.9269 0.3388
vn -0.2534 -0.8071 0.5333
vn -0.5720 -0.5222 0.6325
vn -0.5992 -0.5310 0.5992
vn -0.5815 -0.5691 0.5814
vn -0.5427 -0.6411 0.5427
vn -0.5204 -0.6771 0.5204
vn -0.4994 -0.6673 0.5525
vn -0.4444 -0.6673 0.5976
vn -0.4089 -0.6771 0.6119
vn -0.4264 -0.6411 0.6382
vn -0.4568 -0.5691 0.6837
vn -0.4708 -0.5310 0.7046
vn -0.5088 -0.5222 0.6844
vn -0.6844 -0.5222 0.5088
vn -0.7046 -0.5310 0.4708
vn -0.6837 -0.5691 0.4568
vn -0.6381 -0.6410 0.4264
vn -0.6119 -0.6771 0.4089
vn -0.5976 -0.6673 0.4444
vn -0.5525 -0.6673 0.4994
vn -0.6325 -0.5222 0.5720
vn -0.7705 -0.5222 0.3655
vn -0.7829 -0.5310 0.3243
vn -0.7597 -0.5691 0.3147
vn -0.7091 -0.6411 0.2937
vn -0.6799 -0.6771 0.2816
vn -0.6728 -0.6673 0.3193
vn -0.6393 -0.6673 0.3820
vn -0.7320 -0.5222 0.4376
vn -0.8270 -0.5222 0.2081
vn -0.8311 -0.5310 0.1653
vn -0.8065 -0.5691 0.1605
vn -0.7527 -0.6411 0.1498
vn -0.7218 -0.6771 0.1436
vn -0.7222 -0.6673 0.1819
vn -0.7015 -0.6673 0.2500
vn -0.8033 -0.5222 0.2864
vn -0.8517 -0.5222 0.0428
vn -0.8474 -0.5310 -0.0000
vn -0.8223 -0.5691 -0.0000
vn -0.7675 -0.6411 -0.0000
vn -0.7359 -0.6771 -0.0000
vn -0.7438 -0.6674 0.0375
vn -0.7368 -0.6674 0.1083
vn -0.8437 -0.5222 0.1242
vn -0.8437 -0.5222 -0.1242
vn -0.8311 -0.5310 -0.1653
vn -0.8065 -0.5691 -0.1604
vn -0.7527 -0.6411 -0.1497
vn -0.7218 -0.6771 -0.1436
vn -0.7368 -0.6674 -0.1083
vn -0.7438 -0.6674 -0.0375
vn -0.8517 -0.5222 -0.0428
vn -0.8033 -0.5222 -0.2864
vn -0.7829 -0.5310 -0.3243
vn -0.7597 -0.5691 -0.3147
vn -0.7091 -0.6411 -0.2937
vn -0.6799 -0.6771 -0.2816
vn -0.7015 -0.6674 -0.2500
vn -0.7222 -0.6674 -0.1819
vn -0.8270 -0.5222 -0.2081
vn -0.7320 -0.5222 -0.4376
vn -0.7046 -0.5310 -0.4708
vn -0.6837 -0.5691 -0.4568
vn -0.6382 -0.6411 -0.4264
vn -0.6119 -0.6771 -0.4089
vn -0.6393 -0.6673 -0.3820
vn -0.6728 -0.6674 -0.3193
vn -0.7705 -0.5222 -0.3655
vn -0.6325 -0.5222 -0.5720
vn -0.5992 -0.5310 -0.5992
vn -0.5815 -0.5691 -0.5814
vn -0.5427 -0.6411 -0.5427
vn -0.5204 -0.6771 -0.5204
vn -0.5525 -0.6674 -0.4994
vn -0.5976 -0.6674 -0.4444
vn -0.6844 -0.5222 -0.5088
vn -0.5088 -0.5222 -0.6844
vn -0.4708 -0.5310 -0.7046
vn -0.4568 -0.5691 -0.6837
vn -0.4264 -0.6411 -0.6382
vn -0.4089 -0.6771 -0.6119
vn -0.4444 -0.6673 -0.5976
vn -0.4994 -0.6673 -0.5525
vn -0.5720 -0.5222 -0.6325
vn -0.3655 -0.5222 -0.7705
vn -0.3243 -0.5310 -0.7829
vn -0.3147 -0.5691 -0.7597
vn -0.2937 -0.6410 -0.7091
vn -0.2816 -0.6771 -0.6799
vn -0.3193 -0.6673 -0.6728
vn -0.3820 -0.6673 -0.6393
vn -0.4376 -0.5222 -0.7320
vn -0.2081 -0.5222 -0.8270
vn -0.1653 -0.5310 -0.8311
vn -0.1604 -0.5691 -0.8065
vn -0.1497 -0.6411 -0.7528
vn -0.1436 -0.6771 -0.7218
vn -0.1819 -0.6673 -0.7222
vn -0.2500 -0.6673 -0.7015
vn -0.2864 -0.5222 -0.8033
vn -0.0428 -0.5222 -0.8517
vn 0.0000 -0.5310 -0.8474
vn -0.0000 -0.5691 -0.8223
vn -0.0000 -0.6410 -0.7675
vn 0.0000 -0.6771 -0.7359
vn -0.0375 -0.6673 -0.7438
vn -0.1083 -0.6673 -0.7368
vn -0.1242 -0.5222 -0.8437
vn 0.1242 -0.5222 -0.8437
vn 0.1653 -0.5310 -0.8311
vn 0.1604 -0.5691 -0.8065
vn 0.1497 -0.6411 -0.7527
vn 0.1436 -0.6771 -0.7218
vn 0.1083 -0.6673 -0.7368
vn 0.0375 -0.6673 -0.7438
vn 0.0428 -0.5222 -0.8517
vn 0.2864 -0.5222 -0.8033
vn 0.3243 -0.5310 -0.7829
vn 0.3146 -0.5691 -0.7597
vn 0.2937 -0.6410 -0.7091
vn 0.2816 -0.6771 -0.6799
vn 0.2500 -0.6673 -0.7015
vn 0.1819 -0.6673 -0.7222
vn 0.2081 -0.5222 -0.8270
vn 0.4376 -0.5222 -0.7320
vn 0.4708 -0.5310 -0.7046
vn 0.4568 -0.5691 -0.6837
vn 0.4264 -0.6410 -0.6382
vn 0.4089 -0.6771 -0.6119
vn 0.3820 -0.6673 -0.6393
vn 0.3193 -0.6673 -0.6728
vn 0.3655 -0.5222 -0.7705
vn 0.5720 -0.5222 -0.6325
vn 0.5992 -0.5310 -0.5992
vn 0.5814 -0.5691 -0.5814
vn 0.5427 -0.6410 -0.5427
vn 0.5204 -0.6771 -0.5204
vn 0.4994 -0.6673 -0.5525
vn 0.4444 -0.6673 -0.5976
vn 0.5088 -0.5222 -0.6844
vn 0.6844 -0.5222 -0.5088
vn 0.7046 -0.5310 -0.4708
vn 0.6837 -0.5691 -0.4569
vn 0.6382 -0.6411 -0.4264
vn 0.6119 -0.6771 -0.4089
vn 0.5976 -0.6673 -0.4444
vn 0.5525 -0.6673 -0.4994
vn 0.6325 -0.5222 -0.5720
vn 0.7705 -0.5222 -0.3655
vn 0.7829 -0.5310 -0.3243
vn 0.7597 -0.5691 -0.3147
vn 0.7091 -0.6411 -0.2937
vn 0.6799 -0.6771 -0.2816
vn 0.6728 -0.6673 -0.3193
vn 0.6393 -0.6673 -0.3820
vn 0.7320 -0.5222 -0.4376
vn 0.8270 -0.5222 -0.2081
vn 0.8311 -0.5310 -0.1653
vn 0.8065 -0.5691 -0.1604
vn 0.7527 -0.6411 -0.1498
vn 0.7218 -0.6771 -0.1436
vn 0.7222 -0.6673 -0.1819
vn 0.7015 -0.6673 -0.2500
vn 0.8033 -0.5222 -0.2864
vn 0.8517 -0.5222 -0.0428
vn 0.8474 -0.5310 -0.0000
vn 0.8223 -0.5691 -0.0000
vn 0.7675 -0.6410 -0.0000
vn 0.7359 -0.6771 0.0000
vn 0.7438 -0.6673 -0.0375
vn 0.7368 -0.6673 -0.1083
vn 0.8437 -0.5222 -0.1242
vn 0.8437 -0.5222 0.1242
vn 0.8311 -0.5310 0.1653
vn 0.8065 -0.5691 0.1604
vn 0.7528 -0.6411 0.1497
vn 0.7218 -0.6771 0.1436
vn 0.7368 -0.6673 0.1083
vn 0.7438 -0.6673 0.0375
vn 0.8517 -0.5222 0.0428
vn 0.8033 -0.5222 0.2864
vn 0.7829 -0.5310 0.3243
vn 0.7597 -0.5691 0.3147
vn 0.7091 -0.6410 0.2937
vn 0.6799 -0.6771 0.2816
vn 0.7015 -0.6673 0.2500
vn 0.7222 -0.6673 0.1819
vn 0.8270 -0.5222 0.2081
vn 0.7320 -0.5222 0.4376
vn 0.7046 -0.5310 0.4708
vn 0.6837 -0.5691 0.4568
vn 0.6381 -0.6411 0.4264
vn 0.6119 -0.6771 0.4089
vn 0.6393 -0.6673 0.3820
vn 0.6728 -0.6673 0.3193
vn 0.7705 -0.5222 0.3655
vn 0.6325 -0.5222 0.5720
vn 0.5992 -0.5310 0.5992
vn 0.5814 -0.5691 0.5814
vn 0.5427 -0.6411 0.5427
vn 0.5204 -0.6771 0.5204
vn 0.5525 -0.6674 0.4994
vn 0.5976 -0.6674 0.4444
vn 0.6844 -0.5222 0.5088
vn 0.5088 -0.5222 0.6844
vn 0.4708 -0.5310 0.7046
vn 0.4568 -0.5691 0.6837
vn 0.4264 -0.6411 0.6382
vn 0.4089 -0.6771 0.6119
vn 0.4444 -0.6674 0.5976
vn 0.4994 -0.6673 0.5525
vn 0.5720 -0.5222 0.6325
vn 0.3655 -0.5222 0.7705
vn 0.3243 -0.5310 0.7829
vn 0.3146 -0.5691 0.7597
vn 0.2937 -0.6411 0.7091
vn 0.2816 -0.6771 0.6799
vn 0.3193 -0.6673 0.6728
vn 0.3820 -0.6673 0.6393
vn 0.4376 -0.5222 0.7320
vn 0.2081 -0.5222 0.8270
vn 0.1653 -0.5310 0.8311
vn 0.1605 -0.5691 0.8065
vn 0.1498 -0.6411 0.7527
vn 0.1436 -0.6771 0.7218
vn 0.1819 -0.6673 0.7222
vn 0.2500 -0.6673 0.7016
vn 0.2864 -0.5222 0.8033
vn 0.0428 -0.5222 0.8517
vn 0.0000 -0.5310 0.8474
vn -0.0000 -0.5691 0.8223
vn 0.0000 -0.6411 0.7675
vn 0.0000 -0.6771 0.7359
vn 0.0375 -0.6674 0.7438
vn 0.1083 -0.6674 0.7368
vn 0.1242 -0.5222 0.8437
vn -0.1242 -0.5222 0.8437
vn -0.1653 -0.5310 0.8311
vn -0.1604 -0.5691 0.8065
vn -0.1497 -0.6411 0.7528
vn -0.1436 -0.6771 0.7218
vn -0.1083 -0.6673 0.7368
vn -0.0375 -0.6673 0.7438
vn -0.0428 -0.5222 0.8517
vn -0.2864 -0.5222 0.8033
vn -0.3243 -0.5310 0.7829
vn -0.3147 -0.5691 0.7597
vn -0.2938 -0.6411 0.7091
vn -0.2816 -0.6771 0.6799
vn -0.2500 -0.6673 0.7016
vn -0.1819 -0.6673 0.7222
vn -0.2081 -0.5222 0.8270
vn -0.4376 -0.5222 0.7320
vn -0.3820 -0.6673 0.6393
vn -0.3193 -0.6673 0.6728
vn -0.3655 -0.5222 0.7705
vn -0.6431 -0.4157 0.6432
vn -0.6157 -0.4918 0.6157
vn -0.4838 -0.4918 0.7240
vn -0.5053 -0.4157 0.7562
vn -0.7563 -0.4157 0.5053
vn -0.7240 -0.4918 0.4838
vn -0.8403 -0.4157 0.3481
vn -0.8044 -0.4918 0.3332
vn -0.8920 -0.4157 0.1774
vn -0.8540 -0.4918 0.1698
vn -0.9095 -0.4157 0.0000
vn -0.8707 -0.4918 0.0000
vn -0.8920 -0.4157 -0.1774
vn -0.8540 -0.4918 -0.1699
vn -0.8403 -0.4157 -0.3481
vn -0.8044 -0.4918 -0.3332
vn -0.7562 -0.4157 -0.5053
vn -0.7240 -0.4918 -0.4837
vn -0.6431 -0.4157 -0.6431
vn -0.6157 -0.4918 -0.6157
vn -0.5053 -0.4157 -0.7563
vn -0.4838 -0.4918 -0.7240
vn -0.3480 -0.4157 -0.8403
vn -0.3332 -0.4918 -0.8045
vn -0.1774 -0.4157 -0.8920
vn -0.1698 -0.4918 -0.8540
vn 0.0000 -0.4157 -0.9095
vn -0.0000 -0.4918 -0.8707
vn 0.1775 -0.4157 -0.8920
vn 0.1699 -0.4918 -0.8540
vn 0.3481 -0.4157 -0.8403
vn 0.3332 -0.4918 -0.8044
vn 0.5053 -0.4157 -0.7563
vn 0.4837 -0.4918 -0.7240
vn 0.6431 -0.4157 -0.6431
vn 0.6157 -0.4918 -0.6157
vn 0.7562 -0.4157 -0.5053
vn 0.7240 -0.4918 -0.4838
vn 0.8403 -0.4157 -0.3481
vn 0.8044 -0.4918 -0.3332
vn 0.8920 -0.4157 -0.1775
vn 0.8540 -0.4918 -0.1699
vn 0.9095 -0.4157 0.0000
vn 0.8707 -0.4918 -0.0000
vn 0.8920 -0.4157 0.1774
vn 0.8540 -0.4918 0.1698
vn 0.8403 -0.4157 0.3481
vn 0.8044 -0.4918 0.3332
vn 0.7563 -0.4157 0.5053
vn 0.7240 -0.4918 0.4838
vn 0.6431 -0.4157 0.6431
vn 0.6157 -0.4918 0.6157
vn 0.5053 -0.4157 0.7562
vn 0.4838 -0.4918 0.7240
vn 0.3481 -0.4157 0.8403
vn 0.3332 -0.4918 0.8044
vn 0.1774 -0.4157 0.8920
vn 0.1699 -0.4918 0.8540
vn 0.0000 -0.4157 0.9095
vn 0.0000 -0.4918 0.8707
vn -0.1774 -0.4157 0.8920
vn -0.1699 -0.4918 0.8540
vn -0.3481 -0.4157 0.8403
vn -0.3332 -0.4918 0.8045
vn -0.2086 -0.9555 0.2086
vn -0.1638 -0.9555 0.2452
vn -0.2453 -0.9555 0.1638
vn -0.2725 -0.9555 0.1129
vn -0.2893 -0.9555 0.0575
vn -0.2949 -0.9555 -0.0000
vn -0.2893 -0.9555 -0.0575
vn -0.2725 -0.9555 -0.1129
vn -0.2453 -0.9555 -0.1638
vn -0.2085 -0.9555 -0.2086
vn -0.1639 -0.9555 -0.2452
vn -0.1129 -0.9555 -0.2725
vn -0.0575 -0.9555 -0.2893
vn 0.0000 -0.9555 -0.2949
vn 0.0575 -0.9555 -0.2893
vn 0.1129 -0.9555 -0.2725
vn 0.1639 -0.9555 -0.2452
vn 0.2086 -0.9555 -0.2086
vn 0.2452 -0.9555 -0.1639
vn 0.2725 -0.9555 -0.1128
vn 0.2893 -0.9555 -0.0575
vn 0.2949 -0.9555 -0.0000
vn 0.2893 -0.9555 0.0575
vn 0.2725 -0.9555 0.1129
vn 0.2452 -0.9555 0.1639
vn 0.2086 -0.9555 0.2086
vn 0.1639 -0.9555 0.2452
vn 0.1129 -0.9555 0.2725
vn 0.0575 -0.9555 0.2893
vn 0.0000 -0.9555 0.2949
vn -0.0575 -0.9555 0.2893
vn -0.1129 -0.9555 0.2725
vn -0.4969 -0.7115 0.4969
vn -0.4422 -0.7803 0.4422
vn -0.3475 -0.7803 0.5200
vn -0.3904 -0.7115 0.5843
vn -0.5843 -0.7115 0.3905
vn -0.5200 -0.7803 0.3474
vn -0.6492 -0.7115 0.2689
vn -0.5778 -0.7803 0.2393
vn -0.6892 -0.7115 0.1371
vn -0.6134 -0.7803 0.1220
vn -0.7027 -0.7115 0.0000
vn -0.6254 -0.7803 0.0000
vn -0.6892 -0.7115 -0.1371
vn -0.6134 -0.7803 -0.1220
vn -0.6492 -0.7115 -0.2689
vn -0.5778 -0.7803 -0.2394
vn -0.5843 -0.7115 -0.3904
vn -0.5200 -0.7803 -0.3474
vn -0.4969 -0.7115 -0.4969
vn -0.4422 -0.7803 -0.4422
vn -0.3904 -0.7115 -0.5843
vn -0.3475 -0.7803 -0.5200
vn -0.2689 -0.7115 -0.6492
vn -0.2394 -0.7803 -0.5778
vn -0.1371 -0.7115 -0.6892
vn -0.1220 -0.7803 -0.6134
vn -0.0000 -0.7115 -0.7027
vn -0.0000 -0.7803 -0.6254
vn 0.1371 -0.7115 -0.6892
vn 0.1220 -0.7803 -0.6134
vn 0.2689 -0.7115 -0.6492
vn 0.2393 -0.7803 -0.5778
vn 0.3904 -0.7115 -0.5843
vn 0.3474 -0.7803 -0.5200
vn 0.4969 -0.7115 -0.4969
vn 0.4422 -0.7803 -0.4422
vn 0.5843 -0.7115 -0.3904
vn 0.5200 -0.7803 -0.3475
vn 0.6492 -0.7115 -0.2689
vn 0.5778 -0.7803 -0.2394
vn 0.6892 -0.7115 -0.1371
vn 0.6134 -0.7803 -0.1220
vn 0.7027 -0.7115 -0.0000
vn 0.6254 -0.7803 -0.0000
vn 0.6892 -0.7115 0.1370
vn 0.6134 -0.7803 0.1220
vn 0.6492 -0.7115 0.2689
vn 0.5778 -0.7803 0.2393
vn 0.5843 -0.7115 0.3904
vn 0.5200 -0.7803 0.3474
vn 0.4969 -0.7115 0.4969
vn 0.4422 -0.7803 0.4422
vn 0.3905 -0.7115 0.5843
vn 0.3474 -0.7803 0.5200
vn 0.2689 -0.7115 0.6492
vn 0.2393 -0.7803 0.5778
vn 0.1371 -0.7115 0.6892
vn 0.1220 -0.7803 0.6134
vn 0.0000 -0.7115 0.7027
vn 0.0000 -0.7803 0.6254
vn -0.1371 -0.7115 0.6892
vn -0.1220 -0.7803 0.6134
vn -0.2690 -0.7115 0.6492
vn -0.2393 -0.7803 0.5778
vn -0.1647 -0.9725 0.1647
vn -0.1293 -0.9725 0.1937
vn -0.1937 -0.9725 0.1293
vn -0.2152 -0.9725 0.0890
vn -0.2284 -0.9725 0.0454
vn -0.2329 -0.9725 -0.0000
vn -0.2284 -0.9725 -0.0454
vn -0.2152 -0.9725 -0.0890
vn -0.1936 -0.9725 -0.1294
vn -0.1647 -0.9725 -0.1647
vn -0.1294 -0.9725 -0.1936
vn -0.0891 -0.9725 -0.2151
vn -0.0454 -0.9725 -0.2284
vn -0.0000 -0.9725 -0.2329
vn 0.0454 -0.9725 -0.2284
vn 0.0891 -0.9725 -0.2151
vn 0.1294 -0.9725 -0.1936
vn 0.1647 -0.9725 -0.1647
vn 0.1936 -0.9725 -0.1294
vn 0.2152 -0.9725 -0.0890
vn 0.2284 -0.9725 -0.0454
vn 0.2329 -0.9725 -0.0000
vn 0.2284 -0.9725 0.0454
vn 0.2151 -0.9725 0.0891
vn 0.1936 -0.9725 0.1294
vn 0.1647 -0.9725 0.1647
vn 0.1293 -0.9725 0.1937
vn 0.0892 -0.9725 0.2151
vn 0.0454 -0.9725 0.2284
vn 0.0001 -0.9725 0.2329
vn -0.0454 -0.9725 0.2284
vn -0.0891 -0.9725 0.2151
vn 0.0000 0.0000 -1.0000
vn 0.3827 0.0000 0.9239
vn -0.7138 -0.6858 -0.1420
vn -0.5147 -0.6857 -0.5147
vn 0.2785 -0.6857 -0.6724
vn 0.6724 -0.6858 0.2785
vn 0.2786 -0.6857 0.6725
vn -0.6725 -0.6857 0.2786
vn -0.7138 0.6858 -0.1420
vn -0.7279 0.6857 0.0000
vn -0.0000 0.6857 -0.7279
vn 0.6724 0.6857 -0.2785
vn 0.6724 0.6858 0.2785
vn 0.0000 0.6857 0.7279
# 2188 vertex normals

vt 31.9028 5.1324 0.0000
vt 30.1095 2.7993 0.0000
vt 33.7886 2.7667 0.0000
vt 30.0777 0.0290 0.0000
vt 33.7432 -0.0313 0.0000
vt 33.6866 -1.1385 0.0000
vt 30.0327 -1.0480 0.0000
vt 29.9038 -3.4138 0.0000
vt 33.5250 -3.5376 0.0000
vt 33.3914 -4.6061 0.0000
vt 29.7930 -4.4579 0.0000
vt 29.6515 -5.5440 0.0000
vt 33.2213 -5.7142 0.0000
vt 32.8420 -7.1960 0.0000
vt 29.3323 -6.9760 0.0000
vt 29.0725 -8.5796 0.0000
vt 32.5337 -8.8236 0.0000
vt -21.1745 102.7757 0.0000
vt -24.0995 102.7757 0.0000
vt -24.0995 101.0148 0.0000
vt -21.1745 101.0148 0.0000
vt -24.0995 99.7319 0.0000
vt -21.1745 99.7319 0.0000
vt -24.0995 98.8891 0.0000
vt -21.1745 98.8891 0.0000
vt -42.1411 43.1188 0.0000
vt -42.6847 45.8512 0.0000
vt -49.2811 43.1188 0.0000
vt -45.0826 71.0265 0.0000
vt -35.3460 67.3476 0.0000
vt -34.6797 71.3548 0.0000
vt 21.7437 37.9391 0.0000
vt 27.7023 38.0551 0.0000
vt 25.6451 54.5015 0.0000
vt 20.3629 54.4370 0.0000
vt 22.8714 26.6455 0.0000
vt 29.3779 26.7673 0.0000
vt 23.8425 16.2019 0.0000
vt 30.7925 16.3045 0.0000
vt 24.4520 7.1772 0.0000
vt 31.6757 7.2246 0.0000
vt 24.6182 5.1614 0.0000
vt 26.4661 2.8508 0.0000
vt 26.4446 0.0942 0.0000
vt 26.4096 -0.9681 0.0000
vt 26.3083 -3.3218 0.0000
vt 26.2180 -4.3500 0.0000
vt 26.1016 -5.4209 0.0000
vt 25.8346 -6.8236 0.0000
vt 25.6227 -8.4163 0.0000
vt 22.8512 2.8682 0.0000
vt 22.8392 0.1317 0.0000
vt 22.8132 -0.9161 0.0000
vt 22.7355 -3.2562 0.0000
vt 22.6636 -4.2725 0.0000
vt 22.5696 -5.3330 0.0000
vt 22.3514 -6.7190 0.0000
vt 22.1824 -8.3055 0.0000
vt -27.0298 102.7757 0.0000
vt -27.0298 101.0148 0.0000
vt -27.0298 99.7319 0.0000
vt -27.0298 98.8891 0.0000
vt -44.2324 48.1675 0.0000
vt -37.4954 63.9011 0.0000
vt 15.6692 37.9007 0.0000
vt 14.8324 54.4270 0.0000
vt 16.3619 26.6026 0.0000
vt 16.9731 16.1585 0.0000
vt 17.3280 7.1603 0.0000
vt 17.4438 5.1831 0.0000
vt 19.2581 2.9040 0.0000
vt 19.2598 0.1704 0.0000
vt 19.2379 -0.8748 0.0000
vt 19.1829 -3.2064 0.0000
vt 19.1259 -4.2037 0.0000
vt 19.0549 -5.2487 0.0000
vt 18.8804 -6.6421 0.0000
vt 18.7520 -8.2321 0.0000
vt 15.6870 2.8829 0.0000
vt 15.6997 0.1499 0.0000
vt 15.6803 -0.8908 0.0000
vt 15.6452 -3.2230 0.0000
vt 15.6016 -4.2307 0.0000
vt 15.5518 -5.2813 0.0000
vt 15.4184 -6.6388 0.0000
vt 15.3288 -8.2095 0.0000
vt -29.9559 102.7757 0.0000
vt -29.9559 101.0148 0.0000
vt -29.9559 99.7319 0.0000
vt -29.9559 98.8891 0.0000
vt -46.5488 49.7153 0.0000
vt -40.8002 61.5400 0.0000
vt 9.5250 37.8936 0.0000
vt 9.1323 54.4360 0.0000
vt 9.8500 26.5918 0.0000
vt 10.1326 16.1711 0.0000
vt 10.2933 7.1663 0.0000
vt 10.3498 5.1520 0.0000
vt 12.1351 2.8670 0.0000
vt 12.1504 0.1293 0.0000
vt 12.1376 -0.9131 0.0000
vt 12.1177 -3.2471 0.0000
vt 12.0889 -4.2568 0.0000
vt 12.0567 -5.3079 0.0000
vt 11.9658 -6.6616 0.0000
vt 11.9096 -8.2318 0.0000
vt 8.5949 2.8453 0.0000
vt 8.6108 0.1070 0.0000
vt 8.6041 -0.9370 0.0000
vt 8.5977 -3.2721 0.0000
vt 8.5831 -4.2826 0.0000
vt 8.5678 -5.3342 0.0000
vt 8.5204 -6.6890 0.0000
vt 8.4944 -8.2600 0.0000
vt -32.8835 102.7757 0.0000
vt -32.8835 101.0148 0.0000
vt -32.8835 99.7319 0.0000
vt -32.8835 98.8891 0.0000
vt -49.2811 50.2588 0.0000
vt -44.7573 60.6238 0.0000
vt 3.3999 37.8969 0.0000
vt 3.2642 54.4582 0.0000
vt 3.3427 26.5755 0.0000
vt 3.2907 16.1453 0.0000
vt 3.3187 7.1331 0.0000
vt 3.2950 5.1112 0.0000
vt 5.0603 2.8223 0.0000
vt 5.0766 0.0834 0.0000
vt 5.0753 -0.9618 0.0000
vt 5.0815 -3.2977 0.0000
vt 5.0809 -4.3087 0.0000
vt 5.0824 -5.3607 0.0000
vt 5.0785 -6.7167 0.0000
vt 5.0824 -8.2885 0.0000
vt 1.5265 2.8007 0.0000
vt 1.5426 0.0585 0.0000
vt 1.5465 -0.9872 0.0000
vt 1.5653 -3.3235 0.0000
vt 1.5785 -4.3349 0.0000
vt 1.5968 -5.3872 0.0000
vt 1.6368 -6.7430 0.0000
vt 1.6707 -8.3145 0.0000
vt -35.8148 102.7757 0.0000
vt -35.8148 101.0148 0.0000
vt -35.8148 99.7319 0.0000
vt -35.8148 98.8891 0.0000
vt -52.0135 49.7153 0.0000
vt -48.7637 61.2915 0.0000
vt -2.7317 37.8670 0.0000
vt -2.5051 54.4029 0.0000
vt -3.1542 26.5605 0.0000
vt -3.5199 16.0872 0.0000
vt -3.6930 7.0593 0.0000
vt -3.7698 5.0597 0.0000
vt -2.0123 2.7704 0.0000
vt -1.9958 0.0320 0.0000
vt -1.9865 -1.0137 0.0000
vt -1.9549 -3.3500 0.0000
vt -1.9277 -4.3614 0.0000
vt -1.8923 -5.4138 0.0000
vt -1.8079 -6.7692 0.0000
vt -1.7433 -8.3400 0.0000
vt -5.5601 2.7476 0.0000
vt -5.5435 0.0037 0.0000
vt -5.5285 -1.0413 0.0000
vt -5.4832 -3.3770 0.0000
vt -5.4412 -4.3877 0.0000
vt -5.3880 -5.4404 0.0000
vt -5.2590 -6.7977 0.0000
vt -5.1617 -8.3683 0.0000
vt -38.7493 102.7757 0.0000
vt -38.7493 101.0148 0.0000
vt -38.7493 99.7319 0.0000
vt -38.7493 98.8891 0.0000
vt -54.3298 48.1675 0.0000
vt -52.2086 63.4429 0.0000
vt -8.8618 37.8900 0.0000
vt -8.0190 54.4141 0.0000
vt -9.6422 26.5804 0.0000
vt -10.3306 16.1045 0.0000
vt -10.7661 7.0371 0.0000
vt -10.8829 5.0003 0.0000
vt -9.1212 2.7092 0.0000
vt -9.1065 -0.0280 0.0000
vt -9.0843 -1.0716 0.0000
vt -9.0233 -3.4055 0.0000
vt -8.9661 -4.4129 0.0000
vt -8.8930 -5.4644 0.0000
vt -8.7188 -6.8401 0.0000
vt -8.5856 -8.4203 0.0000
vt -12.7026 2.7018 0.0000
vt -12.6870 -0.0490 0.0000
vt -12.6572 -1.1047 0.0000
vt -12.5785 -3.4506 0.0000
vt -12.5050 -4.4706 0.0000
vt -12.4101 -5.5331 0.0000
vt -12.1886 -6.9173 0.0000
vt -12.0171 -8.5009 0.0000
vt -41.6847 102.7757 0.0000
vt -41.6847 101.0148 0.0000
vt -41.6847 99.7319 0.0000
vt -41.6847 98.8891 0.0000
vt -55.8775 45.8512 0.0000
vt -54.5683 66.7463 0.0000
vt -14.8810 37.9835 0.0000
vt -13.3817 54.4750 0.0000
vt -16.1195 26.6747 0.0000
vt -17.1994 16.1925 0.0000
vt -17.9020 7.1092 0.0000
vt -18.0781 5.0249 0.0000
vt -16.3061 2.6859 0.0000
vt -16.2877 -0.0770 0.0000
vt -16.2501 -1.1470 0.0000
vt -16.1520 -3.5066 0.0000
vt -16.0608 -4.5394 0.0000
vt -15.9433 -5.6134 0.0000
vt -15.6712 -7.0178 0.0000
vt -15.4584 -8.6095 0.0000
vt -19.9365 2.6836 0.0000
vt -19.9136 -0.1061 0.0000
vt -19.8670 -1.1996 0.0000
vt -19.7481 -3.5815 0.0000
vt -19.6373 -4.6324 0.0000
vt -19.4953 -5.7209 0.0000
vt -19.1690 -7.1532 0.0000
vt -18.9106 -8.7553 0.0000
vt -44.6192 102.7757 0.0000
vt -44.6192 101.0148 0.0000
vt -44.6192 99.7319 0.0000
vt -44.6192 98.8891 0.0000
vt -56.4211 43.1188 0.0000
vt -55.4848 70.7009 0.0000
vt -20.7647 38.1950 0.0000
vt -18.5137 54.6227 0.0000
vt -22.5805 26.8971 0.0000
vt -24.1385 16.3952 0.0000
vt -25.1505 7.2446 0.0000
vt -25.3918 5.0591 0.0000
vt -23.5995 2.6606 0.0000
vt -23.5710 -0.1459 0.0000
vt -23.5152 -1.2585 0.0000
vt -23.3703 -3.6589 0.0000
vt -23.2380 -4.7336 0.0000
vt -23.0685 -5.8486 0.0000
vt -22.6862 -7.3236 0.0000
vt -22.3734 -8.9441 0.0000
vt -27.3008 2.6534 0.0000
vt -27.2650 -0.1983 0.0000
vt -27.1989 -1.3521 0.0000
vt -27.0211 -3.7926 0.0000
vt -26.8639 -4.9046 0.0000
vt -26.6627 -6.0538 0.0000
vt -26.2169 -7.6000 0.0000
vt -25.8428 -9.2502 0.0000
vt -47.5514 102.7757 0.0000
vt -47.5514 101.0148 0.0000
vt -47.5514 99.7319 0.0000
vt -47.5514 98.8891 0.0000
vt -55.8776 40.3865 0.0000
vt -54.8179 74.7070 0.0000
vt -26.4602 38.5921 0.0000
vt -23.3584 54.9167 0.0000
vt -29.0144 27.3327 0.0000
vt -31.1630 16.8035 0.0000
vt -32.5517 7.5266 0.0000
vt -32.8646 5.1455 0.0000
vt -31.0449 2.6257 0.0000
vt -31.0016 -0.2713 0.0000
vt -30.9217 -1.4747 0.0000
vt -30.7068 -3.9635 0.0000
vt -30.5198 -5.1228 0.0000
vt -30.2820 -6.3165 0.0000
vt -29.7650 -7.9418 0.0000
vt -29.3247 -9.6207 0.0000
vt -34.8397 2.6187 0.0000
vt -34.7881 -0.3537 0.0000
vt -34.6912 -1.6273 0.0000
vt -34.4305 -4.1838 0.0000
vt -34.2071 -5.4092 0.0000
vt -33.9251 -6.6651 0.0000
vt -33.3268 -8.4049 0.0000
vt -32.8058 -10.1273 0.0000
vt -50.4800 102.7757 0.0000
vt -50.4800 101.0148 0.0000
vt -50.4800 99.7319 0.0000
vt -50.4800 98.8891 0.0000
vt -54.3298 38.0701 0.0000
vt -52.6685 78.1521 0.0000
vt -31.8736 39.2528 0.0000
vt -27.8897 55.4397 0.0000
vt -35.4087 28.1142 0.0000
vt -38.2914 17.5714 0.0000
vt -40.1361 8.0845 0.0000
vt -40.5377 5.3559 0.0000
vt -38.6899 2.6031 0.0000
vt -38.6350 -0.4595 0.0000
vt -38.5146 -1.8228 0.0000
vt -38.1959 -4.4689 0.0000
vt -37.9258 -5.7843 0.0000
vt -37.5891 -7.1254 0.0000
vt -36.8933 -9.0209 0.0000
vt -36.2768 -10.8005 0.0000
vt -42.6118 2.6287 0.0000
vt -42.5542 -0.5617 0.0000
vt -42.4021 -2.0583 0.0000
vt -42.0055 -4.8320 0.0000
vt -41.6738 -6.2711 0.0000
vt -41.2682 -7.7259 0.0000
vt -40.4520 -9.8248 0.0000
vt -39.7215 -11.6761 0.0000
vt -53.3994 102.7757 0.0000
vt -53.3994 101.0148 0.0000
vt -53.3994 99.7319 0.0000
vt -53.3994 98.8891 0.0000
vt -52.0135 36.5224 0.0000
vt -49.3645 80.5124 0.0000
vt -36.8330 40.2379 0.0000
vt -32.1271 56.2804 0.0000
vt -41.7493 29.4671 0.0000
vt -45.5498 18.9338 0.0000
vt -47.8978 9.1146 0.0000
vt -48.4452 5.8496 0.0000
vt -46.6235 2.6845 0.0000
vt -46.5627 -0.6791 0.0000
vt -46.3676 -2.3596 0.0000
vt -45.8576 -5.3058 0.0000
vt -45.4424 -6.9087 0.0000
vt -44.9503 -8.5097 0.0000
vt -43.9859 -10.8558 0.0000
vt -43.1183 -12.7878 0.0000
vt -50.7544 2.8311 0.0000
vt -50.6976 -0.8202 0.0000
vt -50.4336 -2.7756 0.0000
vt -49.7381 -5.9525 0.0000
vt -49.2068 -7.7638 0.0000
vt -48.6149 -9.5391 0.0000
vt -47.4777 -12.1507 0.0000
vt -46.4406 -14.1597 0.0000
vt -56.4211 102.7757 0.0000
vt -56.4211 101.0148 0.0000
vt -56.4211 99.7319 0.0000
vt -56.4211 98.8891 0.0000
vt -49.2811 35.9789 0.0000
vt -45.4088 81.4289 0.0000
vt -41.0416 41.5265 0.0000
vt -36.1729 57.4114 0.0000
vt -47.9353 31.9742 0.0000
vt -52.9904 21.1200 0.0000
vt -55.8275 10.6404 0.0000
vt -56.4211 7.5347 0.0000
vt -55.0642 3.2217 0.0000
vt -55.0140 -1.1186 0.0000
vt -54.6404 -3.4315 0.0000
vt -53.5797 -6.9319 0.0000
vt -52.9294 -8.8781 0.0000
vt -52.2573 -10.8213 0.0000
vt -50.9301 -13.7319 0.0000
vt -49.6217 -15.8463 0.0000
vt 63.0428 4.3732 0.0000
vt 61.0864 1.2597 0.0000
vt 65.4246 0.9801 0.0000
vt 60.8363 -2.1943 0.0000
vt 65.1237 -2.8772 0.0000
vt 64.7012 -4.8852 0.0000
vt 60.5399 -3.9512 0.0000
vt 59.7555 -6.9331 0.0000
vt 63.5471 -8.1146 0.0000
vt 62.8890 -9.8669 0.0000
vt 59.2146 -8.5901 0.0000
vt 58.6183 -10.2310 0.0000
vt 62.2134 -11.6488 0.0000
vt 60.9152 -14.3080 0.0000
vt 57.5056 -12.6328 0.0000
vt 56.4629 -14.5450 0.0000
vt 59.6046 -16.3076 0.0000
vt -9.5210 102.7757 0.0000
vt -12.2081 102.7757 0.0000
vt -12.2081 101.0148 0.0000
vt -9.5210 101.0148 0.0000
vt -12.2081 99.7319 0.0000
vt -9.5210 99.7319 0.0000
vt -12.2081 98.8891 0.0000
vt -9.5210 98.8891 0.0000
vt -46.5488 36.5224 0.0000
vt -41.4038 80.7617 0.0000
vt 44.0083 39.6524 0.0000
vt 48.2622 40.8399 0.0000
vt 43.6156 56.8293 0.0000
vt 39.5393 55.7859 0.0000
vt 48.7699 28.7269 0.0000
vt 55.0373 31.0397 0.0000
vt 52.3798 18.0003 0.0000
vt 59.9327 19.7923 0.0000
vt 54.4008 8.0249 0.0000
vt 62.4409 8.5777 0.0000
vt 54.8736 4.8385 0.0000
vt 56.9403 1.7135 0.0000
vt 56.7227 -1.6057 0.0000
vt 56.5097 -3.1993 0.0000
vt 55.9151 -6.0362 0.0000
vt 55.4919 -7.5422 0.0000
vt 54.9935 -9.0496 0.0000
vt 54.0521 -11.2301 0.0000
vt 53.1756 -13.0826 0.0000
vt 52.9134 2.0250 0.0000
vt 52.7307 -1.1409 0.0000
vt 52.5671 -2.6000 0.0000
vt 52.0974 -5.3159 0.0000
vt 51.7601 -6.6971 0.0000
vt 51.3486 -8.0917 0.0000
vt 50.5522 -10.0781 0.0000
vt 49.8101 -11.8705 0.0000
vt -15.1959 102.7757 0.0000
vt -15.1959 101.0148 0.0000
vt -15.1959 99.7319 0.0000
vt -15.1959 98.8891 0.0000
vt -44.2324 38.0701 0.0000
vt -37.9586 78.6134 0.0000
vt 38.9776 38.8204 0.0000
vt 35.2417 55.0724 0.0000
vt 42.3449 27.6166 0.0000
vt 45.0282 17.0329 0.0000
vt 46.6140 7.5819 0.0000
vt 46.9826 5.0054 0.0000
vt 48.9677 2.2853 0.0000
vt 48.8228 -0.7738 0.0000
vt 48.6925 -2.1259 0.0000
vt 48.3143 -4.7448 0.0000
vt 48.0393 -6.0289 0.0000
vt 47.6978 -7.3329 0.0000
vt 47.0197 -9.1547 0.0000
vt 46.3911 -10.8941 0.0000
vt 45.0909 2.4507 0.0000
vt 44.9784 -0.5038 0.0000
vt 44.8732 -1.7640 0.0000
vt 44.5670 -4.3012 0.0000
vt 44.3398 -5.5058 0.0000
vt 44.0541 -6.7379 0.0000
vt 43.4716 -8.4311 0.0000
vt 42.9397 -10.1276 0.0000
vt -18.2040 102.7757 0.0000
vt -18.2040 101.0148 0.0000
vt -18.2040 99.7319 0.0000
vt -18.2040 98.8891 0.0000
vt -42.6846 40.3865 0.0000
vt -35.5978 75.3102 0.0000
vt 33.4813 38.3186 0.0000
vt 30.6158 54.6820 0.0000
vt 35.8734 27.0469 0.0000
vt 37.8446 16.5402 0.0000
vt 39.0489 7.3391 0.0000
vt 39.3422 5.0863 0.0000
vt 41.2737 2.5983 0.0000
vt 41.1883 -0.2940 0.0000
vt 41.1025 -1.4879 0.0000
vt 40.8544 -3.9639 0.0000
vt 40.6644 -5.1084 0.0000
vt 40.4242 -6.2855 0.0000
vt 39.9211 -7.8774 0.0000
vt 39.4732 -9.5370 0.0000
vt 37.5082 2.6811 0.0000
vt 37.4447 -0.1486 0.0000
vt 37.3747 -1.2886 0.0000
vt 37.1742 -3.7161 0.0000
vt 37.0149 -4.8152 0.0000
vt 36.8126 -5.9507 0.0000
vt 36.3750 -7.4595 0.0000
vt 36.0061 -9.0914 0.0000
vt -5.2325 -9.9305 0.0000
vt -8.0559 -9.9857 0.0000
vt -7.8965 -11.8554 0.0000
vt -5.1133 -11.7981 0.0000
vt -8.5907 -9.9983 0.0000
vt -11.4169 -10.0732 0.0000
vt -11.2095 -11.9442 0.0000
vt -8.4285 -11.8679 0.0000
vt -11.9517 -10.0903 0.0000
vt -14.7824 -10.1928 0.0000
vt -14.5210 -12.0658 0.0000
vt -11.7418 -11.9609 0.0000
vt -15.3175 -10.2162 0.0000
vt -18.1536 -10.3562 0.0000
vt -17.8305 -12.2325 0.0000
vt -15.0539 -12.0888 0.0000
vt -18.6888 -10.3883 0.0000
vt -21.5311 -10.5803 0.0000
vt -21.1363 -12.4616 0.0000
vt -18.3639 -12.2639 0.0000
vt -22.0659 -10.6256 0.0000
vt -24.9117 -10.9021 0.0000
vt -24.4361 -12.7804 0.0000
vt -21.6699 -12.5064 0.0000
vt -25.4459 -10.9628 0.0000
vt -28.2944 -11.3265 0.0000
vt -27.7259 -13.2097 0.0000
vt -24.9697 -12.8404 0.0000
vt -28.8269 -11.4087 0.0000
vt -31.6700 -11.9011 0.0000
vt -30.9952 -13.7874 0.0000
vt -28.2585 -13.2908 0.0000
vt -32.1985 -12.0109 0.0000
vt -35.0232 -12.6655 0.0000
vt -34.2286 -14.5544 0.0000
vt -31.5246 -13.8959 0.0000
vt -35.5447 -12.8094 0.0000
vt -38.3315 -13.6607 0.0000
vt -37.4038 -15.5531 0.0000
vt -34.7516 -14.6967 0.0000
vt -38.8415 -13.8449 0.0000
vt -41.5639 -14.9211 0.0000
vt -40.4922 -16.8215 0.0000
vt -37.9162 -15.7351 0.0000
vt -42.0577 -15.1496 0.0000
vt -44.6901 -16.4584 0.0000
vt -43.4671 -18.3815 0.0000
vt -40.9891 -17.0469 0.0000
vt -45.1676 -16.7271 0.0000
vt -47.7291 -18.2048 0.0000
vt -46.3217 -20.2190 0.0000
vt -43.9490 -18.6445 0.0000
vt 57.7392 -18.5133 0.0000
vt 55.2054 -16.9877 0.0000
vt 53.9777 -18.8525 0.0000
vt 56.3236 -20.4680 0.0000
vt 54.7376 -16.7002 0.0000
vt 52.1319 -15.3357 0.0000
vt 51.0525 -17.1882 0.0000
vt 53.5057 -18.5703 0.0000
vt 51.6440 -15.0941 0.0000
vt 48.9448 -13.9569 0.0000
vt 48.0074 -15.8117 0.0000
vt 50.5616 -16.9492 0.0000
vt 48.4404 -13.7606 0.0000
vt 45.6723 -12.8472 0.0000
vt 44.8669 -14.7088 0.0000
vt 47.5007 -15.6170 0.0000
vt 45.1559 -12.6920 0.0000
vt 42.3451 -11.9786 0.0000
vt 41.6598 -13.8472 0.0000
vt 44.3489 -14.5548 0.0000
vt 41.8209 -11.8587 0.0000
vt 38.9875 -11.3138 0.0000
vt 38.4098 -13.1888 0.0000
vt 41.1346 -13.7282 0.0000
vt 38.4585 -11.2235 0.0000
vt 35.6151 -10.8193 0.0000
vt 35.1336 -12.6981 0.0000
vt 37.8806 -13.0991 0.0000
vt 35.0835 -10.7540 0.0000
vt 32.2376 -10.4729 0.0000
vt 31.8407 -12.3442 0.0000
vt 34.6024 -12.6335 0.0000
vt 31.7046 -10.4246 0.0000
vt 28.8638 -10.2115 0.0000
vt 28.5393 -12.0853 0.0000
vt 31.3089 -12.2964 0.0000
vt 28.3302 -10.1770 0.0000
vt 25.4936 -10.0279 0.0000
vt 25.2333 -11.9021 0.0000
vt 28.0073 -12.0511 0.0000
vt 24.9598 -10.0040 0.0000
vt 22.1280 -9.9035 0.0000
vt 21.9240 -11.7774 0.0000
vt 24.7015 -11.8784 0.0000
vt 21.5941 -9.8877 0.0000
vt 18.7667 -9.8242 0.0000
vt 18.6114 -11.6974 0.0000
vt 21.3925 -11.7618 0.0000
vt 18.2324 -9.8141 0.0000
vt 15.4068 -9.7734 0.0000
vt 15.2985 -11.6515 0.0000
vt 18.0798 -11.6873 0.0000
vt 14.8723 -9.7710 0.0000
vt 12.0449 -9.7806 0.0000
vt 11.9828 -11.6389 0.0000
vt 14.7668 -11.6495 0.0000
vt 11.5108 -9.7823 0.0000
vt 8.6910 -9.8168 0.0000
vt 8.6670 -11.6845 0.0000
vt 11.4516 -11.6407 0.0000
vt 8.1576 -9.8239 0.0000
vt 5.3485 -9.8511 0.0000
vt 5.3568 -11.7200 0.0000
vt 8.1369 -11.6912 0.0000
vt 4.8155 -9.8558 0.0000
vt 2.0073 -9.8760 0.0000
vt 2.0473 -11.7434 0.0000
vt 4.8273 -11.7247 0.0000
vt 1.4736 -9.8790 0.0000
vt -1.3415 -9.8922 0.0000
vt -1.2656 -11.7538 0.0000
vt 1.5170 -11.7467 0.0000
vt -1.8760 -9.8952 0.0000
vt -4.6978 -9.9220 0.0000
vt -4.5816 -11.7898 0.0000
vt -1.7968 -11.7568 0.0000
vt -7.1257 -20.4984 0.0000
vt -7.0074 -22.4614 0.0000
vt -4.6709 -22.4082 0.0000
vt -4.7538 -20.4464 0.0000
vt -10.2280 -20.5896 0.0000
vt -10.0718 -22.5535 0.0000
vt -7.7613 -22.4817 0.0000
vt -7.8761 -20.5185 0.0000
vt -13.2959 -20.7123 0.0000
vt -13.0939 -22.6765 0.0000
vt -10.8169 -22.5808 0.0000
vt -10.9697 -20.6167 0.0000
vt -16.3205 -20.8756 0.0000
vt -16.0624 -22.8385 0.0000
vt -13.8278 -22.7126 0.0000
vt -14.0265 -20.7483 0.0000
vt -19.2934 -21.0917 0.0000
vt -18.9626 -23.0487 0.0000
vt -16.7820 -22.8858 0.0000
vt -17.0371 -20.9227 0.0000
vt -22.2033 -21.3647 0.0000
vt -21.7866 -23.3122 0.0000
vt -19.6661 -23.1092 0.0000
vt -19.9942 -21.1519 0.0000
vt -25.0347 -21.7356 0.0000
vt -24.5169 -23.6644 0.0000
vt -22.4703 -23.3914 0.0000
vt -22.8844 -21.4436 0.0000
vt -27.7778 -22.2212 0.0000
vt -27.1328 -24.1190 0.0000
vt -25.1761 -23.7688 0.0000
vt -25.6918 -21.8397 0.0000
vt -30.4151 -22.8500 0.0000
vt -29.6183 -24.6979 0.0000
vt -27.7645 -24.2531 0.0000
vt -28.4078 -22.3550 0.0000
vt -32.9237 -23.6593 0.0000
vt -31.9495 -25.4315 0.0000
vt -30.2171 -24.8694 0.0000
vt -31.0126 -23.0212 0.0000
vt -35.2703 -24.6936 0.0000
vt -34.0935 -26.3579 0.0000
vt -32.5083 -25.6497 0.0000
vt -33.4816 -23.8772 0.0000
vt -37.4035 -26.0024 0.0000
vt -36.0016 -27.5218 0.0000
vt -34.6017 -26.6338 0.0000
vt -35.7782 -24.9692 0.0000
vt -39.2450 -27.6367 0.0000
vt -37.6098 -28.9580 0.0000
vt -36.4446 -27.8654 0.0000
vt -37.8466 -26.3458 0.0000
vt 47.8449 -26.3652 0.0000
vt 46.4297 -27.8590 0.0000
vt 47.5781 -28.9679 0.0000
vt 49.2237 -27.6761 0.0000
vt 45.7932 -24.9566 0.0000
vt 44.6011 -26.5997 0.0000
vt 45.9843 -27.5073 0.0000
vt 47.4001 -26.0138 0.0000
vt 43.5116 -23.8312 0.0000
vt 42.5211 -25.5866 0.0000
vt 44.0897 -26.3164 0.0000
vt 45.2829 -24.6737 0.0000
vt 41.0569 -22.9413 0.0000
vt 40.2437 -24.7768 0.0000
vt 41.9597 -25.3606 0.0000
vt 42.9517 -23.6055 0.0000
vt 38.4665 -22.2434 0.0000
vt 37.8056 -24.1329 0.0000
vt 39.6429 -24.5977 0.0000
vt 40.4580 -22.7626 0.0000
vt 35.7653 -21.7008 0.0000
vt 35.2332 -23.6248 0.0000
vt 37.1726 -23.9922 0.0000
vt 37.8358 -22.1030 0.0000
vt 32.9708 -21.2837 0.0000
vt 32.5461 -23.2272 0.0000
vt 34.5732 -23.5153 0.0000
vt 35.1079 -21.5916 0.0000
vt 30.0979 -20.9653 0.0000
vt 29.7622 -22.9215 0.0000
vt 31.8634 -23.1432 0.0000
vt 32.2909 -21.1998 0.0000
vt 27.1583 -20.7302 0.0000
vt 26.8970 -22.6922 0.0000
vt 29.0603 -22.8580 0.0000
vt 29.3991 -20.9020 0.0000
vt 24.1628 -20.5596 0.0000
vt 23.9627 -22.5244 0.0000
vt 26.1788 -22.6457 0.0000
vt 26.4434 -20.6839 0.0000
vt 21.1210 -20.4403 0.0000
vt 20.9713 -22.4060 0.0000
vt 23.2310 -22.4912 0.0000
vt 23.4346 -20.5266 0.0000
vt 18.0415 -20.3620 0.0000
vt 17.9335 -22.3278 0.0000
vt 20.2285 -22.3836 0.0000
vt 20.3818 -20.4180 0.0000
vt 14.9324 -20.3168 0.0000
vt 14.8589 -22.2823 0.0000
vt 17.1819 -22.3140 0.0000
vt 17.2936 -20.3482 0.0000
vt 11.8002 -20.3002 0.0000
vt 11.7555 -22.2637 0.0000
vt 14.1004 -22.2756 0.0000
vt 14.1777 -20.3102 0.0000
vt 8.6485 -20.3073 0.0000
vt 8.6303 -22.2661 0.0000
vt 10.9917 -22.2628 0.0000
vt 11.0402 -20.2994 0.0000
vt 5.4833 -20.3263 0.0000
vt 5.4912 -22.2828 0.0000
vt 7.8627 -22.2696 0.0000
vt 7.8847 -20.3107 0.0000
vt 2.3142 -20.3516 0.0000
vt 2.3479 -22.3087 0.0000
vt 4.7217 -22.2886 0.0000
vt 4.7177 -20.3321 0.0000
vt -0.8482 -20.3840 0.0000
vt -0.7890 -22.3442 0.0000
vt 1.5792 -22.3165 0.0000
vt 1.5493 -20.3592 0.0000
vt -3.9968 -20.4317 0.0000
vt -3.9102 -22.3934 0.0000
vt -1.5546 -22.3547 0.0000
vt -1.6102 -20.3944 0.0000
vt -7.5946 -15.2340 0.0000
vt -7.4263 -17.3345 0.0000
vt -4.8268 -17.2806 0.0000
vt -4.9537 -15.1793 0.0000
vt -10.8218 -15.3242 0.0000
vt -10.5989 -17.4255 0.0000
vt -8.0143 -17.3493 0.0000
vt -8.1868 -15.2490 0.0000
vt -14.0351 -15.4469 0.0000
vt -13.7501 -17.5485 0.0000
vt -11.1841 -17.4457 0.0000
vt -11.4112 -15.3445 0.0000
vt -17.2308 -15.6138 0.0000
vt -16.8732 -17.7146 0.0000
vt -14.3314 -17.5758 0.0000
vt -14.6203 -15.4744 0.0000
vt -20.4045 -15.8410 0.0000
vt -19.9603 -17.9391 0.0000
vt -17.4495 -17.7516 0.0000
vt -17.8107 -15.6511 0.0000
vt -23.5536 -16.1466 0.0000
vt -23.0119 -18.2290 0.0000
vt -20.5315 -17.9879 0.0000
vt -20.9789 -15.8901 0.0000
vt -26.6704 -16.5629 0.0000
vt -26.0157 -18.6318 0.0000
vt -23.5763 -18.2963 0.0000
vt -24.1210 -16.2142 0.0000
vt -29.7426 -17.1198 0.0000
vt -28.9574 -19.1648 0.0000
vt -26.5713 -18.7216 0.0000
vt -27.2286 -16.6531 0.0000
vt -32.7552 -17.8559 0.0000
vt -31.8229 -19.8655 0.0000
vt -29.5018 -19.2837 0.0000
vt -30.2891 -17.2391 0.0000
vt -35.6869 -18.8145 0.0000
vt -34.5907 -20.7769 0.0000
vt -32.3525 -20.0212 0.0000
vt -33.2865 -18.0121 0.0000
vt -38.5083 -20.0404 0.0000
vt -37.2292 -21.9463 0.0000
vt -35.1006 -20.9777 0.0000
vt -36.1978 -19.0160 0.0000
vt -41.1823 -21.5743 0.0000
vt -39.6915 -23.4230 0.0000
vt -37.7121 -22.2010 0.0000
vt -38.9916 -20.2960 0.0000
vt -43.6601 -23.4526 0.0000
vt -41.9087 -25.2564 0.0000
vt -40.1373 -23.7396 0.0000
vt -41.6275 -21.8925 0.0000
vt 51.6622 -21.9927 0.0000
vt 50.1631 -23.7995 0.0000
vt 51.9110 -25.3429 0.0000
vt 53.6698 -23.5853 0.0000
vt 49.0459 -20.3561 0.0000
vt 47.7557 -22.2275 0.0000
vt 49.7137 -23.4809 0.0000
vt 51.2140 -21.6722 0.0000
vt 46.2718 -19.0303 0.0000
vt 45.1629 -20.9654 0.0000
vt 47.2721 -21.9678 0.0000
vt 48.5622 -20.0953 0.0000
vt 43.3791 -17.9785 0.0000
vt 42.4332 -19.9681 0.0000
vt 44.6535 -20.7577 0.0000
vt 45.7616 -18.8219 0.0000
vt 40.3983 -17.1598 0.0000
vt 39.5997 -19.1916 0.0000
vt 41.9042 -19.8049 0.0000
vt 42.8488 -17.8149 0.0000
vt 37.3526 -16.5337 0.0000
vt 36.6857 -18.5957 0.0000
vt 39.0560 -19.0656 0.0000
vt 39.8527 -17.0334 0.0000
vt 34.2583 -16.0637 0.0000
vt 33.7079 -18.1454 0.0000
vt 36.1307 -18.5001 0.0000
vt 36.7953 -16.4377 0.0000
vt 31.1262 -15.7169 0.0000
vt 30.6774 -17.8084 0.0000
vt 33.1440 -18.0739 0.0000
vt 33.6917 -15.9919 0.0000
vt 27.9642 -15.4653 0.0000
vt 27.6029 -17.5636 0.0000
vt 30.1063 -17.7562 0.0000
vt 30.5519 -15.6644 0.0000
vt 24.7792 -15.2863 0.0000
vt 24.4935 -17.3884 0.0000
vt 27.0261 -17.5260 0.0000
vt 27.3840 -15.4274 0.0000
vt 21.5759 -15.1636 0.0000
vt 21.3555 -17.2676 0.0000
vt 23.9123 -17.3622 0.0000
vt 24.1942 -15.2599 0.0000
vt 18.3581 -15.0837 0.0000
vt 18.1946 -17.1889 0.0000
vt 20.7706 -17.2501 0.0000
vt 20.9871 -15.1459 0.0000
vt 15.1270 -15.0385 0.0000
vt 15.0174 -17.1428 0.0000
vt 17.6072 -17.1781 0.0000
vt 17.7665 -15.0727 0.0000
vt 11.8893 -15.0204 0.0000
vt 11.8283 -17.1285 0.0000
vt 14.4277 -17.1381 0.0000
vt 14.5331 -15.0337 0.0000
vt 8.6453 -15.0583 0.0000
vt 8.6226 -17.1509 0.0000
vt 11.2365 -17.1295 0.0000
vt 11.2930 -15.0214 0.0000
vt 5.3924 -15.0906 0.0000
vt 5.4017 -17.1789 0.0000
vt 8.0290 -17.1576 0.0000
vt 8.0470 -15.0648 0.0000
vt 2.1373 -15.1138 0.0000
vt 2.1782 -17.2034 0.0000
vt 4.8072 -17.1840 0.0000
vt 4.7932 -15.0957 0.0000
vt -1.1151 -15.1260 0.0000
vt -1.0353 -17.2244 0.0000
vt 1.5846 -17.2074 0.0000
vt 1.5391 -15.1178 0.0000
vt -4.3589 -15.1689 0.0000
vt -4.2365 -17.2703 0.0000
vt -1.6275 -17.2300 0.0000
vt -1.7118 -15.1317 0.0000
vt -7.8461 -12.4429 0.0000
vt -7.6596 -14.6528 0.0000
vt -4.9628 -14.5970 0.0000
vt -5.0999 -12.3862 0.0000
vt -11.1440 -12.5319 0.0000
vt -10.9013 -14.7431 0.0000
vt -8.2105 -14.6664 0.0000
vt -8.4002 -12.4566 0.0000
vt -14.4385 -12.6540 0.0000
vt -14.1306 -14.8659 0.0000
vt -11.4509 -14.7614 0.0000
vt -11.6967 -12.5504 0.0000
vt -17.7282 -12.8211 0.0000
vt -17.3449 -15.0331 0.0000
vt -14.6787 -14.8909 0.0000
vt -14.9894 -12.6792 0.0000
vt -21.0112 -13.0509 0.0000
vt -20.5405 -15.2612 0.0000
vt -17.8910 -15.0673 0.0000
vt -18.2770 -12.8556 0.0000
vt -24.2852 -13.3681 0.0000
vt -23.7146 -15.5698 0.0000
vt -21.0843 -15.3078 0.0000
vt -21.5574 -13.0977 0.0000
vt -27.5453 -13.7969 0.0000
vt -26.8601 -15.9899 0.0000
vt -24.2553 -15.6337 0.0000
vt -24.8278 -13.4323 0.0000
vt -30.7806 -14.3733 0.0000
vt -29.9653 -16.5524 0.0000
vt -27.3963 -16.0756 0.0000
vt -28.0830 -13.8831 0.0000
vt -33.9760 -15.1380 0.0000
vt -33.0152 -17.2966 0.0000
vt -30.4947 -16.6665 0.0000
vt -31.3111 -14.4879 0.0000
vt -37.1091 -16.1337 0.0000
vt -35.9882 -18.2662 0.0000
vt -33.5345 -17.4464 0.0000
vt -34.4959 -15.2884 0.0000
vt -40.1516 -17.3997 0.0000
vt -38.8554 -19.5053 0.0000
vt -36.4931 -18.4589 0.0000
vt -37.6141 -16.3273 0.0000
vt -43.0765 -18.9613 0.0000
vt -41.5810 -21.0527 0.0000
vt -39.3404 -19.7473 0.0000
vt -40.6361 -17.6432 0.0000
vt -45.8688 -20.8172 0.0000
vt -44.1203 -22.9411 0.0000
vt -42.0399 -21.3487 0.0000
vt -43.5339 -19.2598 0.0000
vt 53.5846 -19.4177 0.0000
vt 52.0802 -21.4571 0.0000
vt 54.1350 -23.0829 0.0000
vt 55.8930 -21.0152 0.0000
vt 50.7090 -17.7540 0.0000
vt 49.4012 -19.8167 0.0000
vt 51.6187 -21.1609 0.0000
vt 53.1249 -19.1187 0.0000
vt 47.7094 -16.3824 0.0000
vt 46.5753 -18.4812 0.0000
vt 48.9170 -19.5692 0.0000
vt 50.2255 -17.5051 0.0000
vt 44.6109 -15.2852 0.0000
vt 43.6364 -17.4191 0.0000
vt 46.0718 -18.2808 0.0000
vt 47.2060 -16.1813 0.0000
vt 41.4422 -14.4285 0.0000
vt 40.6137 -16.5916 0.0000
vt 43.1182 -17.2610 0.0000
vt 44.0923 -15.1266 0.0000
vt 38.2267 -13.7739 0.0000
vt 37.5303 -15.9589 0.0000
vt 40.0851 -16.4695 0.0000
vt 40.9126 -14.3061 0.0000
vt 34.9813 -13.2856 0.0000
vt 34.4023 -15.4846 0.0000
vt 36.9945 -15.8667 0.0000
vt 37.6895 -13.6813 0.0000
vt 31.7156 -12.9313 0.0000
vt 31.2405 -15.1356 0.0000
vt 33.8615 -15.4163 0.0000
vt 34.4388 -13.2170 0.0000
vt 28.4376 -12.6734 0.0000
vt 28.0527 -14.8829 0.0000
vt 30.6961 -15.0863 0.0000
vt 31.1691 -12.8817 0.0000
vt 25.1521 -12.4906 0.0000
vt 24.8454 -14.7033 0.0000
vt 27.5059 -14.8474 0.0000
vt 27.8883 -12.6377 0.0000
vt 21.8608 -12.3661 0.0000
vt 21.6227 -14.5803 0.0000
vt 24.2968 -14.6786 0.0000
vt 24.6008 -12.4658 0.0000
vt 18.5642 -12.2860 0.0000
vt 18.3880 -14.5003 0.0000
vt 21.0728 -14.5639 0.0000
vt 21.3080 -12.3496 0.0000
vt 15.2656 -12.2408 0.0000
vt 15.1413 -14.4555 0.0000
vt 17.8367 -14.4904 0.0000
vt 18.0097 -12.2761 0.0000
vt 11.9638 -12.2248 0.0000
vt 11.8899 -14.4370 0.0000
vt 14.5897 -14.4506 0.0000
vt 14.7107 -12.2359 0.0000
vt 8.6603 -12.2711 0.0000
vt 8.6340 -14.4779 0.0000
vt 11.3377 -14.4400 0.0000
vt 11.4081 -12.2277 0.0000
vt 5.3602 -12.3066 0.0000
vt 5.3705 -14.5114 0.0000
vt 8.0810 -14.4850 0.0000
vt 8.1037 -12.2782 0.0000
vt 2.0604 -12.3298 0.0000
vt 2.1062 -14.5345 0.0000
vt 4.8180 -14.5161 0.0000
vt 4.8038 -12.3113 0.0000
vt -1.2416 -12.3395 0.0000
vt -1.1563 -14.5455 0.0000
vt 1.5538 -14.5372 0.0000
vt 1.5043 -12.3325 0.0000
vt -4.5449 -12.3771 0.0000
vt -4.4113 -14.5880 0.0000
vt -1.7082 -14.5501 0.0000
vt -1.7971 -12.3442 0.0000
vt -6.9128 -23.0284 0.0000
vt -6.6289 -25.9831 0.0000
vt -4.7262 -25.9391 0.0000
vt -4.7711 -22.9798 0.0000
vt -9.9696 -23.1202 0.0000
vt -9.6492 -26.0733 0.0000
vt -7.7732 -26.0143 0.0000
vt -7.8512 -23.0543 0.0000
vt -12.9823 -23.2424 0.0000
vt -12.6164 -26.1929 0.0000
vt -10.7749 -26.1148 0.0000
vt -10.8941 -23.1547 0.0000
vt -15.9395 -23.4033 0.0000
vt -15.5176 -26.3495 0.0000
vt -13.7188 -26.2475 0.0000
vt -13.8895 -23.2879 0.0000
vt -18.8264 -23.6118 0.0000
vt -18.3404 -26.5513 0.0000
vt -16.5918 -26.4201 0.0000
vt -16.8255 -23.4624 0.0000
vt -21.6315 -23.8720 0.0000
vt -21.0507 -26.7966 0.0000
vt -19.3768 -26.6388 0.0000
vt -19.6834 -23.6852 0.0000
vt -24.3370 -24.2184 0.0000
vt -23.6197 -27.1165 0.0000
vt -22.0369 -26.9076 0.0000
vt -22.4542 -23.9671 0.0000
vt -26.9237 -24.6641 0.0000
vt -26.0392 -27.5204 0.0000
vt -24.5500 -27.2589 0.0000
vt -25.1217 -24.3412 0.0000
vt -29.3724 -25.2293 0.0000
vt -28.2806 -28.0172 0.0000
vt -26.9064 -27.6967 0.0000
vt -27.6621 -24.8182 0.0000
vt -31.6586 -25.9414 0.0000
vt -30.3086 -28.6180 0.0000
vt -29.0714 -28.2313 0.0000
vt -30.0565 -25.4203 0.0000
vt -33.7492 -26.8352 0.0000
vt -32.0871 -29.3352 0.0000
vt -31.0096 -28.8746 0.0000
vt -32.2788 -26.1765 0.0000
vt -35.5974 -27.9520 0.0000
vt -33.5804 -30.1853 0.0000
vt -32.6846 -29.6398 0.0000
vt -34.2943 -27.1235 0.0000
vt -37.1416 -29.3267 0.0000
vt -34.7458 -31.2043 0.0000
vt -34.0595 -30.5490 0.0000
vt -36.0522 -28.3062 0.0000
vt 46.0310 -28.2920 0.0000
vt 44.0123 -30.5093 0.0000
vt 44.6882 -31.1742 0.0000
vt 47.1048 -29.3278 0.0000
vt 44.2788 -27.0826 0.0000
vt 42.6554 -29.5813 0.0000
vt 43.5398 -30.1391 0.0000
vt 45.5663 -27.9294 0.0000
vt 42.2687 -26.1037 0.0000
vt 41.0006 -28.7944 0.0000
vt 42.0652 -29.2688 0.0000
vt 43.7238 -26.7824 0.0000
vt 40.0518 -25.3170 0.0000
vt 39.0850 -28.1285 0.0000
vt 40.3079 -28.5293 0.0000
vt 41.6389 -25.8582 0.0000
vt 37.6648 -24.6881 0.0000
vt 36.9437 -27.5718 0.0000
vt 38.3031 -27.9059 0.0000
vt 39.3600 -25.1178 0.0000
vt 35.1348 -24.1891 0.0000
vt 34.6098 -27.1141 0.0000
vt 36.0853 -27.3878 0.0000
vt 36.9209 -24.5278 0.0000
vt 32.4830 -23.7964 0.0000
vt 32.1160 -26.7438 0.0000
vt 33.6872 -26.9645 0.0000
vt 34.3475 -24.0616 0.0000
vt 29.7281 -23.4931 0.0000
vt 29.4888 -26.4527 0.0000
vt 31.1401 -26.6249 0.0000
vt 31.6590 -23.6969 0.0000
vt 26.8866 -23.2646 0.0000
vt 26.7487 -26.2293 0.0000
vt 28.4681 -26.3607 0.0000
vt 28.8730 -23.4169 0.0000
vt 23.9717 -23.0967 0.0000
vt 23.9146 -26.0627 0.0000
vt 25.6903 -26.1600 0.0000
vt 26.0055 -23.2080 0.0000
vt 20.9961 -22.9778 0.0000
vt 21.0038 -25.9434 0.0000
vt 22.8253 -26.0124 0.0000
vt 23.0690 -23.0559 0.0000
vt 17.9713 -22.8989 0.0000
vt 18.0308 -25.8632 0.0000
vt 19.8894 -25.9087 0.0000
vt 20.0759 -22.9500 0.0000
vt 14.9073 -22.8526 0.0000
vt 15.0085 -25.8153 0.0000
vt 16.8964 -25.8415 0.0000
vt 17.0370 -22.8817 0.0000
vt 11.8125 -22.8333 0.0000
vt 11.9473 -25.7937 0.0000
vt 13.8581 -25.8042 0.0000
vt 13.9618 -22.8442 0.0000
vt 8.6945 -22.8348 0.0000
vt 8.8569 -25.7927 0.0000
vt 10.7848 -25.7911 0.0000
vt 10.8586 -22.8317 0.0000
vt 5.5617 -22.8504 0.0000
vt 5.7478 -25.8064 0.0000
vt 7.6861 -25.7963 0.0000
vt 7.7349 -22.8383 0.0000
vt 2.4243 -22.8758 0.0000
vt 2.6322 -25.8312 0.0000
vt 4.5731 -25.8146 0.0000
vt 4.5996 -22.8574 0.0000
vt -0.7068 -22.9113 0.0000
vt -0.4771 -25.8669 0.0000
vt 1.4583 -25.8434 0.0000
vt 1.4634 -22.8859 0.0000
vt -3.8221 -22.9606 0.0000
vt -3.5678 -25.9160 0.0000
vt -1.6453 -25.8837 0.0000
vt -1.6633 -22.9252 0.0000
vt -24.0995 98.3693 0.0000
vt -21.1745 98.3693 0.0000
vt -27.0298 98.3693 0.0000
vt -29.9559 98.3693 0.0000
vt -32.8835 98.3693 0.0000
vt -35.8148 98.3693 0.0000
vt -38.7493 98.3693 0.0000
vt -41.6847 98.3693 0.0000
vt -44.6192 98.3693 0.0000
vt -47.5514 98.3693 0.0000
vt -50.4800 98.3693 0.0000
vt -53.3994 98.3693 0.0000
vt -56.4211 98.3693 0.0000
vt -12.2081 98.3693 0.0000
vt -9.5210 98.3693 0.0000
vt -15.1959 98.3693 0.0000
vt -18.2040 98.3693 0.0000
vt -34.4691 67.0166 0.0000
vt -33.7434 71.3862 0.0000
vt -36.8126 63.2601 0.0000
vt -40.4147 60.6863 0.0000
vt -44.7279 59.6872 0.0000
vt -49.0953 60.4146 0.0000
vt -52.8504 62.7609 0.0000
vt -55.4215 66.3607 0.0000
vt -56.4211 70.6698 0.0000
vt -55.6945 75.0383 0.0000
vt -53.3513 78.7939 0.0000
vt -49.7498 81.3667 0.0000
vt -45.4379 82.3652 0.0000
vt -41.0724 81.6375 0.0000
vt -37.3176 79.2959 0.0000
vt -34.7443 75.6961 0.0000
vt -7.3532 -17.9175 0.0000
vt -7.2072 -19.9169 0.0000
vt -4.7227 -19.8625 0.0000
vt -4.8325 -17.8653 0.0000
vt -10.5127 -18.0083 0.0000
vt -10.3205 -20.0082 0.0000
vt -7.8570 -19.9336 0.0000
vt -8.0066 -17.9344 0.0000
vt -13.6485 -18.1311 0.0000
vt -13.4015 -20.1312 0.0000
vt -10.9649 -20.0311 0.0000
vt -11.1606 -18.0313 0.0000
vt -16.7537 -18.2965 0.0000
vt -16.4418 -20.2953 0.0000
vt -14.0390 -20.1619 0.0000
vt -14.2894 -18.1620 0.0000
vt -19.8202 -18.5195 0.0000
vt -19.4343 -20.5133 0.0000
vt -17.0711 -20.3363 0.0000
vt -17.3862 -18.3377 0.0000
vt -22.8464 -18.8065 0.0000
vt -22.3669 -20.7895 0.0000
vt -20.0531 -20.5665 0.0000
vt -20.4420 -18.5729 0.0000
vt -25.8203 -19.2032 0.0000
vt -25.2260 -21.1664 0.0000
vt -22.9737 -20.8606 0.0000
vt -23.4558 -18.8779 0.0000
vt -28.7279 -19.7283 0.0000
vt -28.0035 -21.6613 0.0000
vt -25.8188 -21.2618 0.0000
vt -26.4154 -19.2989 0.0000
vt -31.5542 -20.4171 0.0000
vt -30.6809 -22.3044 0.0000
vt -28.5786 -21.7860 0.0000
vt -29.3050 -19.8533 0.0000
vt -34.2779 -21.3117 0.0000
vt -33.2357 -23.1346 0.0000
vt -31.2344 -22.4665 0.0000
vt -32.1093 -20.5795 0.0000
vt -36.8671 -22.4594 0.0000
vt -35.6347 -24.1980 0.0000
vt -33.7618 -23.3433 0.0000
vt -34.8051 -21.5208 0.0000
vt -39.2741 -23.9099 0.0000
vt -37.8259 -25.5451 0.0000
vt -36.1241 -24.4636 0.0000
vt -37.3573 -22.7255 0.0000
vt -41.4275 -25.7141 0.0000
vt -39.7292 -27.2292 0.0000
vt -38.2649 -25.8784 0.0000
vt -39.7132 -24.2437 0.0000
vt 49.7317 -24.2981 0.0000
vt 48.2736 -25.9006 0.0000
vt 49.7175 -27.2724 0.0000
vt 51.4234 -25.7942 0.0000
vt 47.3935 -22.7455 0.0000
vt 46.1486 -24.4568 0.0000
vt 47.8310 -25.5634 0.0000
vt 49.2896 -23.9602 0.0000
vt 44.8591 -21.5022 0.0000
vt 43.8028 -23.3035 0.0000
vt 45.6575 -24.1853 0.0000
vt 46.9021 -22.4735 0.0000
vt 42.1803 -20.5210 0.0000
vt 41.2920 -22.3923 0.0000
vt 43.2761 -23.0877 0.0000
vt 44.3315 -21.2861 0.0000
vt 39.3922 -19.7571 0.0000
vt 38.6527 -21.6792 0.0000
vt 40.7383 -22.2229 0.0000
vt 41.6253 -20.3514 0.0000
vt 36.5185 -19.1701 0.0000
vt 35.9091 -21.1267 0.0000
vt 38.0777 -21.5479 0.0000
vt 38.8155 -19.6254 0.0000
vt 33.5758 -18.7255 0.0000
vt 33.0785 -20.7036 0.0000
vt 35.3168 -21.0261 0.0000
vt 35.9241 -19.0692 0.0000
vt 30.5760 -18.3918 0.0000
vt 30.1751 -20.3818 0.0000
vt 32.4720 -20.6274 0.0000
vt 32.9669 -18.6490 0.0000
vt 27.5280 -18.1483 0.0000
vt 27.2096 -20.1454 0.0000
vt 29.5565 -20.3253 0.0000
vt 29.9548 -18.3351 0.0000
vt 24.4412 -17.9738 0.0000
vt 24.1923 -19.9744 0.0000
vt 26.5810 -20.1045 0.0000
vt 26.8966 -18.1072 0.0000
vt 21.3224 -17.8531 0.0000
vt 21.1322 -19.8552 0.0000
vt 23.5556 -19.9456 0.0000
vt 23.8014 -17.9449 0.0000
vt 18.1781 -17.7744 0.0000
vt 18.0375 -19.7772 0.0000
vt 20.4888 -19.8359 0.0000
vt 20.6758 -17.8337 0.0000
vt 15.0150 -17.7283 0.0000
vt 14.9157 -19.7325 0.0000
vt 17.3889 -19.7654 0.0000
vt 17.5261 -17.7626 0.0000
vt 11.8384 -17.7134 0.0000
vt 11.7729 -19.7164 0.0000
vt 14.2632 -19.7269 0.0000
vt 14.3590 -17.7227 0.0000
vt 8.6444 -17.7340 0.0000
vt 8.6121 -19.7248 0.0000
vt 11.1172 -19.7165 0.0000
vt 11.1791 -17.7134 0.0000
vt 5.4342 -17.7593 0.0000
vt 5.4380 -19.7461 0.0000
vt 7.9533 -19.7297 0.0000
vt 7.9819 -17.7388 0.0000
vt 2.2203 -17.7836 0.0000
vt 2.2597 -19.7719 0.0000
vt 4.7773 -19.7515 0.0000
vt 4.7698 -17.7647 0.0000
vt -0.9841 -17.8062 0.0000
vt -0.9116 -19.8036 0.0000
vt 1.5997 -19.7778 0.0000
vt 1.5566 -17.7895 0.0000
vt -4.1750 -17.8529 0.0000
vt -4.0688 -19.8502 0.0000
vt -1.5689 -19.8110 0.0000
vt -1.6451 -17.8137 0.0000
vt 29.5025 -6.2695 0.0000
vt 33.0457 -6.4603 0.0000
vt 28.8665 -9.2470 0.0000
vt 32.2909 -9.4983 0.0000
vt 25.9773 -6.1316 0.0000
vt 25.4496 -9.0753 0.0000
vt 22.4682 -6.0350 0.0000
vt 22.0409 -8.9596 0.0000
vt 18.9740 -5.9506 0.0000
vt 18.6393 -8.8851 0.0000
vt 15.4902 -5.9700 0.0000
vt 15.2423 -8.8444 0.0000
vt 12.0149 -5.9950 0.0000
vt 11.8492 -8.8708 0.0000
vt 8.5462 -6.0217 0.0000
vt 8.4619 -8.9001 0.0000
vt 5.0807 -6.0487 0.0000
vt 5.0795 -8.9299 0.0000
vt 1.6153 -6.0753 0.0000
vt 1.6980 -8.9555 0.0000
vt -1.8533 -6.1019 0.0000
vt -1.6867 -8.9797 0.0000
vt -5.3283 -6.1294 0.0000
vt -5.0770 -9.0055 0.0000
vt -8.8122 -6.1605 0.0000
vt -8.4723 -9.0662 0.0000
vt -12.3071 -6.2349 0.0000
vt -11.8733 -9.1514 0.0000
vt -15.8167 -6.3257 0.0000
vt -15.2819 -9.2672 0.0000
vt -19.3433 -6.4483 0.0000
vt -18.6994 -9.4241 0.0000
vt -22.8898 -6.5973 0.0000
vt -22.1261 -9.6324 0.0000
vt -26.4542 -6.8386 0.0000
vt -25.5578 -9.9566 0.0000
vt -30.0397 -7.1428 0.0000
vt -28.9978 -10.3587 0.0000
vt -33.6435 -7.5508 0.0000
vt -32.4337 -10.9086 0.0000
vt -37.2600 -8.0920 0.0000
vt -35.8531 -11.6393 0.0000
vt -40.8804 -8.7990 0.0000
vt -39.2358 -12.5890 0.0000
vt -44.4911 -9.7152 0.0000
vt -42.5547 -13.7900 0.0000
vt -48.0764 -10.8909 0.0000
vt -45.7796 -15.2571 0.0000
vt -51.6435 -12.3314 0.0000
vt -48.8845 -16.9775 0.0000
vt 58.0909 -11.4712 0.0000
vt 61.6126 -13.0250 0.0000
vt 55.8178 -15.5676 0.0000
vt 58.7487 -17.4807 0.0000
vt 54.5449 -10.1692 0.0000
vt 52.6263 -14.0234 0.0000
vt 50.9700 -9.1078 0.0000
vt 49.3369 -12.7372 0.0000
vt 47.3771 -8.2622 0.0000
vt 45.9783 -11.7009 0.0000
vt 43.7799 -7.6000 0.0000
vt 42.5771 -10.8888 0.0000
vt 40.1879 -7.0956 0.0000
vt 39.1549 -10.2644 0.0000
vt 36.6085 -6.7214 0.0000
vt 35.7248 -9.7995 0.0000
vt 25.5549 55.2223 0.0000
vt 20.3024 55.1601 0.0000
vt 14.7958 55.1514 0.0000
vt 9.1151 55.1611 0.0000
vt 3.2583 55.1841 0.0000
vt -2.4951 55.1277 0.0000
vt -7.9821 55.1384 0.0000
vt -13.3159 55.1979 0.0000
vt -18.4151 55.3428 0.0000
vt -23.2225 55.6323 0.0000
vt -27.7150 56.1493 0.0000
vt -31.9209 56.9836 0.0000
vt -35.9595 58.1077 0.0000
vt 43.4120 57.5302 0.0000
vt 39.3434 56.4931 0.0000
vt 35.0780 55.7848 0.0000
vt 30.4902 55.3993 0.0000
vt -4.9689 -9.9252 0.0000
vt -4.9876 -9.6284 0.0000
vt -5.2511 -9.6335 0.0000
vt -8.0887 -9.6889 0.0000
vt -8.3523 -9.6940 0.0000
vt -8.3267 -9.9912 0.0000
vt -8.1659 -11.8611 0.0000
vt -8.1404 -12.1583 0.0000
vt -7.8711 -12.1528 0.0000
vt -5.1018 -12.0956 0.0000
vt -4.8325 -12.0901 0.0000
vt -4.8512 -11.7932 0.0000
vt -8.6161 -9.7010 0.0000
vt -11.4567 -9.7762 0.0000
vt -11.7206 -9.7832 0.0000
vt -11.6874 -10.0806 0.0000
vt -11.4786 -11.9517 0.0000
vt -11.4455 -12.2491 0.0000
vt -11.1764 -12.2417 0.0000
vt -8.4095 -12.1657 0.0000
vt -11.9848 -9.7927 0.0000
vt -14.8301 -9.8957 0.0000
vt -15.0943 -9.9053 0.0000
vt -15.0526 -10.2030 0.0000
vt -14.7900 -12.0761 0.0000
vt -14.7483 -12.3738 0.0000
vt -14.4794 -12.3637 0.0000
vt -11.7144 -12.2592 0.0000
vt -15.3591 -9.9183 0.0000
vt -18.2100 -10.0590 0.0000
vt -18.4748 -10.0720 0.0000
vt -18.4233 -10.3702 0.0000
vt -18.0992 -12.2465 0.0000
vt -18.0476 -12.5447 0.0000
vt -17.7790 -12.5308 0.0000
vt -15.0169 -12.3877 0.0000
vt -18.7402 -10.0899 0.0000
vt -21.5975 -10.2827 0.0000
vt -21.8629 -10.3006 0.0000
vt -21.8000 -10.5996 0.0000
vt -21.4045 -12.4809 0.0000
vt -21.3417 -12.7799 0.0000
vt -21.0735 -12.7608 0.0000
vt -18.3158 -12.5639 0.0000
vt -22.1286 -10.3264 0.0000
vt -24.9898 -10.6044 0.0000
vt -25.2555 -10.6302 0.0000
vt -25.1798 -10.9287 0.0000
vt -24.7037 -12.8071 0.0000
vt -24.6280 -13.1056 0.0000
vt -24.3605 -13.0791 0.0000
vt -21.6092 -12.8064 0.0000
vt -25.5215 -10.6641 0.0000
vt -28.3856 -11.0294 0.0000
vt -28.6516 -11.0634 0.0000
vt -28.5613 -11.3626 0.0000
vt -27.9926 -13.2456 0.0000
vt -27.9022 -13.5448 0.0000
vt -27.6356 -13.5091 0.0000
vt -24.8946 -13.1413 0.0000
vt -28.9172 -11.1093 0.0000
vt -31.7762 -11.6039 0.0000
vt -32.0418 -11.6499 0.0000
vt -31.9345 -11.9496 0.0000
vt -31.2599 -13.8356 0.0000
vt -31.1526 -14.1354 0.0000
vt -30.8880 -14.0873 0.0000
vt -28.1668 -13.5929 0.0000
vt -32.3056 -11.7110 0.0000
vt -35.1466 -12.3686 0.0000
vt -35.4105 -12.4297 0.0000
vt -35.2843 -12.7298 0.0000
vt -34.4901 -14.6183 0.0000
vt -34.3638 -14.9185 0.0000
vt -34.1024 -14.8547 0.0000
vt -31.4141 -14.1991 0.0000
vt -35.6708 -12.5091 0.0000
vt -38.4740 -13.3643 0.0000
vt -38.7344 -13.4437 0.0000
vt -38.5871 -13.7444 0.0000
vt -37.6602 -15.6361 0.0000
vt -37.5129 -15.9368 0.0000
vt -37.2565 -15.8539 0.0000
vt -34.6202 -15.0014 0.0000
vt -38.9887 -13.5441 0.0000
vt -41.7275 -14.6251 0.0000
vt -41.9819 -14.7255 0.0000
vt -41.8117 -15.0274 0.0000
vt -40.7412 -16.9268 0.0000
vt -40.5710 -17.2287 0.0000
vt -40.3220 -17.1235 0.0000
vt -37.7618 -16.0420 0.0000
vt -42.2279 -14.8475 0.0000
vt -44.8763 -16.1618 0.0000
vt -45.1223 -16.2839 0.0000
vt -44.9282 -16.5893 0.0000
vt -43.7066 -18.5109 0.0000
vt -43.5124 -18.8163 0.0000
vt -43.2730 -18.6871 0.0000
vt -40.8105 -17.3580 0.0000
vt -45.3618 -16.4215 0.0000
vt -47.9399 -17.9038 0.0000
vt -48.1793 -18.0414 0.0000
vt -47.9560 -18.3610 0.0000
vt -46.5509 -20.3718 0.0000
vt -46.3275 -20.6914 0.0000
vt -46.0984 -20.5388 0.0000
vt -43.7416 -18.9690 0.0000
vt 57.9763 -18.6554 0.0000
vt 58.3053 -18.2563 0.0000
vt 58.1022 -18.0759 0.0000
vt 55.4136 -16.6726 0.0000
vt 55.1768 -16.5304 0.0000
vt 54.9813 -16.8274 0.0000
vt 53.7510 -18.6960 0.0000
vt 53.5554 -18.9929 0.0000
vt 53.7820 -19.1496 0.0000
vt 56.1120 -20.7600 0.0000
vt 56.3386 -20.9166 0.0000
vt 56.5632 -20.6065 0.0000
vt 54.9333 -16.4031 0.0000
vt 52.3117 -15.0327 0.0000
vt 52.0682 -14.9054 0.0000
vt 51.8964 -15.2001 0.0000
vt 50.8153 -17.0544 0.0000
vt 50.6435 -17.3491 0.0000
vt 50.8806 -17.4829 0.0000
vt 53.3184 -18.8591 0.0000
vt 51.8160 -14.7993 0.0000
vt 49.1006 -13.6568 0.0000
vt 48.8484 -13.5507 0.0000
vt 48.6992 -13.8457 0.0000
vt 47.7604 -15.7017 0.0000
vt 47.6112 -15.9966 0.0000
vt 47.8581 -16.1068 0.0000
vt 50.3966 -17.2390 0.0000
vt 48.5898 -13.4655 0.0000
vt 45.8054 -12.5477 0.0000
vt 45.5468 -12.4624 0.0000
vt 45.4186 -12.7585 0.0000
vt 44.6122 -14.6210 0.0000
vt 44.4840 -14.9170 0.0000
vt 44.7386 -15.0049 0.0000
vt 47.3566 -15.9088 0.0000
vt 45.2842 -12.3959 0.0000
vt 42.4573 -11.6790 0.0000
vt 42.1947 -11.6124 0.0000
vt 42.0857 -11.9095 0.0000
vt 41.3996 -13.7788 0.0000
vt 41.2906 -14.0759 0.0000
vt 41.5506 -14.1444 0.0000
vt 44.2240 -14.8486 0.0000
vt 41.9301 -11.5615 0.0000
vt 39.0807 -11.0139 0.0000
vt 38.8161 -10.9630 0.0000
vt 38.7242 -11.2611 0.0000
vt 38.1462 -13.1367 0.0000
vt 38.0543 -13.4348 0.0000
vt 38.3178 -13.4870 0.0000
vt 41.0271 -14.0237 0.0000
vt 38.5505 -10.9253 0.0000
vt 35.6914 -10.5191 0.0000
vt 35.4259 -10.4814 0.0000
vt 35.3494 -10.7801 0.0000
vt 34.8678 -12.6594 0.0000
vt 34.7913 -12.9580 0.0000
vt 35.0570 -12.9969 0.0000
vt 37.7886 -13.3960 0.0000
vt 35.1601 -10.4552 0.0000
vt 32.2988 -10.1730 0.0000
vt 32.0331 -10.1468 0.0000
vt 31.9700 -10.4443 0.0000
vt 31.5735 -12.3163 0.0000
vt 31.5105 -12.6138 0.0000
vt 31.7776 -12.6418 0.0000
vt 34.5242 -12.9300 0.0000
vt 31.7678 -10.1269 0.0000
vt 28.9119 -9.9129 0.0000
vt 28.6466 -9.8930 0.0000
vt 28.5951 -10.1908 0.0000
vt 28.2713 -12.0650 0.0000
vt 28.2198 -12.3629 0.0000
vt 28.4877 -12.3833 0.0000
vt 31.2426 -12.5934 0.0000
vt 28.3818 -9.8791 0.0000
vt 25.5304 -9.7292 0.0000
vt 25.2656 -9.7153 0.0000
vt 25.2243 -10.0132 0.0000
vt 24.9648 -11.8878 0.0000
vt 24.9235 -12.1857 0.0000
vt 25.1919 -12.2001 0.0000
vt 27.9514 -12.3484 0.0000
vt 25.0012 -9.7059 0.0000
vt 22.1548 -9.6050 0.0000
vt 21.8904 -9.5956 0.0000
vt 21.8581 -9.8935 0.0000
vt 21.6551 -11.7678 0.0000
vt 21.6229 -12.0656 0.0000
vt 21.8916 -12.0754 0.0000
vt 24.6548 -12.1759 0.0000
vt 21.6264 -9.5897 0.0000
vt 18.7847 -9.5259 0.0000
vt 18.5208 -9.5200 0.0000
vt 18.4963 -9.8177 0.0000
vt 18.3422 -11.6913 0.0000
vt 18.3177 -11.9891 0.0000
vt 18.5868 -11.9953 0.0000
vt 21.3538 -12.0594 0.0000
vt 18.2570 -9.5162 0.0000
vt 15.4171 -9.4752 0.0000
vt 15.1533 -9.4714 0.0000
vt 15.1363 -9.7699 0.0000
vt 15.0293 -11.6482 0.0000
vt 15.0123 -11.9467 0.0000
vt 15.2814 -11.9501 0.0000
vt 18.0486 -11.9856 0.0000
vt 14.8894 -9.4723 0.0000
vt 12.0477 -9.4825 0.0000
vt 11.7838 -9.4835 0.0000
vt 11.7741 -9.7789 0.0000
vt 11.7133 -11.6379 0.0000
vt 11.7036 -11.9334 0.0000
vt 11.9730 -11.9344 0.0000
vt 14.7429 -11.9456 0.0000
vt 11.5206 -9.4867 0.0000
vt 8.6867 -9.5212 0.0000
vt 8.4235 -9.5244 0.0000
vt 8.4199 -9.8212 0.0000
vt 8.3974 -11.6889 0.0000
vt 8.3938 -11.9857 0.0000
vt 8.6633 -11.9815 0.0000
vt 11.4341 -11.9376 0.0000
vt 8.1613 -9.5269 0.0000
vt 5.3383 -9.5542 0.0000
vt 5.0761 -9.5567 0.0000
vt 5.0777 -9.8538 0.0000
vt 5.0876 -11.7229 0.0000
vt 5.0892 -12.0199 0.0000
vt 5.3582 -12.0172 0.0000
vt 8.1248 -11.9885 0.0000
vt 4.8140 -9.5586 0.0000
vt 1.9920 -9.5789 0.0000
vt 1.7299 -9.5808 0.0000
vt 1.7365 -9.8776 0.0000
vt 1.7781 -11.7454 0.0000
vt 1.7848 -12.0422 0.0000
vt 2.0538 -12.0404 0.0000
vt 4.8202 -12.0218 0.0000
vt 1.4671 -9.5820 0.0000
vt -1.3620 -9.5954 0.0000
vt -1.6248 -9.5967 0.0000
vt -1.6124 -9.8926 0.0000
vt -1.5350 -11.7546 0.0000
vt -1.5227 -12.0505 0.0000
vt -1.2534 -12.0499 0.0000
vt 1.5155 -12.0429 0.0000
vt -1.8882 -9.5992 0.0000
vt -4.7242 -9.6259 0.0000
vt -4.5630 -12.0868 0.0000
vt -1.7921 -12.0538 0.0000
vt -7.1447 -20.2078 0.0000
vt -7.4910 -20.2154 0.0000
vt -7.4734 -20.5049 0.0000
vt -7.3539 -22.4701 0.0000
vt -7.3363 -22.7596 0.0000
vt -6.9259 -22.7503 0.0000
vt -4.6564 -22.6986 0.0000
vt -4.2460 -22.6893 0.0000
vt -4.2589 -22.3999 0.0000
vt -4.3465 -20.4361 0.0000
vt -4.3594 -20.1468 0.0000
vt -4.7057 -20.1544 0.0000
vt -10.2526 -20.2990 0.0000
vt -10.5959 -20.3094 0.0000
vt -10.5727 -20.5990 0.0000
vt -10.4154 -22.5650 0.0000
vt -10.3923 -22.8546 0.0000
vt -9.9865 -22.8420 0.0000
vt -7.7421 -22.7722 0.0000
vt -7.8343 -20.2258 0.0000
vt -13.3272 -20.4216 0.0000
vt -13.6667 -20.4356 0.0000
vt -13.6368 -20.7252 0.0000
vt -13.4337 -22.6915 0.0000
vt -13.4038 -22.9812 0.0000
vt -13.0039 -22.9644 0.0000
vt -10.7922 -22.8715 0.0000
vt -10.9355 -20.3233 0.0000
vt -16.3601 -20.5851 0.0000
vt -16.6949 -20.6036 0.0000
vt -16.6567 -20.8931 0.0000
vt -16.3975 -22.8582 0.0000
vt -16.3593 -23.1477 0.0000
vt -15.9668 -23.1256 0.0000
vt -13.7963 -23.0033 0.0000
vt -14.0016 -20.4542 0.0000
vt -19.3437 -20.8021 0.0000
vt -19.6730 -20.8268 0.0000
vt -19.6241 -21.1154 0.0000
vt -19.2921 -23.0745 0.0000
vt -19.2432 -23.3631 0.0000
vt -18.8603 -23.3345 0.0000
vt -16.7423 -23.1763 0.0000
vt -17.0243 -20.6283 0.0000
vt -22.2663 -21.0766 0.0000
vt -22.5887 -21.1076 0.0000
vt -22.5271 -21.3948 0.0000
vt -22.1093 -23.3444 0.0000
vt -22.0477 -23.6316 0.0000
vt -21.6753 -23.5960 0.0000
vt -19.6157 -23.3988 0.0000
vt -19.9955 -20.8578 0.0000
vt -25.1127 -21.4503 0.0000
vt -25.4265 -21.4929 0.0000
vt -25.3500 -21.7773 0.0000
vt -24.8309 -23.7081 0.0000
vt -24.7545 -23.9926 0.0000
vt -24.3950 -23.9446 0.0000
vt -22.4072 -23.6796 0.0000
vt -22.9025 -21.1502 0.0000
vt -27.8745 -21.9404 0.0000
vt -28.1789 -21.9961 0.0000
vt -28.0837 -22.2760 0.0000
vt -27.4374 -24.1758 0.0000
vt -27.3422 -24.4557 0.0000
vt -26.9985 -24.3942 0.0000
vt -25.0981 -24.0541 0.0000
vt -25.7308 -21.5485 0.0000
vt -30.5342 -22.5768 0.0000
vt -30.8271 -22.6490 0.0000
vt -30.7095 -22.9215 0.0000
vt -29.9114 -24.7713 0.0000
vt -29.7938 -25.0438 0.0000
vt -29.4682 -24.9657 0.0000
vt -27.6677 -24.5338 0.0000
vt -28.4717 -22.0683 0.0000
vt -33.0690 -23.3973 0.0000
vt -33.3478 -23.4904 0.0000
vt -33.2040 -23.7517 0.0000
vt -32.2284 -25.5258 0.0000
vt -32.0847 -25.7872 0.0000
vt -31.7804 -25.6885 0.0000
vt -30.0980 -25.1426 0.0000
vt -31.1058 -22.7420 0.0000
vt -35.4456 -24.4477 0.0000
vt -35.7064 -24.5667 0.0000
vt -35.5328 -24.8121 0.0000
vt -34.3543 -26.4782 0.0000
vt -34.1807 -26.7237 0.0000
vt -33.9024 -26.5993 0.0000
vt -32.3630 -25.9115 0.0000
vt -33.6086 -23.6094 0.0000
vt -37.6120 -25.7780 0.0000
vt -37.8489 -25.9286 0.0000
vt -37.6421 -26.1527 0.0000
vt -36.2385 -27.6737 0.0000
vt -36.0317 -27.8978 0.0000
vt -35.7859 -27.7419 0.0000
vt -34.4265 -26.8796 0.0000
vt -35.9433 -24.7173 0.0000
vt -39.4878 -27.4418 0.0000
vt -39.6916 -27.6300 0.0000
vt -39.4504 -27.8248 0.0000
vt -37.8134 -29.1475 0.0000
vt -37.5722 -29.3423 0.0000
vt -37.3677 -29.1505 0.0000
vt -36.2362 -28.0896 0.0000
vt -38.0526 -26.1168 0.0000
vt 48.0536 -26.1433 0.0000
vt 47.8527 -25.9523 0.0000
vt 47.6440 -26.1726 0.0000
vt 46.2273 -27.6681 0.0000
vt 46.0185 -27.8885 0.0000
vt 46.2202 -28.0831 0.0000
vt 47.3352 -29.1599 0.0000
vt 47.5369 -29.3546 0.0000
vt 47.7796 -29.1640 0.0000
vt 49.4269 -27.8706 0.0000
vt 49.6696 -27.6800 0.0000
vt 49.4687 -27.4889 0.0000
vt 45.9688 -24.7128 0.0000
vt 45.7346 -24.5587 0.0000
vt 45.5588 -24.8010 0.0000
vt 44.3655 -26.4460 0.0000
vt 44.1897 -26.6883 0.0000
vt 44.4326 -26.8477 0.0000
vt 45.7757 -27.7291 0.0000
vt 47.6185 -25.7981 0.0000
vt 43.6572 -23.5709 0.0000
vt 43.3989 -23.4481 0.0000
vt 43.2529 -23.7070 0.0000
vt 42.2616 -25.4644 0.0000
vt 42.1155 -25.7233 0.0000
vt 42.3910 -25.8515 0.0000
vt 43.9143 -26.5602 0.0000
vt 45.4763 -24.4358 0.0000
vt 41.1763 -22.6692 0.0000
vt 40.8999 -22.5724 0.0000
vt 40.7800 -22.8431 0.0000
vt 39.9663 -24.6807 0.0000
vt 39.8464 -24.9514 0.0000
vt 40.1477 -25.0539 0.0000
vt 41.8142 -25.6208 0.0000
vt 43.1226 -23.3513 0.0000
vt 38.5633 -21.9634 0.0000
vt 38.2727 -21.8876 0.0000
vt 38.1753 -22.1663 0.0000
vt 37.5141 -24.0580 0.0000
vt 37.4167 -24.3367 0.0000
vt 37.7393 -24.4183 0.0000
vt 39.5237 -24.8697 0.0000
vt 40.6094 -22.4967 0.0000
vt 35.8428 -21.4158 0.0000
vt 35.5407 -21.3571 0.0000
vt 35.4623 -21.6409 0.0000
vt 34.9302 -23.5671 0.0000
vt 34.8518 -23.8509 0.0000
vt 35.1924 -23.9154 0.0000
vt 37.0761 -24.2722 0.0000
vt 37.9706 -21.8290 0.0000
vt 33.0324 -20.9958 0.0000
vt 32.7205 -20.9508 0.0000
vt 32.6580 -21.2375 0.0000
vt 32.2335 -23.1833 0.0000
vt 32.1710 -23.4700 0.0000
vt 32.5270 -23.5205 0.0000
vt 34.4958 -23.8003 0.0000
vt 35.2289 -21.3122 0.0000
vt 30.1463 -20.6756 0.0000
vt 29.8262 -20.6414 0.0000
vt 29.7768 -20.9299 0.0000
vt 29.4415 -22.8883 0.0000
vt 29.3921 -23.1769 0.0000
vt 29.7611 -23.2158 0.0000
vt 31.8020 -23.4310 0.0000
vt 32.4005 -20.9166 0.0000
vt 27.1957 -20.4396 0.0000
vt 26.8686 -20.4146 0.0000
vt 26.8302 -20.7039 0.0000
vt 26.5693 -22.6682 0.0000
vt 26.5309 -22.9576 0.0000
vt 26.9109 -22.9867 0.0000
vt 29.0121 -23.1477 0.0000
vt 29.4992 -20.6163 0.0000
vt 24.1911 -20.2687 0.0000
vt 23.8582 -20.2506 0.0000
vt 23.8288 -20.5404 0.0000
vt 23.6292 -22.5073 0.0000
vt 23.5998 -22.7971 0.0000
vt 23.9891 -22.8184 0.0000
vt 26.1417 -22.9363 0.0000
vt 26.5357 -20.3964 0.0000
vt 21.1417 -20.1493 0.0000
vt 20.8040 -20.1367 0.0000
vt 20.7820 -20.4266 0.0000
vt 20.6330 -22.3945 0.0000
vt 20.6111 -22.6844 0.0000
vt 21.0080 -22.6994 0.0000
vt 23.2029 -22.7821 0.0000
vt 23.5205 -20.2380 0.0000
vt 18.0561 -20.0709 0.0000
vt 17.7144 -20.0627 0.0000
vt 17.6986 -20.3527 0.0000
vt 17.5914 -22.3207 0.0000
vt 17.5756 -22.6106 0.0000
vt 17.9787 -22.6204 0.0000
vt 20.2080 -22.6746 0.0000
vt 20.4623 -20.1285 0.0000
vt 14.9419 -20.0258 0.0000
vt 14.5972 -20.0212 0.0000
vt 14.5865 -20.3111 0.0000
vt 14.5138 -22.2788 0.0000
vt 14.5031 -22.5687 0.0000
vt 14.9111 -22.5742 0.0000
vt 17.1676 -22.6050 0.0000
vt 17.3697 -20.0582 0.0000
vt 11.8053 -20.0095 0.0000
vt 11.4582 -20.0081 0.0000
vt 11.4518 -20.2977 0.0000
vt 11.4080 -22.2633 0.0000
vt 11.4015 -22.5529 0.0000
vt 11.8134 -22.5550 0.0000
vt 14.0912 -22.5666 0.0000
vt 14.2501 -20.0198 0.0000
vt 8.6498 -20.0173 0.0000
vt 8.3006 -20.0184 0.0000
vt 8.2981 -20.3073 0.0000
vt 8.2808 -22.2684 0.0000
vt 8.2782 -22.5573 0.0000
vt 8.6930 -22.5567 0.0000
vt 10.9868 -22.5535 0.0000
vt 11.1091 -20.0092 0.0000
vt 5.4807 -20.0367 0.0000
vt 5.1301 -20.0390 0.0000
vt 5.1314 -20.3275 0.0000
vt 5.1403 -22.2861 0.0000
vt 5.1416 -22.5747 0.0000
vt 5.5581 -22.5724 0.0000
vt 7.8617 -22.5596 0.0000
vt 7.9500 -20.0207 0.0000
vt 2.3078 -20.0619 0.0000
vt 1.9569 -20.0647 0.0000
vt 1.9620 -20.3534 0.0000
vt 1.9967 -22.3127 0.0000
vt 2.0018 -22.6013 0.0000
vt 2.4187 -22.5978 0.0000
vt 4.7246 -22.5782 0.0000
vt 4.7792 -20.0418 0.0000
vt -0.8585 -20.0938 0.0000
vt -1.2085 -20.0974 0.0000
vt -1.1996 -20.3865 0.0000
vt -1.1393 -22.3489 0.0000
vt -1.1305 -22.6380 0.0000
vt -0.7145 -22.6332 0.0000
vt 1.5858 -22.6062 0.0000
vt 1.6069 -20.0683 0.0000
vt -4.0110 -20.1413 0.0000
vt -3.8323 -22.6825 0.0000
vt -1.5442 -22.6448 0.0000
vt -1.5569 -20.1029 0.0000
vt -7.6188 -14.9426 0.0000
vt -7.9025 -14.9484 0.0000
vt -7.8787 -15.2394 0.0000
vt -7.7075 -17.3408 0.0000
vt -7.6838 -17.6318 0.0000
vt -7.3758 -17.6254 0.0000
vt -4.8089 -17.5722 0.0000
vt -4.5009 -17.5658 0.0000
vt -4.5183 -17.2747 0.0000
vt -4.6438 -15.1724 0.0000
vt -4.6611 -14.8813 0.0000
vt -4.9448 -14.8872 0.0000
vt -10.8537 -15.0326 0.0000
vt -11.1367 -15.0407 0.0000
vt -11.1054 -15.3318 0.0000
vt -10.8795 -17.4340 0.0000
vt -10.8483 -17.7251 0.0000
vt -10.5421 -17.7160 0.0000
vt -7.9900 -17.6408 0.0000
vt -8.1855 -14.9565 0.0000
vt -14.0755 -15.1553 0.0000
vt -14.3574 -15.1662 0.0000
vt -14.3175 -15.4574 0.0000
vt -14.0297 -17.5599 0.0000
vt -13.9898 -17.8510 0.0000
vt -13.6858 -17.8388 0.0000
vt -11.1522 -17.7373 0.0000
vt -11.4185 -15.0517 0.0000
vt -17.2812 -15.3223 0.0000
vt -17.5616 -15.3373 0.0000
vt -17.5117 -15.6282 0.0000
vt -17.1515 -17.7299 0.0000
vt -17.1016 -18.0209 0.0000
vt -16.8005 -18.0044 0.0000
vt -14.2909 -17.8674 0.0000
vt -14.6377 -15.1812 0.0000
vt -20.4669 -15.5500 0.0000
vt -20.7455 -15.5704 0.0000
vt -20.6837 -15.8610 0.0000
vt -20.2371 -17.9598 0.0000
vt -20.1752 -18.2504 0.0000
vt -19.8778 -18.2282 0.0000
vt -17.3990 -18.0431 0.0000
vt -17.8402 -15.3577 0.0000
vt -23.6296 -15.8577 0.0000
vt -23.9062 -15.8852 0.0000
vt -23.8308 -16.1737 0.0000
vt -23.2867 -18.2570 0.0000
vt -23.2114 -18.5454 0.0000
vt -22.9176 -18.5169 0.0000
vt -20.4690 -18.2790 0.0000
vt -21.0220 -15.5979 0.0000
vt -26.7620 -16.2759 0.0000
vt -27.0359 -16.3133 0.0000
vt -26.9449 -16.5999 0.0000
vt -26.2881 -18.6696 0.0000
vt -26.1972 -18.9562 0.0000
vt -25.9083 -18.9164 0.0000
vt -23.5003 -18.5851 0.0000
vt -24.1800 -15.9227 0.0000
vt -29.8523 -16.8361 0.0000
vt -30.1224 -16.8862 0.0000
vt -30.0134 -17.1695 0.0000
vt -29.2263 -19.2152 0.0000
vt -29.1173 -19.4984 0.0000
vt -28.8347 -19.4460 0.0000
vt -26.4797 -19.0086 0.0000
vt -27.3059 -16.3634 0.0000
vt -32.8852 -17.5772 0.0000
vt -33.1502 -17.6434 0.0000
vt -33.0209 -17.9217 0.0000
vt -32.0869 -19.9320 0.0000
vt -31.9576 -20.2104 0.0000
vt -31.6827 -20.1415 0.0000
vt -29.3921 -19.5673 0.0000
vt -30.3873 -16.9525 0.0000
vt -35.8395 -18.5424 0.0000
vt -36.0974 -18.6286 0.0000
vt -35.9455 -18.9004 0.0000
vt -34.8480 -20.8633 0.0000
vt -34.6960 -21.1351 0.0000
vt -34.4310 -21.0456 0.0000
vt -32.2225 -20.2998 0.0000
vt -33.4081 -17.7296 0.0000
vt -38.6863 -19.7761 0.0000
vt -38.9346 -19.8862 0.0000
vt -38.7573 -20.1501 0.0000
vt -37.4771 -22.0565 0.0000
vt -37.2999 -22.3204 0.0000
vt -37.0479 -22.2057 0.0000
vt -34.9480 -21.2498 0.0000
vt -36.3457 -18.7386 0.0000
vt -41.3896 -21.3181 0.0000
vt -41.6250 -21.4554 0.0000
vt -41.4185 -21.7114 0.0000
vt -39.9271 -23.5601 0.0000
vt -39.7206 -23.8161 0.0000
vt -39.4864 -23.6714 0.0000
vt -37.5341 -22.4651 0.0000
vt -39.1700 -20.0235 0.0000
vt -43.9034 -23.2028 0.0000
vt -44.1219 -23.3704 0.0000
vt -43.8794 -23.6200 0.0000
vt -42.1282 -25.4232 0.0000
vt -41.8857 -25.6729 0.0000
vt -41.6762 -25.4932 0.0000
vt -39.9301 -23.9957 0.0000
vt -41.8435 -21.6229 0.0000
vt 51.8700 -21.7414 0.0000
vt 51.6542 -21.5704 0.0000
vt 51.4464 -21.8209 0.0000
vt 49.9455 -23.6300 0.0000
vt 49.7376 -23.8805 0.0000
vt 49.9444 -24.0633 0.0000
vt 51.6673 -25.5871 0.0000
vt 51.8740 -25.7699 0.0000
vt 52.1176 -25.5265 0.0000
vt 53.8768 -23.7687 0.0000
vt 54.1204 -23.5253 0.0000
vt 53.9046 -23.3543 0.0000
vt 49.2245 -20.0960 0.0000
vt 48.9915 -19.9547 0.0000
vt 48.8128 -20.2140 0.0000
vt 47.5218 -22.0872 0.0000
vt 47.3431 -22.3465 0.0000
vt 47.5748 -22.4949 0.0000
vt 49.5059 -23.7321 0.0000
vt 51.4212 -21.4290 0.0000
vt 46.4252 -18.7615 0.0000
vt 46.1791 -18.6471 0.0000
vt 46.0256 -18.9153 0.0000
vt 44.9166 -20.8518 0.0000
vt 44.7630 -21.1199 0.0000
vt 45.0127 -21.2386 0.0000
vt 47.0934 -22.2278 0.0000
vt 48.7454 -19.8402 0.0000
vt 43.5098 -17.7022 0.0000
vt 43.2538 -17.6116 0.0000
vt 43.1229 -17.8873 0.0000
vt 42.1773 -19.8781 0.0000
vt 42.0464 -20.1538 0.0000
vt 42.3093 -20.2473 0.0000
vt 44.5002 -21.0264 0.0000
vt 45.9232 -18.5565 0.0000
vt 40.5085 -16.8776 0.0000
vt 40.2452 -16.8073 0.0000
vt 40.1348 -17.0888 0.0000
vt 39.3370 -19.1218 0.0000
vt 39.2265 -19.4033 0.0000
vt 39.4993 -19.4760 0.0000
vt 41.7735 -20.0812 0.0000
vt 42.9906 -17.5412 0.0000
vt 37.4445 -16.2474 0.0000
vt 37.1759 -16.1937 0.0000
vt 37.0838 -16.4794 0.0000
vt 36.4180 -18.5426 0.0000
vt 36.3258 -18.8283 0.0000
vt 36.6065 -18.8839 0.0000
vt 38.9458 -19.3477 0.0000
vt 39.9767 -16.7536 0.0000
vt 34.3340 -15.7748 0.0000
vt 34.0615 -15.7346 0.0000
vt 33.9855 -16.0230 0.0000
vt 33.4365 -18.1059 0.0000
vt 33.3605 -18.3942 0.0000
vt 33.6474 -18.4362 0.0000
vt 36.0389 -18.7863 0.0000
vt 36.9034 -16.1536 0.0000
vt 31.1877 -15.4266 0.0000
vt 30.9121 -15.3971 0.0000
vt 30.8502 -15.6869 0.0000
vt 30.4032 -17.7796 0.0000
vt 30.3413 -18.0694 0.0000
vt 30.6334 -18.1008 0.0000
vt 33.0683 -18.3628 0.0000
vt 33.7859 -15.7051 0.0000
vt 28.0135 -15.1740 0.0000
vt 27.7356 -15.1526 0.0000
vt 27.6858 -15.4433 0.0000
vt 27.3266 -17.5428 0.0000
vt 27.2768 -17.8335 0.0000
vt 27.5734 -17.8563 0.0000
vt 30.0448 -18.0465 0.0000
vt 30.6342 -15.3757 0.0000
vt 24.8181 -14.9946 0.0000
vt 24.5383 -14.9794 0.0000
vt 24.4990 -15.2706 0.0000
vt 24.2156 -17.3739 0.0000
vt 24.1764 -17.6651 0.0000
vt 24.4764 -17.6814 0.0000
vt 26.9768 -17.8172 0.0000
vt 27.4558 -15.1375 0.0000
vt 21.6057 -14.8716 0.0000
vt 21.3244 -14.8612 0.0000
vt 21.2943 -15.1527 0.0000
vt 21.0763 -17.2578 0.0000
vt 21.0461 -17.5493 0.0000
vt 21.3490 -17.5605 0.0000
vt 23.8735 -17.6539 0.0000
vt 24.2571 -14.9691 0.0000
vt 18.3799 -14.7915 0.0000
vt 18.0976 -14.7848 0.0000
vt 18.0753 -15.0764 0.0000
vt 17.9145 -17.1828 0.0000
vt 17.8922 -17.4745 0.0000
vt 18.1974 -17.4817 0.0000
vt 20.7409 -17.5421 0.0000
vt 21.0421 -14.8545 0.0000
vt 15.1414 -14.7465 0.0000
vt 14.8579 -14.7428 0.0000
vt 14.8431 -15.0343 0.0000
vt 14.7362 -17.1397 0.0000
vt 14.7214 -17.4313 0.0000
vt 15.0282 -17.4354 0.0000
vt 17.5854 -17.4703 0.0000
vt 17.8141 -14.7811 0.0000
vt 11.8968 -14.7278 0.0000
vt 11.6129 -14.7264 0.0000
vt 11.6048 -15.0184 0.0000
vt 11.5467 -17.1275 0.0000
vt 11.5387 -17.4196 0.0000
vt 11.8467 -17.4207 0.0000
vt 14.4135 -17.4301 0.0000
vt 14.5739 -14.7413 0.0000
vt 8.6475 -14.7679 0.0000
vt 8.3631 -14.7719 0.0000
vt 8.3604 -15.0618 0.0000
vt 8.3408 -17.1556 0.0000
vt 8.3381 -17.4455 0.0000
vt 8.6478 -17.4430 0.0000
vt 11.2290 -17.4221 0.0000
vt 11.3285 -14.7304 0.0000
vt 5.3902 -14.8008 0.0000
vt 5.1051 -14.8036 0.0000
vt 5.1068 -15.0929 0.0000
vt 5.1193 -17.1822 0.0000
vt 5.1210 -17.4715 0.0000
vt 5.4323 -17.4690 0.0000
vt 8.0268 -17.4480 0.0000
vt 8.0780 -14.7747 0.0000
vt 2.1307 -14.8238 0.0000
vt 1.8455 -14.8257 0.0000
vt 1.8516 -15.1152 0.0000
vt 1.8956 -17.2059 0.0000
vt 1.9017 -17.4953 0.0000
vt 2.2132 -17.4930 0.0000
vt 4.8095 -17.4738 0.0000
vt 4.8199 -14.8055 0.0000
vt -1.1271 -14.8348 0.0000
vt -1.4121 -14.8357 0.0000
vt -1.4007 -15.1264 0.0000
vt -1.3178 -17.2257 0.0000
vt -1.3064 -17.5163 0.0000
vt -0.9960 -17.5143 0.0000
vt 1.5913 -17.4974 0.0000
vt 1.5604 -14.8266 0.0000
vt -4.3768 -14.8773 0.0000
vt -4.1918 -17.5610 0.0000
vt -1.6155 -17.5211 0.0000
vt -1.6964 -14.8397 0.0000
vt -8.1157 -12.4481 0.0000
vt -7.9272 -14.6586 0.0000
vt -4.6789 -14.5914 0.0000
vt -4.8147 -12.3800 0.0000
vt -11.4134 -12.5390 0.0000
vt -11.1687 -14.7507 0.0000
vt -14.7077 -12.6639 0.0000
vt -14.3980 -14.8762 0.0000
vt -17.9972 -12.8348 0.0000
vt -17.6121 -15.0472 0.0000
vt -21.2797 -13.0697 0.0000
vt -20.8074 -15.2805 0.0000
vt -24.5531 -13.3943 0.0000
vt -23.9811 -15.5965 0.0000
vt -27.8122 -13.8324 0.0000
vt -27.1259 -16.0257 0.0000
vt -31.0456 -14.4211 0.0000
vt -30.2294 -16.6005 0.0000
vt -34.2378 -15.2015 0.0000
vt -33.2762 -17.3604 0.0000
vt -37.3658 -16.2164 0.0000
vt -36.2444 -18.3490 0.0000
vt -40.4010 -17.5047 0.0000
vt -39.1046 -19.6102 0.0000
vt -43.3164 -19.0905 0.0000
vt -41.8210 -21.1813 0.0000
vt -46.0984 -20.9697 0.0000
vt -44.3510 -23.0921 0.0000
vt 53.3580 -19.2607 0.0000
vt 51.8517 -21.3026 0.0000
vt 54.3508 -23.2544 0.0000
vt 56.1082 -21.1876 0.0000
vt 50.4719 -17.6197 0.0000
vt 49.1631 -19.6840 0.0000
vt 47.4625 -16.2720 0.0000
vt 46.3279 -18.3718 0.0000
vt 44.3562 -15.1969 0.0000
vt 43.3816 -17.3317 0.0000
vt 41.1820 -14.3596 0.0000
vt 40.3538 -16.5236 0.0000
vt 37.9631 -13.7213 0.0000
vt 37.2672 -15.9072 0.0000
vt 34.7155 -13.2465 0.0000
vt 34.1373 -15.4462 0.0000
vt 31.4483 -12.9029 0.0000
vt 30.9743 -15.1080 0.0000
vt 28.1695 -12.6526 0.0000
vt 27.7859 -14.8628 0.0000
vt 24.8835 -12.4759 0.0000
vt 24.5783 -14.6892 0.0000
vt 21.5919 -12.3560 0.0000
vt 21.3554 -14.5708 0.0000
vt 18.2948 -12.2795 0.0000
vt 18.1204 -14.4944 0.0000
vt 14.9963 -12.2371 0.0000
vt 14.8739 -14.4523 0.0000
vt 11.6942 -12.2235 0.0000
vt 11.6223 -14.4363 0.0000
vt 8.3906 -12.2751 0.0000
vt 8.3663 -14.4825 0.0000
vt 5.0909 -12.3091 0.0000
vt 5.1035 -14.5145 0.0000
vt 1.7911 -12.3313 0.0000
vt 1.8392 -14.5366 0.0000
vt -1.5112 -12.3398 0.0000
vt -1.4236 -14.5464 0.0000
vt -7.3251 -23.0366 0.0000
vt -4.2378 -22.9662 0.0000
vt -10.3773 -23.1316 0.0000
vt -13.3841 -23.2580 0.0000
vt -16.3339 -23.4243 0.0000
vt -19.2113 -23.6393 0.0000
vt -22.0058 -23.9065 0.0000
vt -24.6984 -24.2653 0.0000
vt -27.2693 -24.7247 0.0000
vt -29.6999 -25.3066 0.0000
vt -31.9648 -26.0394 0.0000
vt -34.0295 -26.9590 0.0000
vt -35.8451 -28.1077 0.0000
vt -37.3482 -29.5186 0.0000
vt 45.8293 -28.0955 0.0000
vt 47.3106 -29.5275 0.0000
vt 44.0355 -26.9214 0.0000
vt 41.9926 -25.9738 0.0000
vt 39.7496 -25.2128 0.0000
vt 37.3410 -24.6048 0.0000
vt 34.7929 -24.1230 0.0000
vt 32.1256 -23.7444 0.0000
vt 29.3576 -23.4527 0.0000
vt 26.5050 -23.2341 0.0000
vt 23.5807 -23.0740 0.0000
vt 20.5975 -22.9615 0.0000
vt 17.5664 -22.8877 0.0000
vt 14.4974 -22.8458 0.0000
vt 11.3987 -22.8299 0.0000
vt 8.2778 -22.8341 0.0000
vt 5.1432 -22.8515 0.0000
vt 2.0054 -22.8781 0.0000
vt -1.1247 -22.9149 0.0000
vt -7.6620 -17.9232 0.0000
vt -7.5127 -19.9240 0.0000
vt -4.3754 -19.8557 0.0000
vt -4.4850 -17.8569 0.0000
vt -10.8198 -18.0165 0.0000
vt -10.6244 -20.0179 0.0000
vt -13.9534 -18.1425 0.0000
vt -13.7032 -20.1441 0.0000
vt -17.0558 -18.3122 0.0000
vt -16.7408 -20.3123 0.0000
vt -20.1186 -18.5410 0.0000
vt -19.7297 -20.5362 0.0000
vt -23.1411 -18.8344 0.0000
vt -22.6589 -20.8186 0.0000
vt -26.1102 -19.2423 0.0000
vt -25.5134 -21.2068 0.0000
vt -29.0114 -19.7801 0.0000
vt -28.2847 -21.7144 0.0000
vt -31.8300 -20.4854 0.0000
vt -30.9546 -22.3739 0.0000
vt -34.5439 -21.4007 0.0000
vt -33.4998 -23.2247 0.0000
vt -37.1202 -22.5738 0.0000
vt -35.8861 -24.3133 0.0000
vt -39.5095 -24.0544 0.0000
vt -38.0600 -25.6904 0.0000
vt -41.6382 -25.8936 0.0000
vt -39.9391 -27.4092 0.0000
vt 49.5251 -24.1142 0.0000
vt 48.0653 -25.7186 0.0000
vt 49.9182 -27.4646 0.0000
vt 51.6254 -25.9853 0.0000
vt 47.1617 -22.5960 0.0000
vt 45.9160 -24.3091 0.0000
vt 44.6092 -21.3825 0.0000
vt 43.5528 -23.1855 0.0000
vt 41.9171 -20.4266 0.0000
vt 41.0292 -22.2996 0.0000
vt 39.1189 -19.6835 0.0000
vt 38.3803 -21.6074 0.0000
vt 36.2373 -19.1135 0.0000
vt 35.6293 -21.0719 0.0000
vt 33.2883 -18.6826 0.0000
vt 32.7927 -20.6625 0.0000
vt 30.2832 -18.3595 0.0000
vt 29.8843 -20.3513 0.0000
vt 27.2308 -18.1246 0.0000
vt 26.9147 -20.1234 0.0000
vt 24.1405 -17.9567 0.0000
vt 23.8941 -19.9590 0.0000
vt 21.0188 -17.8411 0.0000
vt 20.8313 -19.8449 0.0000
vt 17.8722 -17.7664 0.0000
vt 17.7345 -19.7708 0.0000
vt 14.7074 -17.7234 0.0000
vt 14.6112 -19.7291 0.0000
vt 11.5296 -17.7115 0.0000
vt 11.4673 -19.7161 0.0000
vt 8.3339 -17.7357 0.0000
vt 8.3048 -19.7282 0.0000
vt 5.1221 -17.7611 0.0000
vt 5.1291 -19.7494 0.0000
vt 1.9079 -17.7851 0.0000
vt 1.9507 -19.7749 0.0000
vt -1.2953 -17.8075 0.0000
vt -1.2195 -19.8063 0.0000
vt -7.2051 -25.9964 0.0000
vt -4.1500 -25.9258 0.0000
vt -10.2172 -26.0912 0.0000
vt -13.1740 -26.2166 0.0000
vt -16.0623 -26.3804 0.0000
vt -18.8700 -26.5910 0.0000
vt -21.5576 -26.8444 0.0000
vt -24.0990 -27.1797 0.0000
vt -26.4902 -27.5996 0.0000
vt -28.6968 -28.1143 0.0000
vt -30.6833 -28.7351 0.0000
vt -32.4134 -29.4746 0.0000
vt -33.8516 -30.3505 0.0000
vt -34.9536 -31.4028 0.0000
vt 43.8076 -30.3079 0.0000
vt 44.8929 -31.3755 0.0000
vt 42.3876 -29.4124 0.0000
vt 40.6783 -28.6507 0.0000
vt 38.7147 -28.0071 0.0000
vt 36.5321 -27.4707 0.0000
vt 34.1630 -27.0313 0.0000
vt 31.6402 -26.6770 0.0000
vt 28.9888 -26.4005 0.0000
vt 26.2280 -26.1895 0.0000
vt 23.3769 -26.0333 0.0000
vt 20.4522 -25.9225 0.0000
vt 17.4681 -25.8494 0.0000
vt 14.4368 -25.8073 0.0000
vt 11.3686 -25.7906 0.0000
vt 8.2731 -25.7932 0.0000
vt 5.1609 -25.8095 0.0000
vt 2.0444 -25.8363 0.0000
vt -1.0631 -25.8740 0.0000
vt 58.6795 -18.1061 0.0000
vt 55.7790 86.4639 0.0000
vt 35.5941 82.4491 0.0000
vt 56.1743 82.4489 0.0000
vt 54.6079 90.3247 0.0000
vt 52.7061 93.8828 0.0000
vt 50.1467 97.0015 0.0000
vt 47.0279 99.5611 0.0000
vt 43.4698 101.4629 0.0000
vt 39.6091 102.6340 0.0000
vt 35.5941 103.0294 0.0000
vt 31.5790 102.6340 0.0000
vt 27.7183 101.4628 0.0000
vt 24.1601 99.5611 0.0000
vt 21.0415 97.0016 0.0000
vt 18.4821 93.8829 0.0000
vt 16.5803 90.3248 0.0000
vt 15.4091 86.4640 0.0000
vt 15.0138 82.4489 0.0000
vt 15.4092 78.4339 0.0000
vt 16.5804 74.5731 0.0000
vt 18.4822 71.0152 0.0000
vt 21.0416 67.8965 0.0000
vt 24.1603 65.3371 0.0000
vt 27.7183 63.4353 0.0000
vt 31.5791 62.2641 0.0000
vt 35.5940 61.8688 0.0000
vt 39.6090 62.2641 0.0000
vt 43.4697 63.4353 0.0000
vt 47.0279 65.3372 0.0000
vt 50.1465 67.8966 0.0000
vt 52.7059 71.0153 0.0000
vt 54.6077 74.5732 0.0000
vt 55.7789 78.4340 0.0000
vt -6.2074 76.8339 0.0000
vt 13.9774 72.8190 0.0000
vt 14.3728 76.8338 0.0000
vt 12.8062 68.9582 0.0000
vt 10.9045 65.4002 0.0000
vt 8.3451 62.2816 0.0000
vt 5.2264 59.7221 0.0000
vt 1.6684 57.8203 0.0000
vt -2.1923 56.6491 0.0000
vt -6.2074 56.2537 0.0000
vt -10.2223 56.6491 0.0000
vt -14.0831 57.8202 0.0000
vt -17.6411 59.7220 0.0000
vt -20.7598 62.2813 0.0000
vt -23.3192 65.3999 0.0000
vt -25.2211 68.9580 0.0000
vt -26.3923 72.8188 0.0000
vt -26.7878 76.8337 0.0000
vt -26.3924 80.8488 0.0000
vt -25.2213 84.7097 0.0000
vt -23.3195 88.2678 0.0000
vt -20.7600 91.3865 0.0000
vt -17.6413 93.9460 0.0000
vt -14.0832 95.8478 0.0000
vt -10.2225 97.0190 0.0000
vt -6.2074 97.4144 0.0000
vt -2.1924 97.0189 0.0000
vt 1.6684 95.8477 0.0000
vt 5.2264 93.9459 0.0000
vt 8.3451 91.3865 0.0000
vt 10.9045 88.2678 0.0000
vt 12.8063 84.7097 0.0000
vt 13.9774 80.8489 0.0000
vt -57.5211 30.6487 0.0000
vt -57.5211 26.5535 0.0000
vt -57.1331 26.5535 0.0000
vt -57.1331 30.6487 0.0000
vt -57.5211 22.4583 0.0000
vt -57.1331 22.4583 0.0000
vt -57.5211 18.3632 0.0000
vt -57.1331 18.3632 0.0000
vt -57.5211 14.2680 0.0000
vt -57.1331 14.2680 0.0000
vt -57.5211 10.1728 0.0000
vt -57.1331 10.1728 0.0000
vt -57.5211 6.0776 0.0000
vt -57.1331 6.0776 0.0000
vt -57.5211 1.9825 0.0000
vt -57.1331 1.9825 0.0000
vt -57.5211 -2.1127 0.0000
vt -57.1331 -2.1127 0.0000
vt -57.5211 -6.2079 0.0000
vt -57.1331 -6.2079 0.0000
vt -57.5211 -10.3030 0.0000
vt -57.1331 -10.3030 0.0000
vt -57.5211 -14.3982 0.0000
vt -57.1331 -14.3982 0.0000
vt -57.5211 -18.4934 0.0000
vt -57.1331 -18.4934 0.0000
vt -57.5211 -22.5886 0.0000
vt -57.1331 -22.5886 0.0000
vt -57.5211 -26.6837 0.0000
vt -57.1331 -26.6837 0.0000
vt -57.5211 -30.7789 0.0000
vt -57.1331 -30.7789 0.0000
vt -57.5211 100.2666 0.0000
vt -57.5211 96.1714 0.0000
vt -57.1331 96.1714 0.0000
vt -57.1331 100.2666 0.0000
vt -57.5211 92.0762 0.0000
vt -57.1331 92.0762 0.0000
vt -57.5211 87.9811 0.0000
vt -57.1331 87.9811 0.0000
vt -57.5211 83.8859 0.0000
vt -57.1331 83.8859 0.0000
vt -57.5211 79.7907 0.0000
vt -57.1331 79.7907 0.0000
vt -57.5211 75.6956 0.0000
vt -57.1331 75.6956 0.0000
vt -57.5211 71.6004 0.0000
vt -57.1331 71.6004 0.0000
vt -57.5211 67.5052 0.0000
vt -57.1331 67.5052 0.0000
vt -57.5211 63.4101 0.0000
vt -57.1331 63.4101 0.0000
vt -57.5211 59.3149 0.0000
vt -57.1331 59.3149 0.0000
vt -57.5211 55.2197 0.0000
vt -57.1331 55.2197 0.0000
vt -57.5211 51.1245 0.0000
vt -57.1331 51.1245 0.0000
vt -57.5211 47.0294 0.0000
vt -57.1331 47.0294 0.0000
vt -57.5211 42.9342 0.0000
vt -57.1331 42.9342 0.0000
vt -57.5211 38.8390 0.0000
vt -57.1331 38.8390 0.0000
vt -57.5211 34.7439 0.0000
vt -57.1331 34.7439 0.0000
vt 56.3356 82.4488 0.0000
vt 55.9372 86.4955 0.0000
vt 54.7569 90.3864 0.0000
vt 52.8403 93.9724 0.0000
vt 50.2608 97.1156 0.0000
vt 47.1176 99.6952 0.0000
vt 43.5316 101.6119 0.0000
vt 39.6405 102.7923 0.0000
vt 35.5941 103.1909 0.0000
vt 31.5476 102.7923 0.0000
vt 27.6565 101.6119 0.0000
vt 24.0705 99.6952 0.0000
vt 20.9274 97.1157 0.0000
vt 18.3479 93.9726 0.0000
vt 16.4312 90.3865 0.0000
vt 15.2509 86.4955 0.0000
vt 14.8524 82.4489 0.0000
vt 15.2510 78.4025 0.0000
vt 16.4313 74.5114 0.0000
vt 18.3481 70.9254 0.0000
vt 20.9275 67.7825 0.0000
vt 24.0706 65.2030 0.0000
vt 27.6566 63.2862 0.0000
vt 31.5476 62.1059 0.0000
vt 35.5940 61.7073 0.0000
vt 39.6405 62.1059 0.0000
vt 43.5315 63.2862 0.0000
vt 47.1175 65.2030 0.0000
vt 50.2606 67.7825 0.0000
vt 52.8401 70.9256 0.0000
vt 54.7568 74.5115 0.0000
vt 55.9371 78.4025 0.0000
vt 14.1356 72.7875 0.0000
vt 14.5341 76.8337 0.0000
vt 12.9553 68.8964 0.0000
vt 11.0386 65.3106 0.0000
vt 8.4592 62.1675 0.0000
vt 5.3161 59.5880 0.0000
vt 1.7301 57.6712 0.0000
vt -2.1608 56.4909 0.0000
vt -6.2074 56.0923 0.0000
vt -10.2538 56.4908 0.0000
vt -14.1448 57.6711 0.0000
vt -17.7308 59.5879 0.0000
vt -20.8739 62.1673 0.0000
vt -23.4534 65.3103 0.0000
vt -25.3702 68.8963 0.0000
vt -26.5506 72.7873 0.0000
vt -26.9491 76.8337 0.0000
vt -26.5507 80.8804 0.0000
vt -25.3703 84.7714 0.0000
vt -23.4536 88.3575 0.0000
vt -20.8741 91.5006 0.0000
vt -17.7310 94.0802 0.0000
vt -14.1450 95.9969 0.0000
vt -10.2539 97.1773 0.0000
vt -6.2074 97.5758 0.0000
vt -2.1609 97.1772 0.0000
vt 1.7302 95.9968 0.0000
vt 5.3161 94.0801 0.0000
vt 8.4592 91.5006 0.0000
vt 11.0387 88.3575 0.0000
vt 12.9554 84.7714 0.0000
vt 14.1356 80.8804 0.0000
vt 56.4841 82.4488 0.0000
vt 56.0828 86.5244 0.0000
vt 54.8941 90.4432 0.0000
vt 52.9637 94.0549 0.0000
vt 50.3657 97.2205 0.0000
vt 47.2000 99.8186 0.0000
vt 43.5884 101.7491 0.0000
vt 39.6695 102.9378 0.0000
vt 35.5941 103.3393 0.0000
vt 31.5186 102.9379 0.0000
vt 27.5997 101.7491 0.0000
vt 23.9880 99.8186 0.0000
vt 20.8225 97.2206 0.0000
vt 18.2245 94.0551 0.0000
vt 16.2941 90.4434 0.0000
vt 15.1053 86.5245 0.0000
vt 14.7040 82.4488 0.0000
vt 15.1054 78.3734 0.0000
vt 16.2942 74.4545 0.0000
vt 18.2247 70.8430 0.0000
vt 20.8226 67.6775 0.0000
vt 23.9881 65.0795 0.0000
vt 27.5998 63.1491 0.0000
vt 31.5186 61.9604 0.0000
vt 35.5940 61.5589 0.0000
vt 39.6694 61.9603 0.0000
vt 43.5883 63.1491 0.0000
vt 47.2000 65.0795 0.0000
vt 50.3656 67.6776 0.0000
vt 52.9635 70.8431 0.0000
vt 54.8939 74.4547 0.0000
vt 56.0827 78.3735 0.0000
vt 14.2812 72.7585 0.0000
vt 14.6825 76.8337 0.0000
vt 13.0924 68.8397 0.0000
vt 11.1620 65.2281 0.0000
vt 8.5642 62.0625 0.0000
vt 5.3986 59.4646 0.0000
vt 1.7869 57.5342 0.0000
vt -2.1319 56.3454 0.0000
vt -6.2074 55.9438 0.0000
vt -10.2828 56.3453 0.0000
vt -14.2016 57.5341 0.0000
vt -17.8132 59.4644 0.0000
vt -20.9788 62.0624 0.0000
vt -23.5768 65.2279 0.0000
vt -25.5073 68.8395 0.0000
vt -26.6961 72.7583 0.0000
vt -27.0975 76.8337 0.0000
vt -26.6962 80.9093 0.0000
vt -25.5075 84.8282 0.0000
vt -23.5770 88.4398 0.0000
vt -20.9790 91.6056 0.0000
vt -17.8134 94.2036 0.0000
vt -14.2018 96.1340 0.0000
vt -10.2829 97.3228 0.0000
vt -6.2074 97.7242 0.0000
vt -2.1319 97.3228 0.0000
vt 1.7870 96.1339 0.0000
vt 5.3986 94.2035 0.0000
vt 8.5641 91.6056 0.0000
vt 11.1621 88.4399 0.0000
vt 13.0925 84.8282 0.0000
vt 14.2812 80.9093 0.0000
vt -57.6689 30.6487 0.0000
vt -57.6689 26.5535 0.0000
vt -56.9853 26.5535 0.0000
vt -56.9853 30.6487 0.0000
vt -57.6689 22.4583 0.0000
vt -56.9853 22.4583 0.0000
vt -57.6689 18.3632 0.0000
vt -56.9853 18.3632 0.0000
vt -57.6689 14.2680 0.0000
vt -56.9853 14.2680 0.0000
vt -57.6689 10.1728 0.0000
vt -56.9853 10.1728 0.0000
vt -57.6689 6.0776 0.0000
vt -56.9853 6.0776 0.0000
vt -57.6689 1.9825 0.0000
vt -56.9853 1.9825 0.0000
vt -57.6689 -2.1127 0.0000
vt -56.9853 -2.1127 0.0000
vt -57.6689 -6.2079 0.0000
vt -56.9853 -6.2079 0.0000
vt -57.6689 -10.3030 0.0000
vt -56.9853 -10.3030 0.0000
vt -57.6689 -14.3982 0.0000
vt -56.9853 -14.3982 0.0000
vt -57.6689 -18.4934 0.0000
vt -56.9853 -18.4934 0.0000
vt -57.6689 -22.5886 0.0000
vt -56.9853 -22.5886 0.0000
vt -57.6689 -26.6837 0.0000
vt -56.9853 -26.6837 0.0000
vt -57.6689 -30.7789 0.0000
vt -56.9853 -30.7789 0.0000
vt -57.6689 100.2666 0.0000
vt -57.6689 96.1714 0.0000
vt -56.9853 96.1714 0.0000
vt -56.9853 100.2666 0.0000
vt -57.6689 92.0762 0.0000
vt -56.9853 92.0762 0.0000
vt -57.6689 87.9811 0.0000
vt -56.9853 87.9811 0.0000
vt -57.6689 83.8859 0.0000
vt -56.9853 83.8859 0.0000
vt -57.6689 79.7907 0.0000
vt -56.9853 79.7907 0.0000
vt -57.6689 75.6956 0.0000
vt -56.9853 75.6956 0.0000
vt -57.6689 71.6004 0.0000
vt -56.9853 71.6004 0.0000
vt -57.6689 67.5052 0.0000
vt -56.9853 67.5052 0.0000
vt -57.6689 63.4101 0.0000
vt -56.9853 63.4101 0.0000
vt -57.6689 59.3149 0.0000
vt -56.9853 59.3149 0.0000
vt -57.6689 55.2197 0.0000
vt -56.9853 55.2197 0.0000
vt -57.6689 51.1245 0.0000
vt -56.9853 51.1245 0.0000
vt -57.6689 47.0294 0.0000
vt -56.9853 47.0294 0.0000
vt -57.6689 42.9342 0.0000
vt -56.9853 42.9342 0.0000
vt -57.6689 38.8390 0.0000
vt -56.9853 38.8390 0.0000
vt -57.6689 34.7439 0.0000
vt -56.9853 34.7439 0.0000
# 2657 texture coords

o Bulb_GU10_led_004
g Bulb_GU10_led_004
usemtl wire_135110008
s 1
f 1345/1350/573 1346/1351/574 1347/1352/575 
f 1347/1352/575 1346/1351/574 1348/1353/576 1349/1354/577 
f 1350/1355/578 1351/1356/579 1352/1357/580 1353/1358/581 
f 1354/1359/582 1355/1360/583 1356/1361/584 1357/1362/585 
f 1358/1363/586 1359/1364/587 1360/1365/587 1361/1366/586 
f 1362/1367/588 1363/1368/589 1364/1369/590 1365/1370/591 
f 1365/1370/591 1364/1369/590 1366/1371/592 1367/1372/593 
f 1367/1372/593 1366/1371/592 1368/1373/594 1369/1374/595 
f 1370/1375/596 1371/1376/597 1372/1377/587 
f 1373/1378/598 1374/1379/598 1375/1380/598 
f 1376/1381/599 1377/1382/600 1378/1383/601 1379/1384/602 
f 1377/1382/600 1376/1381/599 1380/1385/603 1381/1386/604 
f 1381/1386/604 1380/1385/603 1382/1387/605 1383/1388/606 
f 1383/1388/606 1382/1387/605 1384/1389/607 1385/1390/608 
f 1345/1350/573 1386/1391/609 1387/1392/610 1346/1351/574 
f 1346/1351/574 1387/1392/610 1388/1393/611 1348/1353/576 
f 1351/1356/579 1389/1394/612 1390/1395/613 1352/1357/580 
f 1355/1360/583 1391/1396/614 1392/1397/615 1356/1361/584 
f 1359/1364/587 1393/1398/587 1394/1399/587 1360/1365/587 
f 1386/1391/609 1395/1400/616 1387/1392/610 
f 1387/1392/610 1395/1400/616 1396/1401/617 1388/1393/611 
f 1389/1394/612 1397/1402/618 1398/1403/619 1390/1395/613 
f 1391/1396/614 1399/1404/620 1400/1405/621 1392/1397/615 
f 1393/1398/587 1401/1406/587 1402/1407/622 1394/1399/587 
f 1363/1368/589 1403/1408/623 1404/1409/624 1364/1369/590 
f 1364/1369/590 1404/1409/624 1405/1410/625 1366/1371/592 
f 1366/1371/592 1405/1410/625 1406/1411/626 1368/1373/594 
f 1371/1376/597 1407/1412/627 1372/1377/587 
f 1373/1378/598 1408/1413/598 1374/1379/598 
f 1409/1414/628 1376/1381/599 1379/1384/602 1410/1415/629 
f 1376/1381/599 1409/1414/628 1411/1416/630 1380/1385/603 
f 1380/1385/603 1411/1416/630 1412/1417/631 1382/1387/605 
f 1382/1387/605 1412/1417/631 1413/1418/632 1384/1389/607 
f 1386/1391/609 1414/1419/633 1415/1420/634 1395/1400/616 
f 1395/1400/616 1415/1420/634 1416/1421/635 1396/1401/617 
f 1397/1402/618 1417/1422/636 1418/1423/637 1398/1403/619 
f 1399/1404/620 1419/1424/638 1420/1425/639 1400/1405/621 
f 1401/1406/587 1421/1426/586 1422/1427/586 1402/1407/622 
f 1414/1419/633 1423/1428/640 1415/1420/634 
f 1415/1420/634 1423/1428/640 1424/1429/641 1416/1421/635 
f 1417/1422/636 1425/1430/642 1426/1431/643 1418/1423/637 
f 1419/1424/638 1427/1432/644 1428/1433/645 1420/1425/639 
f 1421/1426/586 1429/1434/586 1430/1435/586 1422/1427/586 
f 1403/1408/623 1431/1436/646 1432/1437/647 1404/1409/624 
f 1404/1409/624 1432/1437/647 1433/1438/648 1405/1410/625 
f 1405/1410/625 1433/1438/648 1434/1439/649 1406/1411/626 
f 1407/1412/627 1435/1440/650 1372/1377/587 
f 1373/1378/598 1436/1441/598 1408/1413/598 
f 1437/1442/651 1409/1414/628 1410/1415/629 1438/1443/652 
f 1409/1414/628 1437/1442/651 1439/1444/653 1411/1416/630 
f 1411/1416/630 1439/1444/653 1440/1445/654 1412/1417/631 
f 1412/1417/631 1440/1445/654 1441/1446/655 1413/1418/632 
f 1414/1419/633 1442/1447/656 1443/1448/657 1423/1428/640 
f 1423/1428/640 1443/1448/657 1444/1449/658 1424/1429/641 
f 1425/1430/642 1445/1450/659 1446/1451/660 1426/1431/643 
f 1427/1432/644 1447/1452/661 1448/1453/662 1428/1433/645 
f 1429/1434/586 1449/1454/587 1450/1455/587 1430/1435/586 
f 1442/1447/656 1451/1456/663 1443/1448/657 
f 1443/1448/657 1451/1456/663 1452/1457/664 1444/1449/658 
f 1445/1450/659 1453/1458/665 1454/1459/666 1446/1451/660 
f 1447/1452/661 1455/1460/667 1456/1461/668 1448/1453/662 
f 1449/1454/587 1457/1462/587 1458/1463/587 1450/1455/587 
f 1431/1436/646 1459/1464/669 1460/1465/670 1432/1437/647 
f 1432/1437/647 1460/1465/670 1461/1466/671 1433/1438/648 
f 1433/1438/648 1461/1466/671 1462/1467/672 1434/1439/649 
f 1435/1440/650 1463/1468/673 1372/1377/587 
f 1373/1378/598 1464/1469/598 1436/1441/598 
f 1465/1470/674 1437/1442/651 1438/1443/652 1466/1471/675 
f 1437/1442/651 1465/1470/674 1467/1472/676 1439/1444/653 
f 1439/1444/653 1467/1472/676 1468/1473/677 1440/1445/654 
f 1440/1445/654 1468/1473/677 1469/1474/678 1441/1446/655 
f 1442/1447/656 1470/1475/679 1471/1476/680 1451/1456/663 
f 1451/1456/663 1471/1476/680 1472/1477/681 1452/1457/664 
f 1453/1458/665 1473/1478/682 1474/1479/683 1454/1459/666 
f 1455/1460/667 1475/1480/684 1476/1481/685 1456/1461/668 
f 1457/1462/587 1477/1482/587 1478/1483/587 1458/1463/587 
f 1470/1475/679 1479/1484/686 1471/1476/680 
f 1471/1476/680 1479/1484/686 1480/1485/687 1472/1477/681 
f 1473/1478/682 1481/1486/688 1482/1487/689 1474/1479/683 
f 1475/1480/684 1483/1488/690 1484/1489/691 1476/1481/685 
f 1477/1482/587 1485/1490/587 1486/1491/587 1478/1483/587 
f 1459/1464/669 1487/1492/692 1488/1493/693 1460/1465/670 
f 1460/1465/670 1488/1493/693 1489/1494/694 1461/1466/671 
f 1461/1466/671 1489/1494/694 1490/1495/695 1462/1467/672 
f 1463/1468/673 1491/1496/696 1372/1377/587 
f 1373/1378/598 1492/1497/598 1464/1469/598 
f 1493/1498/697 1465/1470/674 1466/1471/675 1494/1499/698 
f 1465/1470/674 1493/1498/697 1495/1500/699 1467/1472/676 
f 1467/1472/676 1495/1500/699 1496/1501/700 1468/1473/677 
f 1468/1473/677 1496/1501/700 1497/1502/701 1469/1474/678 
f 1470/1475/679 1498/1503/702 1499/1504/703 1479/1484/686 
f 1479/1484/686 1499/1504/703 1500/1505/704 1480/1485/687 
f 1481/1486/688 1501/1506/705 1502/1507/706 1482/1487/689 
f 1483/1488/690 1503/1508/707 1504/1509/708 1484/1489/691 
f 1485/1490/587 1505/1510/587 1506/1511/586 1486/1491/587 
f 1498/1503/702 1507/1512/709 1499/1504/703 
f 1499/1504/703 1507/1512/709 1508/1513/710 1500/1505/704 
f 1501/1506/705 1509/1514/711 1510/1515/712 1502/1507/706 
f 1503/1508/707 1511/1516/713 1512/1517/714 1504/1509/708 
f 1505/1510/587 1513/1518/587 1514/1519/587 1506/1511/586 
f 1487/1492/692 1515/1520/715 1516/1521/716 1488/1493/693 
f 1488/1493/693 1516/1521/716 1517/1522/717 1489/1494/694 
f 1489/1494/694 1517/1522/717 1518/1523/718 1490/1495/695 
f 1491/1496/696 1519/1524/719 1372/1377/587 
f 1373/1378/598 1520/1525/598 1492/1497/598 
f 1521/1526/720 1493/1498/697 1494/1499/698 1522/1527/721 
f 1493/1498/697 1521/1526/720 1523/1528/722 1495/1500/699 
f 1495/1500/699 1523/1528/722 1524/1529/723 1496/1501/700 
f 1496/1501/700 1524/1529/723 1525/1530/724 1497/1502/701 
f 1498/1503/702 1526/1531/725 1527/1532/726 1507/1512/709 
f 1507/1512/709 1527/1532/726 1528/1533/727 1508/1513/710 
f 1509/1514/711 1529/1534/728 1530/1535/729 1510/1515/712 
f 1511/1516/713 1531/1536/730 1532/1537/731 1512/1517/714 
f 1513/1518/587 1533/1538/587 1534/1539/587 1514/1519/587 
f 1526/1531/725 1535/1540/732 1527/1532/726 
f 1527/1532/726 1535/1540/732 1536/1541/733 1528/1533/727 
f 1529/1534/728 1537/1542/734 1538/1543/735 1530/1535/729 
f 1531/1536/730 1539/1544/736 1540/1545/737 1532/1537/731 
f 1533/1538/587 1541/1546/587 1542/1547/587 1534/1539/587 
f 1515/1520/715 1543/1548/738 1544/1549/739 1516/1521/716 
f 1516/1521/716 1544/1549/739 1545/1550/740 1517/1522/717 
f 1517/1522/717 1545/1550/740 1546/1551/741 1518/1523/718 
f 1519/1524/719 1547/1552/742 1372/1377/587 
f 1373/1378/598 1548/1553/598 1520/1525/598 
f 1549/1554/743 1521/1526/720 1522/1527/721 1550/1555/744 
f 1521/1526/720 1549/1554/743 1551/1556/745 1523/1528/722 
f 1523/1528/722 1551/1556/745 1552/1557/746 1524/1529/723 
f 1524/1529/723 1552/1557/746 1553/1558/747 1525/1530/724 
f 1526/1531/725 1554/1559/748 1555/1560/749 1535/1540/732 
f 1535/1540/732 1555/1560/749 1556/1561/750 1536/1541/733 
f 1537/1542/734 1557/1562/751 1558/1563/752 1538/1543/735 
f 1539/1544/736 1559/1564/753 1560/1565/754 1540/1545/737 
f 1541/1546/587 1561/1566/587 1562/1567/755 1542/1547/587 
f 1554/1559/748 1563/1568/756 1555/1560/749 
f 1555/1560/749 1563/1568/756 1564/1569/757 1556/1561/750 
f 1557/1562/751 1565/1570/758 1566/1571/759 1558/1563/752 
f 1559/1564/753 1567/1572/760 1568/1573/761 1560/1565/754 
f 1561/1566/587 1569/1574/587 1570/1575/587 1562/1567/755 
f 1543/1548/738 1571/1576/585 1572/1577/762 1544/1549/739 
f 1544/1549/739 1572/1577/762 1573/1578/763 1545/1550/740 
f 1545/1550/740 1573/1578/763 1574/1579/764 1546/1551/741 
f 1547/1552/742 1575/1580/765 1372/1377/587 
f 1373/1378/598 1576/1581/598 1548/1553/598 
f 1577/1582/766 1549/1554/743 1550/1555/744 1578/1583/767 
f 1549/1554/743 1577/1582/766 1579/1584/768 1551/1556/745 
f 1551/1556/745 1579/1584/768 1580/1585/769 1552/1557/746 
f 1552/1557/746 1580/1585/769 1581/1586/770 1553/1558/747 
f 1554/1559/748 1582/1587/771 1583/1588/772 1563/1568/756 
f 1563/1568/756 1583/1588/772 1584/1589/773 1564/1569/757 
f 1565/1570/758 1585/1590/774 1586/1591/775 1566/1571/759 
f 1567/1572/760 1587/1592/776 1588/1593/777 1568/1573/761 
f 1569/1574/587 1589/1594/755 1590/1595/755 1570/1575/587 
f 1582/1587/771 1591/1596/778 1583/1588/772 
f 1583/1588/772 1591/1596/778 1592/1597/779 1584/1589/773 
f 1585/1590/774 1593/1598/780 1594/1599/781 1586/1591/775 
f 1587/1592/776 1595/1600/782 1596/1601/783 1588/1593/777 
f 1589/1594/755 1597/1602/587 1598/1603/755 1590/1595/755 
f 1571/1576/585 1599/1604/784 1600/1605/785 1572/1577/762 
f 1572/1577/762 1600/1605/785 1601/1606/786 1573/1578/763 
f 1573/1578/763 1601/1606/786 1602/1607/787 1574/1579/764 
f 1575/1580/765 1603/1608/788 1372/1377/587 
f 1373/1378/598 1604/1609/598 1576/1581/598 
f 1605/1610/789 1577/1582/766 1578/1583/767 1606/1611/790 
f 1577/1582/766 1605/1610/789 1607/1612/791 1579/1584/768 
f 1579/1584/768 1607/1612/791 1608/1613/792 1580/1585/769 
f 1580/1585/769 1608/1613/792 1609/1614/793 1581/1586/770 
f 1582/1587/771 1610/1615/794 1611/1616/795 1591/1596/778 
f 1591/1596/778 1611/1616/795 1612/1617/796 1592/1597/779 
f 1593/1598/780 1613/1618/797 1614/1619/798 1594/1599/781 
f 1595/1600/782 1615/1620/799 1616/1621/800 1596/1601/783 
f 1597/1602/587 1617/1622/587 1618/1623/587 1598/1603/755 
f 1610/1615/794 1619/1624/801 1611/1616/795 
f 1611/1616/795 1619/1624/801 1620/1625/802 1612/1617/796 
f 1613/1618/797 1621/1626/803 1622/1627/804 1614/1619/798 
f 1615/1620/799 1623/1628/805 1624/1629/806 1616/1621/800 
f 1617/1622/587 1625/1630/587 1626/1631/587 1618/1623/587 
f 1599/1604/784 1627/1632/639 1628/1633/807 1600/1605/785 
f 1600/1605/785 1628/1633/807 1629/1634/808 1601/1606/786 
f 1601/1606/786 1629/1634/808 1630/1635/809 1602/1607/787 
f 1603/1608/788 1631/1636/810 1372/1377/587 
f 1373/1378/598 1632/1637/598 1604/1609/598 
f 1633/1638/811 1605/1610/789 1606/1611/790 1634/1639/812 
f 1605/1610/789 1633/1638/811 1635/1640/813 1607/1612/791 
f 1607/1612/791 1635/1640/813 1636/1641/814 1608/1613/792 
f 1608/1613/792 1636/1641/814 1637/1642/815 1609/1614/793 
f 1610/1615/794 1638/1643/816 1639/1644/817 1619/1624/801 
f 1619/1624/801 1639/1644/817 1640/1645/818 1620/1625/802 
f 1621/1626/803 1641/1646/819 1642/1647/820 1622/1627/804 
f 1623/1628/805 1643/1648/821 1644/1649/822 1624/1629/806 
f 1625/1630/587 1645/1650/587 1646/1651/587 1626/1631/587 
f 1638/1643/816 1647/1652/823 1639/1644/817 
f 1639/1644/817 1647/1652/823 1648/1653/824 1640/1645/818 
f 1641/1646/819 1649/1654/825 1650/1655/826 1642/1647/820 
f 1643/1648/821 1651/1656/827 1652/1657/828 1644/1649/822 
f 1645/1650/587 1653/1658/755 1654/1659/755 1646/1651/587 
f 1627/1632/639 1655/1660/662 1656/1661/829 1628/1633/807 
f 1628/1633/807 1656/1661/829 1657/1662/830 1629/1634/808 
f 1629/1634/808 1657/1662/830 1658/1663/831 1630/1635/809 
f 1631/1636/810 1659/1664/832 1372/1377/587 
f 1373/1378/598 1660/1665/598 1632/1637/598 
f 1661/1666/833 1633/1638/811 1634/1639/812 1662/1667/834 
f 1633/1638/811 1661/1666/833 1663/1668/835 1635/1640/813 
f 1635/1640/813 1663/1668/835 1664/1669/836 1636/1641/814 
f 1636/1641/814 1664/1669/836 1665/1670/837 1637/1642/815 
f 1638/1643/816 1666/1671/838 1667/1672/839 1647/1652/823 
f 1647/1652/823 1667/1672/839 1668/1673/840 1648/1653/824 
f 1649/1654/825 1669/1674/841 1670/1675/842 1650/1655/826 
f 1651/1656/827 1671/1676/843 1672/1677/646 1652/1657/828 
f 1653/1658/755 1673/1678/587 1674/1679/587 1654/1659/755 
f 1666/1671/838 1675/1680/844 1667/1672/839 
f 1667/1672/839 1675/1680/844 1676/1681/845 1668/1673/840 
f 1669/1674/841 1677/1682/846 1678/1683/847 1670/1675/842 
f 1671/1676/843 1679/1684/848 1680/1685/849 1672/1677/646 
f 1673/1678/587 1681/1686/755 1682/1687/755 1674/1679/587 
f 1655/1660/662 1683/1688/850 1684/1689/851 1656/1661/829 
f 1656/1661/829 1684/1689/851 1685/1690/852 1657/1662/830 
f 1657/1662/830 1685/1690/852 1686/1691/853 1658/1663/831 
f 1659/1664/832 1687/1692/854 1372/1377/587 
f 1373/1378/598 1688/1693/598 1660/1665/598 
f 1689/1694/855 1661/1666/833 1662/1667/834 1690/1695/856 
f 1661/1666/833 1689/1694/855 1691/1696/857 1663/1668/835 
f 1663/1668/835 1691/1696/857 1692/1697/858 1664/1669/836 
f 1664/1669/836 1692/1697/858 1693/1698/859 1665/1670/837 
f 1666/1671/838 1694/1699/860 1695/1700/861 1675/1680/844 
f 1675/1680/844 1695/1700/861 1696/1701/862 1676/1681/845 
f 1677/1682/846 1697/1702/863 1698/1703/864 1678/1683/847 
f 1679/1684/848 1699/1704/865 1700/1705/866 1680/1685/849 
f 1681/1686/755 1701/1706/755 1702/1707/755 1682/1687/755 
f 1694/1708/860 1703/1709/867 1695/1710/861 
f 1695/1710/861 1703/1709/867 1704/1711/868 1696/1712/862 
f 1697/1713/863 1705/1714/869 1706/1715/870 1698/1716/864 
f 1699/1717/865 1707/1718/871 1708/1719/872 1700/1720/866 
f 1701/1721/755 1709/1722/622 1710/1723/622 1702/1724/755 
f 1683/1725/850 1711/1726/873 1712/1727/874 1684/1728/851 
f 1684/1728/851 1712/1727/874 1713/1729/875 1685/1730/852 
f 1685/1730/852 1713/1729/875 1714/1731/876 1686/1732/853 
f 1687/1692/854 1715/1733/877 1372/1377/587 
f 1373/1378/598 1716/1734/598 1688/1693/598 
f 1717/1735/878 1689/1736/855 1690/1737/856 1718/1738/879 
f 1689/1736/855 1717/1735/878 1719/1739/880 1691/1740/857 
f 1691/1740/857 1719/1739/880 1720/1741/881 1692/1742/858 
f 1692/1742/858 1720/1741/881 1721/1743/882 1693/1744/859 
f 1694/1708/860 1722/1745/883 1723/1746/884 1703/1709/867 
f 1703/1709/867 1723/1746/884 1724/1747/885 1704/1711/868 
f 1705/1714/869 1725/1748/886 1726/1749/887 1706/1715/870 
f 1707/1718/871 1727/1750/888 1728/1751/692 1708/1719/872 
f 1709/1722/622 1729/1752/587 1730/1753/755 1710/1723/622 
f 1722/1745/883 1731/1754/889 1723/1746/884 
f 1723/1746/884 1731/1754/889 1732/1755/890 1724/1747/885 
f 1725/1748/886 1733/1756/891 1734/1757/892 1726/1749/887 
f 1727/1750/888 1735/1758/893 1736/1759/894 1728/1751/692 
f 1729/1752/587 1737/1760/622 1738/1761/622 1730/1753/755 
f 1711/1726/873 1739/1762/895 1740/1763/896 1712/1727/874 
f 1712/1727/874 1740/1763/896 1741/1764/897 1713/1729/875 
f 1713/1729/875 1741/1764/897 1742/1765/898 1714/1731/876 
f 1715/1733/877 1743/1766/899 1372/1377/587 
f 1373/1378/598 1744/1767/598 1716/1734/598 
f 1745/1768/900 1717/1735/878 1718/1738/879 1746/1769/901 
f 1717/1735/878 1745/1768/900 1747/1770/902 1719/1739/880 
f 1719/1739/880 1747/1770/902 1748/1771/903 1720/1741/881 
f 1720/1741/881 1748/1771/903 1749/1772/904 1721/1743/882 
f 1722/1745/883 1750/1773/905 1751/1774/906 1731/1754/889 
f 1731/1754/889 1751/1774/906 1752/1775/907 1732/1755/890 
f 1733/1756/891 1753/1776/908 1754/1777/909 1734/1757/892 
f 1735/1758/893 1755/1778/910 1756/1779/715 1736/1759/894 
f 1737/1760/622 1757/1780/587 1758/1781/586 1738/1761/622 
f 1750/1773/905 1759/1782/911 1751/1774/906 
f 1751/1774/906 1759/1782/911 1760/1783/912 1752/1775/907 
f 1753/1776/908 1761/1784/913 1762/1785/914 1754/1777/909 
f 1755/1778/910 1763/1786/915 1764/1787/916 1756/1779/715 
f 1757/1780/587 1765/1788/587 1766/1789/587 1758/1781/586 
f 1739/1762/895 1767/1790/917 1768/1791/918 1740/1763/896 
f 1740/1763/896 1768/1791/918 1769/1792/919 1741/1764/897 
f 1741/1764/897 1769/1792/919 1770/1793/920 1742/1765/898 
f 1743/1766/899 1771/1794/921 1372/1377/587 
f 1373/1378/598 1772/1795/598 1744/1767/598 
f 1773/1796/922 1745/1768/900 1746/1769/901 1774/1797/923 
f 1745/1768/900 1773/1796/922 1775/1798/924 1747/1770/902 
f 1747/1770/902 1775/1798/924 1776/1799/925 1748/1771/903 
f 1748/1771/903 1776/1799/925 1777/1800/926 1749/1772/904 
f 1750/1773/905 1778/1801/927 1779/1802/928 1759/1782/911 
f 1759/1782/911 1779/1802/928 1780/1803/929 1760/1783/912 
f 1761/1784/913 1781/1804/930 1782/1805/931 1762/1785/914 
f 1763/1786/915 1783/1806/932 1784/1807/738 1764/1787/916 
f 1765/1788/587 1785/1808/587 1786/1809/587 1766/1789/587 
f 1778/1801/927 1787/1810/933 1779/1802/928 
f 1779/1802/928 1787/1810/933 1788/1811/934 1780/1803/929 
f 1781/1804/930 1789/1812/935 1790/1813/936 1782/1805/931 
f 1783/1806/932 1791/1814/937 1792/1815/938 1784/1807/738 
f 1785/1808/587 1793/1816/587 1794/1817/755 1786/1809/587 
f 1767/1790/917 1362/1367/588 1365/1370/591 1768/1791/918 
f 1768/1791/918 1365/1370/591 1367/1372/593 1769/1792/919 
f 1769/1792/919 1367/1372/593 1369/1374/595 1770/1793/920 
f 1771/1794/921 1370/1375/596 1372/1377/587 
f 1373/1378/598 1375/1380/598 1772/1795/598 
f 1377/1382/600 1773/1796/922 1774/1797/923 1378/1383/601 
f 1773/1796/922 1377/1382/600 1381/1386/604 1775/1798/924 
f 1775/1798/924 1381/1386/604 1383/1388/606 1776/1799/925 
f 1776/1799/925 1383/1388/606 1385/1390/608 1777/1800/926 
f 1778/1801/927 1345/1350/573 1347/1352/575 1787/1810/933 
f 1787/1810/933 1347/1352/575 1349/1354/577 1788/1811/934 
f 1789/1812/935 1350/1355/578 1353/1358/581 1790/1813/936 
f 1791/1814/937 1354/1359/582 1357/1362/585 1792/1815/938 
f 1793/1816/587 1358/1363/586 1361/1366/586 1794/1817/755 
f 1795/1818/939 1796/1819/940 1797/1820/941 1798/1821/942 
f 1799/1822/943 1800/1823/944 1801/1824/945 1802/1825/946 
f 1803/1826/947 1804/1827/948 1805/1828/949 1806/1829/950 
f 1807/1830/951 1808/1831/952 1809/1832/953 1810/1833/954 
f 1811/1834/955 1812/1835/956 1813/1836/957 1814/1837/958 
f 1815/1838/959 1816/1839/960 1817/1840/961 1818/1841/962 
f 1819/1842/963 1820/1843/964 1821/1844/965 1822/1845/966 
f 1823/1846/967 1824/1847/968 1825/1848/969 1826/1849/970 
f 1827/1850/971 1828/1851/972 1829/1852/973 1830/1853/974 
f 1831/1854/975 1832/1855/976 1833/1856/977 1834/1857/978 
f 1835/1858/979 1836/1859/980 1837/1860/981 1838/1861/982 
f 1839/1862/983 1840/1863/984 1841/1864/985 1842/1865/986 
f 1843/1866/987 1844/1867/988 1845/1868/989 1846/1869/990 
f 1847/1870/991 1848/1871/992 1849/1872/993 1850/1873/994 
f 1851/1874/995 1852/1875/996 1853/1876/997 1854/1877/998 
f 1855/1878/999 1856/1879/1000 1857/1880/1001 1858/1881/1002 
f 1859/1882/1003 1860/1883/1004 1861/1884/1005 1862/1885/1006 
f 1863/1886/1007 1864/1887/1008 1865/1888/1009 1866/1889/1010 
f 1867/1890/1011 1868/1891/1012 1869/1892/1013 1870/1893/1014 
f 1871/1894/1015 1872/1895/1016 1873/1896/1017 1874/1897/1018 
f 1875/1898/1019 1876/1899/1020 1877/1900/1021 1878/1901/1022 
f 1879/1902/1023 1880/1903/1024 1881/1904/1025 1882/1905/1026 
f 1883/1906/1027 1884/1907/1028 1885/1908/1029 1886/1909/1030 
f 1887/1910/1031 1888/1911/1032 1889/1912/1033 1890/1913/1034 
f 1891/1914/1035 1892/1915/1036 1893/1916/1037 1894/1917/1038 
f 1895/1918/1039 1896/1919/1040 1897/1920/1041 1898/1921/1042 
f 1899/1922/1043 1900/1923/1044 1901/1924/1045 1902/1925/1046 
f 1903/1926/1047 1904/1927/1048 1905/1928/1049 1906/1929/1050 
f 1907/1930/1051 1908/1931/1052 1909/1932/1053 1910/1933/1054 
f 1911/1934/1055 1912/1935/1056 1913/1936/1057 1914/1937/1058 
f 1915/1938/1059 1916/1939/1060 1917/1940/1061 1918/1941/1062 
f 1919/1942/1063 1920/1943/1064 1921/1944/1065 1922/1945/1066 
f 1923/1946/1067 1924/1947/1068 1925/1948/1069 1926/1949/1070 
f 1927/1950/1071 1928/1951/1072 1929/1952/1073 1930/1953/1074 
f 1931/1954/1075 1932/1955/1076 1933/1956/1077 1934/1957/1078 
f 1935/1958/1079 1936/1959/1080 1937/1960/1081 1938/1961/1082 
f 1939/1962/1083 1940/1963/1084 1941/1964/1085 1942/1965/1086 
f 1943/1966/1087 1944/1967/1088 1945/1968/1089 1946/1969/1090 
f 1947/1970/1091 1948/1971/1092 1949/1972/1093 1950/1973/1094 
f 1951/1974/1095 1952/1975/1096 1953/1976/1097 1954/1977/1098 
f 1955/1978/1099 1956/1979/1100 1957/1980/1101 1958/1981/1102 
f 1959/1982/1103 1960/1983/1104 1961/1984/1105 1962/1985/1106 
f 1963/1986/1107 1964/1987/1108 1965/1988/1109 1966/1989/1110 
f 1967/1990/1111 1968/1991/1112 1969/1992/1113 1970/1993/1114 
f 1971/1994/1115 1972/1995/1116 1973/1996/1117 1974/1997/1118 
f 1975/1998/1119 1976/1999/1120 1977/2000/1121 1978/2001/1122 
f 1979/2002/1123 1980/2003/1124 1981/2004/1125 1982/2005/1126 
f 1983/2006/1127 1984/2007/1128 1985/2008/1129 1986/2009/1130 
f 1987/2010/1131 1988/2011/1132 1989/2012/1133 1990/2013/1134 
f 1991/2014/1135 1992/2015/1136 1993/2016/1137 1994/2017/1138 
f 1995/2018/1139 1996/2019/1140 1997/2020/1141 1998/2021/1142 
f 1999/2022/1143 2000/2023/1144 2001/2024/1145 2002/2025/1146 
f 2003/2026/1147 2004/2027/1148 2005/2028/1149 2006/2029/1150 
f 2007/2030/1151 2008/2031/1152 2009/2032/1153 2010/2033/1154 
f 2011/2034/1155 2012/2035/1156 2013/2036/1157 2014/2037/1158 
f 2015/2038/1159 2016/2039/1160 2017/2040/1161 2018/2041/1162 
f 2019/2042/1163 2020/2043/1164 2021/2044/1165 2022/2045/1166 
f 2023/2046/1167 2024/2047/1168 2025/2048/1169 2026/2049/1170 
f 2027/2050/1171 2028/2051/1172 2029/2052/1173 2030/2053/1174 
f 2031/2054/1175 2032/2055/1176 2033/2056/1177 2034/2057/1178 
f 2035/2058/1179 2036/2059/1180 2037/2060/1181 2038/2061/1182 
f 2039/2062/1183 2040/2063/1184 2041/2064/1185 2042/2065/1186 
f 2043/2066/1187 2044/2067/1188 2045/2068/1189 2046/2069/1190 
f 2047/2070/1191 2048/2071/1192 2049/2072/1193 2050/2073/1194 
f 2051/2074/1195 2052/2075/1196 2053/2076/1197 2054/2077/1198 
f 2055/2078/1199 2056/2079/1200 2057/2080/1201 2058/2081/1202 
f 2059/2082/1203 2060/2083/1204 2061/2084/1205 2062/2085/1206 
f 2063/2086/1207 2064/2087/1208 2065/2088/1209 2066/2089/1210 
f 2067/2090/1211 2068/2091/1212 2069/2092/1213 2070/2093/1214 
f 2071/2094/1215 2072/2095/1216 2073/2096/1217 2074/2097/1218 
f 2075/2098/1219 2076/2099/1220 2077/2100/1221 2078/2101/1222 
f 2079/2102/1223 2080/2103/1224 2081/2104/1225 2082/2105/1226 
f 2083/2106/1227 2084/2107/1228 2085/2108/1229 2086/2109/1230 
f 2087/2110/1231 2088/2111/1232 2089/2112/1233 2090/2113/1234 
f 2091/2114/1235 2092/2115/1236 2093/2116/1237 2094/2117/1238 
f 2095/2118/1239 2096/2119/1240 2097/2120/1241 2098/2121/1242 
f 2099/2122/1243 2100/2123/1244 2101/2124/1245 2102/2125/1246 
f 2103/2126/1247 2104/2127/1248 2105/2128/1249 2106/2129/1250 
f 2107/2130/1251 2108/2131/1252 2109/2132/1253 2110/2133/1254 
f 2111/2134/1255 2112/2135/1256 2113/2136/1257 2114/2137/1258 
f 2115/2138/1259 2116/2139/1260 2117/2140/1261 2118/2141/1262 
f 2119/2142/1263 2120/2143/1264 2121/2144/1265 2122/2145/1266 
f 2123/2146/1267 2124/2147/1268 2125/2148/1269 2126/2149/1270 
f 2127/2150/1271 2128/2151/1272 2129/2152/1273 2130/2153/1274 
f 2131/2154/1275 2132/2155/1276 2133/2156/1277 2134/2157/1278 
f 2135/2158/1279 2136/2159/1280 2137/2160/1281 2138/2161/1282 
f 2139/2162/1283 2140/2163/1284 2141/2164/1285 2142/2165/1286 
f 2143/2166/1287 2144/2167/1288 2145/2168/1289 2146/2169/1290 
f 2147/2170/1291 2148/2171/1292 2149/2172/1293 2150/2173/1294 
f 2151/2174/1295 2152/2175/1296 2153/2176/1297 2154/2177/1298 
f 2155/2178/1299 2156/2179/1300 2157/2180/1301 2158/2181/1302 
f 2159/2182/1303 2160/2183/1304 2161/2184/1305 2162/2185/1306 
f 2163/2186/1307 2164/2187/1308 2165/2188/1309 2166/2189/1310 
f 2167/2190/1311 2168/2191/1312 2169/2192/1313 2170/2193/1314 
f 2171/2194/1315 2172/2195/1316 2173/2196/1317 2174/2197/1318 
f 2175/2198/1319 2176/2199/1320 2177/2200/1321 2178/2201/1322 
f 2179/2202/1323 2180/2203/1324 2181/2204/1325 2182/2205/1326 
f 2183/2206/1327 2184/2207/1328 2185/2208/1329 2186/2209/1330 
f 2187/2210/1331 2188/2211/1332 2189/2212/1333 2190/2213/1334 
f 2191/2214/1335 2192/2215/1336 2193/2216/1337 2194/2217/1338 
f 2195/2218/1339 2196/2219/1340 2197/2220/1341 2198/2221/1342 
f 2199/2222/1343 2200/2223/1344 2201/2224/1345 2202/2225/1346 
f 2203/2226/1347 2204/2227/1348 2205/2228/1349 2206/2229/1350 
f 2207/2230/1351 2208/2231/1352 2209/2232/1353 2210/2233/1354 
f 2211/2234/1355 2212/2235/1356 2213/2236/1357 2214/2237/1358 
f 2215/2238/1359 2216/2239/1360 2217/2240/1361 2218/2241/1362 
f 2219/2242/1363 2220/2243/1364 2221/2244/1365 2222/2245/1366 
f 2223/2246/1367 2224/2247/1368 2225/2248/1369 2226/2249/1370 
f 2227/2250/1371 2228/2251/1372 2229/2252/1373 2230/2253/1374 
f 2231/2254/1375 2232/2255/1376 2233/2256/1377 2234/2257/1378 
f 2235/2258/1379 2236/2259/1380 2237/2260/1381 2238/2261/1382 
f 2239/2262/1383 2240/2263/1384 2241/2264/1385 2242/2265/1386 
f 2243/2266/1387 2244/2267/1388 2245/2268/1389 2246/2269/1390 
f 2247/2270/1391 2248/2271/1392 2249/2272/1393 2250/2273/1394 
f 2251/2274/1395 2252/2275/1396 2253/2276/1397 2254/2277/1398 
f 2255/2278/1399 2256/2279/1400 2257/2280/1401 2258/2281/1402 
f 2259/2282/1403 2260/2283/1404 2261/2284/1405 2262/2285/1406 
f 2263/2286/1407 2264/2287/1408 2265/2288/1409 2266/2289/1410 
f 2267/2290/1411 2268/2291/1412 2269/2292/1413 2270/2293/1414 
f 2271/2294/1415 2272/2295/1416 2273/2296/1417 2274/2297/1418 
f 2275/2298/1419 2276/2299/1420 2277/2300/1421 2278/2301/1422 
f 2279/2302/1423 2280/2303/1424 2281/2304/1425 2282/2305/1426 
f 2283/2306/1427 2284/2307/1428 2285/2308/1429 2286/2309/1430 
f 2287/2310/1431 2288/2311/1432 2289/2312/1433 2290/2313/1434 
f 2291/2314/1435 2292/2315/1436 2293/2316/1437 2294/2317/1438 
f 2295/2318/1439 2296/2319/1440 2297/2320/1441 2298/2321/1442 
f 2299/2322/1443 2300/2323/1444 2301/2324/1445 2302/2325/1446 
f 2303/2326/1447 2304/2327/1448 2305/2328/1449 2306/2329/1450 
f 2307/2330/1451 2308/2331/1452 2309/2332/1453 2310/2333/1454 
f 2311/2334/1455 2312/2335/1456 2313/2336/1457 2314/2337/1458 
f 2315/2338/1459 2316/2339/1460 2317/2340/1461 2318/2341/1462 
f 2319/2342/1463 2320/2343/1464 2321/2344/1465 2322/2345/1466 
f 2323/2346/1467 2324/2347/1468 2325/2348/1469 2326/2349/1470 
f 2327/2350/1471 2328/2351/1472 2329/2352/1473 2330/2353/1474 
f 2331/2354/1475 2332/2355/1476 2333/2356/1477 2334/2357/1478 
f 2335/2358/1479 2336/2359/1480 2337/2360/1481 2338/2361/1482 
f 2339/2362/1483 2340/2363/1484 2341/2364/1485 2342/2365/1486 
f 2343/2366/1487 2344/2367/1488 2345/2368/1489 2346/2369/1490 
f 2347/2370/1491 2348/2371/1492 2349/2372/1493 2350/2373/1494 
f 2351/2374/1495 2352/2375/1496 2353/2376/1497 2354/2377/1498 
f 2355/2378/1499 2356/2379/1500 2357/2380/1501 2358/2381/1502 
f 2359/2382/1503 2360/2383/1504 2361/2384/1505 2362/2385/1506 
f 2363/2386/1507 2364/2387/1508 2365/2388/1509 2366/2389/1510 
f 2367/2390/1511 2368/2391/1512 2369/2392/1513 2370/2393/1514 
f 2371/2394/1515 2372/2395/1516 2373/2396/1517 2374/2397/1518 
f 2375/2398/1519 2376/2399/1520 2377/2400/1521 2378/2401/1522 
f 2379/2402/1523 2380/2403/1524 2381/2404/1525 2382/2405/1526 
f 2383/2406/1527 2384/2407/1528 2385/2408/1529 2386/2409/1530 
f 2387/2410/1531 2388/2411/1532 2389/2412/1533 2390/2413/1534 
f 2391/2414/1535 2392/2415/1536 2393/2416/1537 2394/2417/1538 
f 2395/2418/1539 2396/2419/1540 2397/2420/1541 2398/2421/1542 
f 2399/2422/1543 2400/2423/1544 2401/2424/1545 2402/2425/1546 
f 2403/2426/1547 2404/2427/1548 2405/2428/1549 2406/2429/1550 
f 2407/2430/1551 2408/2431/1552 2409/2432/1553 2410/2433/1554 
f 2411/2434/1555 2412/2435/1556 2413/2436/1557 2414/2437/1558 
f 2415/2438/1559 2416/2439/1560 2417/2440/1561 2418/2441/1562 
f 2419/2442/1563 2420/2443/1564 2421/2444/1565 2422/2445/1566 
f 2423/2446/1567 2424/2447/1568 2425/2448/1569 2426/2449/1570 
f 2427/2450/1571 2428/2451/1572 2429/2452/1573 2430/2453/1574 
f 2431/2454/1575 2432/2455/1576 2433/2456/1577 2434/2457/1578 
f 1369/1374/595 1368/1373/594 1371/2458/597 1370/2459/596 
f 1368/1373/594 1406/1411/626 1407/2460/627 1371/2458/597 
f 1406/1411/626 1434/1439/649 1435/2461/650 1407/2460/627 
f 1434/1439/649 1462/1467/672 1463/2462/673 1435/2461/650 
f 1462/1467/672 1490/1495/695 1491/2463/696 1463/2462/673 
f 1490/1495/695 1518/1523/718 1519/2464/719 1491/2463/696 
f 1518/1523/718 1546/1551/741 1547/2465/742 1519/2464/719 
f 1546/1551/741 1574/1579/764 1575/2466/765 1547/2465/742 
f 1574/1579/764 1602/1607/787 1603/2467/788 1575/2466/765 
f 1602/1607/787 1630/1635/809 1631/2468/810 1603/2467/788 
f 1630/1635/809 1658/1663/831 1659/2469/832 1631/2468/810 
f 1658/1663/831 1686/1691/853 1687/2470/854 1659/2469/832 
f 1686/1732/853 1714/1731/876 1715/2471/877 1687/2472/854 
f 1714/1731/876 1742/1765/898 1743/2473/899 1715/2471/877 
f 1742/1765/898 1770/1793/920 1771/2474/921 1743/2473/899 
f 1770/1793/920 1369/1374/595 1370/2459/596 1771/2474/921 
f 1384/1389/607 1386/1391/609 1345/1350/573 1385/1390/608 
f 1413/1418/632 1414/1419/633 1386/1391/609 1384/1389/607 
f 1441/1446/655 1442/1447/656 1414/1419/633 1413/1418/632 
f 1469/1474/678 1470/1475/679 1442/1447/656 1441/1446/655 
f 1497/1502/701 1498/1503/702 1470/1475/679 1469/1474/678 
f 1525/1530/724 1526/1531/725 1498/1503/702 1497/1502/701 
f 1553/1558/747 1554/1559/748 1526/1531/725 1525/1530/724 
f 1581/1586/770 1582/1587/771 1554/1559/748 1553/1558/747 
f 1609/1614/793 1610/1615/794 1582/1587/771 1581/1586/770 
f 1637/1642/815 1638/1643/816 1610/1615/794 1609/1614/793 
f 1665/1670/837 1666/1671/838 1638/1643/816 1637/1642/815 
f 1693/1698/859 1694/1699/860 1666/1671/838 1665/1670/837 
f 1721/1743/882 1722/1745/883 1694/1708/860 1693/1744/859 
f 1749/1772/904 1750/1773/905 1722/1745/883 1721/1743/882 
f 1777/1800/926 1778/1801/927 1750/1773/905 1749/1772/904 
f 1385/1390/608 1345/1350/573 1778/1801/927 1777/1800/926 
f 1374/1379/598 2435/2475/1579 2436/2476/1580 1375/1380/598 
f 1408/1413/598 2437/2477/1581 2435/2475/1579 1374/1379/598 
f 1436/1441/598 2438/2478/1582 2437/2477/1581 1408/1413/598 
f 1464/1469/598 2439/2479/1583 2438/2478/1582 1436/1441/598 
f 1492/1497/598 2440/2480/1584 2439/2479/1583 1464/1469/598 
f 1520/1525/598 2441/2481/1585 2440/2480/1584 1492/1497/598 
f 1548/1553/598 2442/2482/1586 2441/2481/1585 1520/1525/598 
f 1576/1581/598 2443/2483/1587 2442/2482/1586 1548/1553/598 
f 1604/1609/598 2444/2484/1588 2443/2483/1587 1576/1581/598 
f 1632/1637/598 2445/2485/1589 2444/2484/1588 1604/1609/598 
f 1660/1665/598 2446/2486/1590 2445/2485/1589 1632/1637/598 
f 1688/1693/598 2447/2487/1591 2446/2486/1590 1660/1665/598 
f 1716/1734/598 2448/2488/1592 2447/2487/1591 1688/1693/598 
f 1744/1767/598 2449/2489/1593 2448/2488/1592 1716/1734/598 
f 1772/1795/598 2450/2490/1594 2449/2489/1593 1744/1767/598 
f 1375/1380/598 2436/2476/1580 2450/2490/1594 1772/1795/598 
f 1348/1353/576 1351/1356/579 1350/1355/578 1349/1354/577 
f 1352/1357/580 1355/1360/583 1354/1359/582 1353/1358/581 
f 1388/1393/611 1389/1394/612 1351/1356/579 1348/1353/576 
f 1390/1395/613 1391/1396/614 1355/1360/583 1352/1357/580 
f 1396/1401/617 1397/1402/618 1389/1394/612 1388/1393/611 
f 1398/1403/619 1399/1404/620 1391/1396/614 1390/1395/613 
f 1416/1421/635 1417/1422/636 1397/1402/618 1396/1401/617 
f 1418/1423/637 1419/1424/638 1399/1404/620 1398/1403/619 
f 1424/1429/641 1425/1430/642 1417/1422/636 1416/1421/635 
f 1426/1431/643 1427/1432/644 1419/1424/638 1418/1423/637 
f 1444/1449/658 1445/1450/659 1425/1430/642 1424/1429/641 
f 1446/1451/660 1447/1452/661 1427/1432/644 1426/1431/643 
f 1452/1457/664 1453/1458/665 1445/1450/659 1444/1449/658 
f 1454/1459/666 1455/1460/667 1447/1452/661 1446/1451/660 
f 1472/1477/681 1473/1478/682 1453/1458/665 1452/1457/664 
f 1474/1479/683 1475/1480/684 1455/1460/667 1454/1459/666 
f 1480/1485/687 1481/1486/688 1473/1478/682 1472/1477/681 
f 1482/1487/689 1483/1488/690 1475/1480/684 1474/1479/683 
f 1500/1505/704 1501/1506/705 1481/1486/688 1480/1485/687 
f 1502/1507/706 1503/1508/707 1483/1488/690 1482/1487/689 
f 1508/1513/710 1509/1514/711 1501/1506/705 1500/1505/704 
f 1510/1515/712 1511/1516/713 1503/1508/707 1502/1507/706 
f 1528/1533/727 1529/1534/728 1509/1514/711 1508/1513/710 
f 1530/1535/729 1531/1536/730 1511/1516/713 1510/1515/712 
f 1536/1541/733 1537/1542/734 1529/1534/728 1528/1533/727 
f 1538/1543/735 1539/1544/736 1531/1536/730 1530/1535/729 
f 1556/1561/750 1557/1562/751 1537/1542/734 1536/1541/733 
f 1558/1563/752 1559/1564/753 1539/1544/736 1538/1543/735 
f 1564/1569/757 1565/1570/758 1557/1562/751 1556/1561/750 
f 1566/1571/759 1567/1572/760 1559/1564/753 1558/1563/752 
f 1584/1589/773 1585/1590/774 1565/1570/758 1564/1569/757 
f 1586/1591/775 1587/1592/776 1567/1572/760 1566/1571/759 
f 1592/1597/779 1593/1598/780 1585/1590/774 1584/1589/773 
f 1594/1599/781 1595/1600/782 1587/1592/776 1586/1591/775 
f 1612/1617/796 1613/1618/797 1593/1598/780 1592/1597/779 
f 1614/1619/798 1615/1620/799 1595/1600/782 1594/1599/781 
f 1620/1625/802 1621/1626/803 1613/1618/797 1612/1617/796 
f 1622/1627/804 1623/1628/805 1615/1620/799 1614/1619/798 
f 1640/1645/818 1641/1646/819 1621/1626/803 1620/1625/802 
f 1642/1647/820 1643/1648/821 1623/1628/805 1622/1627/804 
f 1648/1653/824 1649/1654/825 1641/1646/819 1640/1645/818 
f 1650/1655/826 1651/1656/827 1643/1648/821 1642/1647/820 
f 1668/1673/840 1669/1674/841 1649/1654/825 1648/1653/824 
f 1670/1675/842 1671/1676/843 1651/1656/827 1650/1655/826 
f 1676/1681/845 1677/1682/846 1669/1674/841 1668/1673/840 
f 1678/1683/847 1679/1684/848 1671/1676/843 1670/1675/842 
f 1696/1701/862 1697/1702/863 1677/1682/846 1676/1681/845 
f 1698/1703/864 1699/1704/865 1679/1684/848 1678/1683/847 
f 1704/1711/868 1705/1714/869 1697/1713/863 1696/1712/862 
f 1706/1715/870 1707/1718/871 1699/1717/865 1698/1716/864 
f 1724/1747/885 1725/1748/886 1705/1714/869 1704/1711/868 
f 1726/1749/887 1727/1750/888 1707/1718/871 1706/1715/870 
f 1732/1755/890 1733/1756/891 1725/1748/886 1724/1747/885 
f 1734/1757/892 1735/1758/893 1727/1750/888 1726/1749/887 
f 1752/1775/907 1753/1776/908 1733/1756/891 1732/1755/890 
f 1754/1777/909 1755/1778/910 1735/1758/893 1734/1757/892 
f 1760/1783/912 1761/1784/913 1753/1776/908 1752/1775/907 
f 1762/1785/914 1763/1786/915 1755/1778/910 1754/1777/909 
f 1780/1803/929 1781/1804/930 1761/1784/913 1760/1783/912 
f 1782/1805/931 1783/1806/932 1763/1786/915 1762/1785/914 
f 1788/1811/934 1789/1812/935 1781/1804/930 1780/1803/929 
f 1790/1813/936 1791/1814/937 1783/1806/932 1782/1805/931 
f 1349/1354/577 1350/1355/578 1789/1812/935 1788/1811/934 
f 1353/1358/581 1354/1359/582 1791/1814/937 1790/1813/936 
f 2451/2491/1595 2452/2492/1596 2453/2493/1597 2454/2494/1598 
f 2455/2495/1599 2456/2496/1600 2457/2497/1601 2458/2498/1602 
f 2459/2499/1603 2460/2500/1604 2461/2501/1605 2462/2502/1606 
f 2463/2503/1607 2464/2504/1608 2465/2505/1609 2466/2506/1610 
f 2467/2507/1611 2468/2508/1612 2469/2509/1613 2470/2510/1614 
f 2471/2511/1615 2472/2512/1616 2473/2513/1617 2474/2514/1618 
f 2475/2515/1619 2476/2516/1620 2477/2517/1621 2478/2518/1622 
f 2479/2519/1623 2480/2520/1624 2481/2521/1625 2482/2522/1626 
f 2483/2523/1627 2484/2524/1628 2485/2525/1629 2486/2526/1630 
f 2487/2527/1631 2488/2528/1632 2489/2529/1633 2490/2530/1634 
f 2491/2531/1635 2492/2532/1636 2493/2533/1637 2494/2534/1638 
f 2495/2535/1639 2496/2536/1640 2497/2537/1641 2498/2538/1642 
f 2499/2539/1643 2500/2540/1644 2501/2541/1645 2502/2542/1646 
f 2503/2543/1647 2504/2544/1648 2505/2545/1649 2506/2546/1650 
f 2507/2547/1651 2508/2548/1652 2509/2549/1653 2510/2550/1654 
f 2511/2551/1655 2512/2552/1656 2513/2553/1657 2514/2554/1658 
f 2515/2555/1659 2516/2556/1660 2517/2557/1661 2518/2558/1662 
f 2519/2559/1663 2520/2560/1664 2521/2561/1665 2522/2562/1666 
f 2523/2563/1667 2524/2564/1668 2525/2565/1669 2526/2566/1670 
f 2527/2567/1671 2528/2568/1672 2529/2569/1673 2530/2570/1674 
f 2531/2571/1675 2532/2572/1676 2533/2573/1677 2534/2574/1678 
f 2535/2575/1679 2536/2576/1680 2537/2577/1681 2538/2578/1682 
f 2539/2579/1683 2540/2580/1684 2541/2581/1685 2542/2582/1686 
f 2543/2583/1687 2544/2584/1688 2545/2585/1689 2546/2586/1690 
f 2547/2587/1691 2548/2588/1692 2549/2589/1693 2550/2590/1694 
f 2551/2591/1695 2552/2592/1696 2553/2593/1697 2554/2594/1698 
f 2555/2595/1699 2556/2596/1700 2557/2597/1701 2558/2598/1702 
f 2559/2599/1703 2560/2600/1704 2561/2601/1705 2562/2602/1706 
f 2563/2603/1707 2564/2604/1708 2565/2605/1709 2566/2606/1710 
f 2567/2607/1711 2568/2608/1712 2569/2609/1713 2570/2610/1714 
f 2571/2611/1715 2572/2612/1716 2573/2613/1717 2574/2614/1718 
f 2575/2615/1719 2576/2616/1720 2577/2617/1721 2578/2618/1722 
f 1357/1362/585 1356/1361/584 2579/2619/1723 2580/2620/1724 
f 1359/1364/587 1358/1363/586 2580/2620/1724 2579/2619/1723 
f 1361/1366/586 1360/1365/587 2581/2621/1725 2582/2622/1726 
f 1356/1361/584 1392/1397/615 2583/2623/1727 2579/2619/1723 
f 1393/1398/587 1359/1364/587 2579/2619/1723 2583/2623/1727 
f 1360/1365/587 1394/1399/587 2584/2624/1728 2581/2621/1725 
f 1392/1397/615 1400/1405/621 2585/2625/1729 2583/2623/1727 
f 1401/1406/587 1393/1398/587 2583/2623/1727 2585/2625/1729 
f 1394/1399/587 1402/1407/622 2586/2626/1730 2584/2624/1728 
f 1400/1405/621 1420/1425/639 2587/2627/1731 2585/2625/1729 
f 1421/1426/586 1401/1406/587 2585/2625/1729 2587/2627/1731 
f 1402/1407/622 1422/1427/586 2588/2628/1732 2586/2626/1730 
f 1420/1425/639 1428/1433/645 2589/2629/1733 2587/2627/1731 
f 1429/1434/586 1421/1426/586 2587/2627/1731 2589/2629/1733 
f 1422/1427/586 1430/1435/586 2590/2630/1734 2588/2628/1732 
f 1428/1433/645 1448/1453/662 2591/2631/1735 2589/2629/1733 
f 1449/1454/587 1429/1434/586 2589/2629/1733 2591/2631/1735 
f 1430/1435/586 1450/1455/587 2592/2632/1736 2590/2630/1734 
f 1448/1453/662 1456/1461/668 2593/2633/1737 2591/2631/1735 
f 1457/1462/587 1449/1454/587 2591/2631/1735 2593/2633/1737 
f 1450/1455/587 1458/1463/587 2594/2634/1738 2592/2632/1736 
f 1456/1461/668 1476/1481/685 2595/2635/1739 2593/2633/1737 
f 1477/1482/587 1457/1462/587 2593/2633/1737 2595/2635/1739 
f 1458/1463/587 1478/1483/587 2596/2636/1740 2594/2634/1738 
f 1476/1481/685 1484/1489/691 2597/2637/1741 2595/2635/1739 
f 1485/1490/587 1477/1482/587 2595/2635/1739 2597/2637/1741 
f 1478/1483/587 1486/1491/587 2598/2638/1742 2596/2636/1740 
f 1484/1489/691 1504/1509/708 2599/2639/1743 2597/2637/1741 
f 1505/1510/587 1485/1490/587 2597/2637/1741 2599/2639/1743 
f 1486/1491/587 1506/1511/586 2600/2640/1744 2598/2638/1742 
f 1504/1509/708 1512/1517/714 2601/2641/1745 2599/2639/1743 
f 1513/1518/587 1505/1510/587 2599/2639/1743 2601/2641/1745 
f 1506/1511/586 1514/1519/587 2602/2642/1746 2600/2640/1744 
f 1512/1517/714 1532/1537/731 2603/2643/1747 2601/2641/1745 
f 1533/1538/587 1513/1518/587 2601/2641/1745 2603/2643/1747 
f 1514/1519/587 1534/1539/587 2604/2644/1748 2602/2642/1746 
f 1532/1537/731 1540/1545/737 2605/2645/1749 2603/2643/1747 
f 1541/1546/587 1533/1538/587 2603/2643/1747 2605/2645/1749 
f 1534/1539/587 1542/1547/587 2606/2646/1750 2604/2644/1748 
f 1540/1545/737 1560/1565/754 2607/2647/1751 2605/2645/1749 
f 1561/1566/587 1541/1546/587 2605/2645/1749 2607/2647/1751 
f 1542/1547/587 1562/1567/755 2608/2648/1752 2606/2646/1750 
f 1560/1565/754 1568/1573/761 2609/2649/1753 2607/2647/1751 
f 1569/1574/587 1561/1566/587 2607/2647/1751 2609/2649/1753 
f 1562/1567/755 1570/1575/587 2610/2650/1754 2608/2648/1752 
f 1568/1573/761 1588/1593/777 2611/2651/1755 2609/2649/1753 
f 1589/1594/755 1569/1574/587 2609/2649/1753 2611/2651/1755 
f 1570/1575/587 1590/1595/755 2612/2652/1756 2610/2650/1754 
f 1588/1593/777 1596/1601/783 2613/2653/1757 2611/2651/1755 
f 1597/1602/587 1589/1594/755 2611/2651/1755 2613/2653/1757 
f 1590/1595/755 1598/1603/755 2614/2654/1758 2612/2652/1756 
f 1596/1601/783 1616/1621/800 2615/2655/1759 2613/2653/1757 
f 1617/1622/587 1597/1602/587 2613/2653/1757 2615/2655/1759 
f 1598/1603/755 1618/1623/587 2616/2656/1760 2614/2654/1758 
f 1616/1621/800 1624/1629/806 2617/2657/1761 2615/2655/1759 
f 1625/1630/587 1617/1622/587 2615/2655/1759 2617/2657/1761 
f 1618/1623/587 1626/1631/587 2618/2658/1762 2616/2656/1760 
f 1624/1629/806 1644/1649/822 2619/2659/1763 2617/2657/1761 
f 1645/1650/587 1625/1630/587 2617/2657/1761 2619/2659/1763 
f 1626/1631/587 1646/1651/587 2620/2660/1764 2618/2658/1762 
f 1644/1649/822 1652/1657/828 2621/2661/1765 2619/2659/1763 
f 1653/1658/755 1645/1650/587 2619/2659/1763 2621/2661/1765 
f 1646/1651/587 1654/1659/755 2622/2662/1766 2620/2660/1764 
f 1652/1657/828 1672/1677/646 2623/2663/1767 2621/2661/1765 
f 1673/1678/587 1653/1658/755 2621/2661/1765 2623/2663/1767 
f 1654/1659/755 1674/1679/587 2624/2664/1768 2622/2662/1766 
f 1672/1677/646 1680/1685/849 2625/2665/1769 2623/2663/1767 
f 1681/1686/755 1673/1678/587 2623/2663/1767 2625/2665/1769 
f 1674/1679/587 1682/1687/755 2626/2666/1770 2624/2664/1768 
f 1680/1685/849 1700/1705/866 2627/2667/1771 2625/2665/1769 
f 1701/1706/755 1681/1686/755 2625/2665/1769 2627/2667/1771 
f 1682/1687/755 1702/1707/755 2628/2668/1772 2626/2666/1770 
f 1700/1720/866 1708/1719/872 2629/2669/1773 2627/2670/1771 
f 1709/1722/622 1701/1721/755 2627/2670/1771 2629/2669/1773 
f 1702/1724/755 1710/1723/622 2630/2671/1774 2628/2672/1772 
f 1708/1719/872 1728/1751/692 2631/2673/1775 2629/2669/1773 
f 1729/1752/587 1709/1722/622 2629/2669/1773 2631/2673/1775 
f 1710/1723/622 1730/1753/755 2632/2674/1776 2630/2671/1774 
f 1728/1751/692 1736/1759/894 2633/2675/1777 2631/2673/1775 
f 1737/1760/622 1729/1752/587 2631/2673/1775 2633/2675/1777 
f 1730/1753/755 1738/1761/622 2634/2676/1778 2632/2674/1776 
f 1736/1759/894 1756/1779/715 2635/2677/1779 2633/2675/1777 
f 1757/1780/587 1737/1760/622 2633/2675/1777 2635/2677/1779 
f 1738/1761/622 1758/1781/586 2636/2678/1780 2634/2676/1778 
f 1756/1779/715 1764/1787/916 2637/2679/1781 2635/2677/1779 
f 1765/1788/587 1757/1780/587 2635/2677/1779 2637/2679/1781 
f 1758/1781/586 1766/1789/587 2638/2680/1782 2636/2678/1780 
f 1764/1787/916 1784/1807/738 2639/2681/1783 2637/2679/1781 
f 1785/1808/587 1765/1788/587 2637/2679/1781 2639/2681/1783 
f 1766/1789/587 1786/1809/587 2640/2682/1784 2638/2680/1782 
f 1784/1807/738 1792/1815/938 2641/2683/1785 2639/2681/1783 
f 1793/1816/587 1785/1808/587 2639/2681/1783 2641/2683/1785 
f 1786/1809/587 1794/1817/755 2642/2684/1786 2640/2682/1784 
f 1792/1815/938 1357/1362/585 2580/2620/1724 2641/2683/1785 
f 1358/1363/586 1793/1816/587 2641/2683/1785 2580/2620/1724 
f 1794/1817/755 1361/1366/586 2582/2622/1726 2642/2684/1786 
f 1378/1383/601 2436/2685/1580 2435/2686/1579 1379/1384/602 
f 1379/1384/602 2435/2686/1579 2437/2687/1581 1410/1415/629 
f 1410/1415/629 2437/2687/1581 2438/2688/1582 1438/1443/652 
f 1438/1443/652 2438/2688/1582 2439/2689/1583 1466/1471/675 
f 1466/1471/675 2439/2689/1583 2440/2690/1584 1494/1499/698 
f 1494/1499/698 2440/2690/1584 2441/2691/1585 1522/1527/721 
f 1522/1527/721 2441/2691/1585 2442/2692/1586 1550/1555/744 
f 1550/1555/744 2442/2692/1586 2443/2693/1587 1578/1583/767 
f 1578/1583/767 2443/2693/1587 2444/2694/1588 1606/1611/790 
f 1606/1611/790 2444/2694/1588 2445/2695/1589 1634/1639/812 
f 1634/1639/812 2445/2695/1589 2446/2696/1590 1662/1667/834 
f 1662/1667/834 2446/2696/1590 2447/2697/1591 1690/1695/856 
f 1690/1737/856 2447/2698/1591 2448/2699/1592 1718/1738/879 
f 1718/1738/879 2448/2699/1592 2449/2700/1593 1746/1769/901 
f 1746/1769/901 2449/2700/1593 2450/2701/1594 1774/1797/923 
f 1774/1797/923 2450/2701/1594 2436/2685/1580 1378/1383/601 
f 1795/1818/939 2643/2702/1787 2644/2703/1788 2645/2704/1789 
f 1796/1819/940 2646/2705/1790 2647/2706/1791 2648/2707/1792 
f 1797/1820/941 2649/2708/1793 2650/2709/1794 2651/2710/1795 
f 1798/1821/942 2652/2711/1796 2653/2712/1797 2654/2713/1798 
f 1799/1822/943 2648/2707/1792 2647/2706/1791 2655/2714/1799 
f 1800/1823/944 2656/2715/1800 2657/2716/1801 2658/2717/1802 
f 1801/1824/945 2659/2718/1803 2660/2719/1804 2661/2720/1805 
f 1802/1825/946 2662/2721/1806 2650/2709/1794 2649/2708/1793 
f 1803/1826/947 2658/2717/1802 2657/2716/1801 2663/2722/1807 
f 1804/1827/948 2664/2723/1808 2665/2724/1809 2666/2725/1810 
f 1805/1828/949 2667/2726/1811 2668/2727/1812 2669/2728/1813 
f 1806/1829/950 2670/2729/1814 2660/2719/1804 2659/2718/1803 
f 1807/1830/951 2666/2725/1810 2665/2724/1809 2671/2730/1815 
f 1808/1831/952 2672/2731/1816 2673/2732/1817 2674/2733/1818 
f 1809/1832/953 2675/2734/1819 2676/2735/1820 2677/2736/1821 
f 1810/1833/954 2678/2737/1822 2668/2727/1812 2667/2726/1811 
f 1811/1834/955 2674/2733/1818 2673/2732/1817 2679/2738/1823 
f 1812/1835/956 2680/2739/1824 2681/2740/1825 2682/2741/1826 
f 1813/1836/957 2683/2742/1827 2684/2743/1828 2685/2744/1829 
f 1814/1837/958 2686/2745/1830 2676/2735/1820 2675/2734/1819 
f 1815/1838/959 2682/2741/1826 2681/2740/1825 2687/2746/1831 
f 1816/1839/960 2688/2747/1832 2689/2748/1833 2690/2749/1834 
f 1817/1840/961 2691/2750/1835 2692/2751/1836 2693/2752/1837 
f 1818/1841/962 2694/2753/1838 2684/2743/1828 2683/2742/1827 
f 1819/1842/963 2690/2749/1834 2689/2748/1833 2695/2754/1839 
f 1820/1843/964 2696/2755/1840 2697/2756/1841 2698/2757/1842 
f 1821/1844/965 2699/2758/1843 2700/2759/1844 2701/2760/1845 
f 1822/1845/966 2702/2761/1846 2692/2751/1836 2691/2750/1835 
f 1823/1846/967 2698/2757/1842 2697/2756/1841 2703/2762/1847 
f 1824/1847/968 2704/2763/1848 2705/2764/1849 2706/2765/1850 
f 1825/1848/969 2707/2766/1851 2708/2767/1852 2709/2768/1853 
f 1826/1849/970 2710/2769/1854 2700/2759/1844 2699/2758/1843 
f 1827/1850/971 2706/2765/1850 2705/2764/1849 2711/2770/1855 
f 1828/1851/972 2712/2771/1856 2713/2772/1857 2714/2773/1858 
f 1829/1852/973 2715/2774/1859 2716/2775/1860 2717/2776/1861 
f 1830/1853/974 2718/2777/1862 2708/2767/1852 2707/2766/1851 
f 1831/1854/975 2714/2773/1858 2713/2772/1857 2719/2778/1863 
f 1832/1855/976 2720/2779/1864 2721/2780/1865 2722/2781/1866 
f 1833/1856/977 2723/2782/1867 2724/2783/1868 2725/2784/1869 
f 1834/1857/978 2726/2785/1870 2716/2775/1860 2715/2774/1859 
f 1835/1858/979 2722/2781/1866 2721/2780/1865 2727/2786/1871 
f 1836/1859/980 2728/2787/1872 2729/2788/1873 2730/2789/1874 
f 1837/1860/981 2731/2790/1875 2732/2791/1876 2733/2792/1877 
f 1838/1861/982 2734/2793/1878 2724/2783/1868 2723/2782/1867 
f 1839/1862/983 2730/2789/1874 2729/2788/1873 2735/2794/1879 
f 1840/1863/984 2736/2795/1880 2737/2796/1881 2738/2797/1882 
f 1841/1864/985 2739/2798/1883 2740/2799/1884 2741/2800/1885 
f 1842/1865/986 2742/2801/1886 2732/2791/1876 2731/2790/1875 
f 1843/1866/987 2738/2797/1882 2737/2796/1881 2743/2802/1887 
f 1844/1867/988 2744/2803/1888 2745/2804/1889 2746/2805/1890 
f 1845/1868/989 2747/2806/1891 2748/2807/1892 2749/2808/1893 
f 1846/1869/990 2750/2809/1894 2740/2799/1884 2739/2798/1883 
f 1847/1870/991 2746/2810/1890 2745/2811/1889 2751/2812/1895 
f 1848/1871/992 2752/2813/1896 2753/2814/1897 2754/2815/1898 
f 1849/1872/993 2755/2816/1899 2756/2817/1900 2757/2818/1901 
f 1850/1873/994 2758/2819/1902 2748/2820/1892 2747/2821/1891 
f 1851/1874/995 2754/2815/1898 2753/2814/1897 2759/2822/1903 
f 1852/1875/996 2760/2823/1904 2761/2824/1905 2762/2825/1906 
f 1853/1876/997 2763/2826/1907 2764/2827/1908 2765/2828/1909 
f 1854/1877/998 2766/2829/1910 2756/2817/1900 2755/2816/1899 
f 1855/1878/999 2762/2825/1906 2761/2824/1905 2767/2830/1911 
f 1856/1879/1000 2768/2831/1912 2769/2832/1913 2770/2833/1914 
f 1857/1880/1001 2771/2834/1915 2772/2835/1916 2773/2836/1917 
f 1858/1881/1002 2774/2837/1918 2764/2827/1908 2763/2826/1907 
f 1859/1882/1003 2770/2833/1914 2769/2832/1913 2775/2838/1919 
f 1860/1883/1004 2776/2839/1920 2777/2840/1921 2778/2841/1922 
f 1861/1884/1005 2779/2842/1923 2780/2843/1924 2781/2844/1925 
f 1862/1885/1006 2782/2845/1926 2772/2835/1916 2771/2834/1915 
f 1863/1886/1007 2778/2841/1922 2777/2840/1921 2783/2846/1927 
f 1864/1887/1008 2784/2847/1928 2785/2848/1929 2786/2849/1930 
f 1865/1888/1009 2787/2850/1931 2788/2851/1932 2789/2852/1933 
f 1866/1889/1010 2790/2853/1934 2780/2843/1924 2779/2842/1923 
f 1867/1890/1011 2786/2849/1930 2785/2848/1929 2791/2854/1935 
f 1868/1891/1012 2792/2855/1936 2793/2856/1937 2794/2857/1938 
f 1869/1892/1013 2795/2858/1939 2796/2859/1940 2797/2860/1941 
f 1870/1893/1014 2798/2861/1942 2788/2851/1932 2787/2850/1931 
f 1871/1894/1015 2794/2857/1938 2793/2856/1937 2799/2862/1943 
f 1872/1895/1016 2800/2863/1944 2801/2864/1945 2802/2865/1946 
f 1873/1896/1017 2803/2866/1947 2804/2867/1948 2805/2868/1949 
f 1874/1897/1018 2806/2869/1950 2796/2859/1940 2795/2858/1939 
f 1875/1898/1019 2802/2865/1946 2801/2864/1945 2807/2870/1951 
f 1876/1899/1020 2808/2871/1952 2809/2872/1953 2810/2873/1954 
f 1877/1900/1021 2811/2874/1955 2812/2875/1956 2813/2876/1957 
f 1878/1901/1022 2814/2877/1958 2804/2867/1948 2803/2866/1947 
f 1879/1902/1023 2810/2873/1954 2809/2872/1953 2815/2878/1959 
f 1880/1903/1024 2816/2879/1960 2817/2880/1961 2818/2881/1962 
f 1881/1904/1025 2819/2882/1963 2820/2883/1964 2821/2884/1965 
f 1882/1905/1026 2822/2885/1966 2812/2875/1956 2811/2874/1955 
f 1883/1906/1027 2818/2881/1962 2817/2880/1961 2823/2886/1967 
f 1884/1907/1028 2824/2887/1968 2825/2888/1969 2826/2889/1970 
f 1885/1908/1029 2827/2890/1971 2828/2891/1972 2829/2892/1973 
f 1886/1909/1030 2830/2893/1974 2820/2883/1964 2819/2882/1963 
f 1887/1910/1031 2826/2889/1970 2825/2888/1969 2831/2894/1975 
f 1888/1911/1032 2832/2895/1976 2833/2896/1977 2834/2897/1978 
f 1889/1912/1033 2835/2898/1979 2836/2899/1980 2837/2900/1981 
f 1890/1913/1034 2838/2901/1982 2828/2891/1972 2827/2890/1971 
f 1891/1914/1035 2834/2897/1978 2833/2896/1977 2839/2902/1983 
f 1892/1915/1036 2840/2903/1984 2841/2904/1985 2842/2905/1986 
f 1893/1916/1037 2843/2906/1987 2844/2907/1988 2845/2908/1989 
f 1894/1917/1038 2846/2909/1990 2836/2899/1980 2835/2898/1979 
f 1895/1918/1039 2842/2905/1986 2841/2904/1985 2847/2910/1991 
f 1896/1919/1040 2848/2911/1992 2849/2912/1993 2850/2913/1994 
f 1897/1920/1041 2851/2914/1995 2852/2915/1996 2853/2916/1997 
f 1898/1921/1042 2854/2917/1998 2844/2907/1988 2843/2906/1987 
f 1899/1922/1043 2850/2913/1994 2849/2912/1993 2855/2918/1999 
f 1900/1923/1044 2856/2919/2000 2857/2920/2001 2858/2921/2002 
f 1901/1924/1045 2859/2922/2003 2860/2923/2004 2861/2924/2005 
f 1902/1925/1046 2862/2925/2006 2852/2915/1996 2851/2914/1995 
f 1903/1926/1047 2858/2921/2002 2857/2920/2001 2863/2926/2007 
f 1904/1927/1048 2864/2927/2008 2865/2928/2009 2866/2929/2010 
f 1905/1928/1049 2867/2930/2011 2868/2931/2012 2869/2932/2013 
f 1906/1929/1050 2870/2933/2014 2860/2923/2004 2859/2922/2003 
f 1907/1930/1051 2866/2929/2010 2865/2928/2009 2871/2934/2015 
f 1908/1931/1052 2872/2935/2016 2873/2936/2017 2874/2937/2018 
f 1909/1932/1053 2875/2938/2019 2876/2939/2020 2877/2940/2021 
f 1910/1933/1054 2878/2941/2022 2868/2931/2012 2867/2930/2011 
f 1911/1934/1055 2874/2937/2018 2873/2936/2017 2879/2942/2023 
f 1912/1935/1056 2880/2943/2024 2881/2944/2025 2882/2945/2026 
f 1913/1936/1057 2883/2946/2027 2884/2947/2028 2885/2948/2029 
f 1914/1937/1058 2886/2949/2030 2876/2939/2020 2875/2938/2019 
f 1915/1938/1059 2882/2945/2026 2881/2944/2025 2887/2950/2031 
f 1916/1939/1060 2888/2951/2032 2889/2952/2033 2890/2953/2034 
f 1917/1940/1061 2891/2954/2035 2892/2955/2036 2893/2956/2037 
f 1918/1941/1062 2894/2957/2038 2884/2947/2028 2883/2946/2027 
f 1919/1942/1063 2890/2953/2034 2889/2952/2033 2895/2958/2039 
f 1920/1943/1064 2896/2959/2040 2644/2703/1788 2643/2702/1787 
f 1921/1944/1065 2654/2713/1798 2653/2712/1797 2897/2960/2041 
f 1922/1945/1066 2898/2961/2042 2892/2955/2036 2891/2954/2035 
f 1923/1946/1067 2899/2962/2043 2900/2963/2044 2901/2964/2045 
f 1924/1947/1068 2902/2965/2046 2903/2966/2047 2904/2967/2048 
f 1925/1948/1069 2905/2968/2049 2906/2969/2050 2907/2970/2051 
f 1926/1949/1070 2908/2971/2052 2909/2972/2053 2910/2973/2054 
f 1927/1950/1071 2911/2974/2055 2912/2975/2056 2913/2976/2057 
f 1928/1951/1072 2914/2977/2058 2915/2978/2059 2916/2979/2060 
f 1929/1952/1073 2917/2980/2061 2903/2966/2047 2902/2965/2046 
f 1930/1953/1074 2901/2964/2045 2900/2963/2044 2918/2981/2062 
f 1931/1954/1075 2919/2982/2063 2920/2983/2064 2921/2984/2065 
f 1932/1955/1076 2922/2985/2066 2923/2986/2067 2924/2987/2068 
f 1933/1956/1077 2925/2988/2069 2915/2978/2059 2914/2977/2058 
f 1934/1957/1078 2913/2976/2057 2912/2975/2056 2926/2989/2070 
f 1935/1958/1079 2927/2990/2071 2928/2991/2072 2929/2992/2073 
f 1936/1959/1080 2930/2993/2074 2931/2994/2075 2932/2995/2076 
f 1937/1960/1081 2933/2996/2077 2923/2986/2067 2922/2985/2066 
f 1938/1961/1082 2921/2984/2065 2920/2983/2064 2934/2997/2078 
f 1939/1962/1083 2935/2998/2079 2936/2999/2080 2937/3000/2081 
f 1940/1963/1084 2938/3001/2082 2939/3002/2083 2940/3003/2084 
f 1941/1964/1085 2941/3004/2085 2931/2994/2075 2930/2993/2074 
f 1942/1965/1086 2929/2992/2073 2928/2991/2072 2942/3005/2086 
f 1943/1966/1087 2943/3006/2087 2944/3007/2088 2945/3008/2089 
f 1944/1967/1088 2946/3009/2090 2947/3010/2091 2948/3011/2092 
f 1945/1968/1089 2949/3012/2093 2939/3002/2083 2938/3001/2082 
f 1946/1969/1090 2937/3000/2081 2936/2999/2080 2950/3013/2094 
f 1947/1970/1091 2951/3014/2095 2952/3015/2096 2953/3016/2097 
f 1948/1971/1092 2954/3017/2098 2955/3018/2099 2956/3019/2100 
f 1949/1972/1093 2957/3020/2101 2947/3010/2091 2946/3009/2090 
f 1950/1973/1094 2945/3008/2089 2944/3007/2088 2958/3021/2102 
f 1951/1974/1095 2959/3022/2103 2960/3023/2104 2961/3024/2105 
f 1952/1975/1096 2962/3025/2106 2963/3026/2107 2964/3027/2108 
f 1953/1976/1097 2965/3028/2109 2955/3018/2099 2954/3017/2098 
f 1954/1977/1098 2953/3016/2097 2952/3015/2096 2966/3029/2110 
f 1955/1978/1099 2967/3030/2111 2968/3031/2112 2969/3032/2113 
f 1956/1979/1100 2970/3033/2114 2971/3034/2115 2972/3035/2116 
f 1957/1980/1101 2973/3036/2117 2963/3026/2107 2962/3025/2106 
f 1958/1981/1102 2961/3024/2105 2960/3023/2104 2974/3037/2118 
f 1959/1982/1103 2975/3038/2119 2976/3039/2120 2977/3040/2121 
f 1960/1983/1104 2978/3041/2122 2979/3042/2123 2980/3043/2124 
f 1961/1984/1105 2981/3044/2125 2971/3034/2115 2970/3033/2114 
f 1962/1985/1106 2969/3032/2113 2968/3031/2112 2982/3045/2126 
f 1963/1986/1107 2983/3046/2127 2984/3047/2128 2985/3048/2129 
f 1964/1987/1108 2986/3049/2130 2987/3050/2131 2988/3051/2132 
f 1965/1988/1109 2989/3052/2133 2979/3042/2123 2978/3041/2122 
f 1966/1989/1110 2977/3040/2121 2976/3039/2120 2990/3053/2134 
f 1967/1990/1111 2991/3054/2135 2992/3055/2136 2993/3056/2137 
f 1968/1991/1112 2994/3057/2138 2995/3058/2139 2996/3059/2140 
f 1969/1992/1113 2997/3060/2141 2987/3050/2131 2986/3049/2130 
f 1970/1993/1114 2985/3048/2129 2984/3047/2128 2998/3061/2142 
f 1971/1994/1115 2999/3062/2143 3000/3063/2144 3001/3064/2145 
f 1972/1995/1116 3002/3065/2146 3003/3066/2147 3004/3067/2148 
f 1973/1996/1117 3005/3068/2149 2995/3058/2139 2994/3057/2138 
f 1974/1997/1118 2993/3056/2137 2992/3055/2136 3006/3069/2150 
f 1975/1998/1119 3007/3070/2151 3008/3071/2152 3009/3072/2153 
f 1976/1999/1120 3010/3073/2154 3011/3074/2155 3012/3075/2156 
f 1977/2000/1121 3013/3076/2157 3003/3077/2147 3002/3078/2146 
f 1978/2001/1122 3001/3079/2145 3000/3080/2144 3014/3081/2158 
f 1979/2002/1123 3015/3082/2159 3016/3083/2160 3017/3084/2161 
f 1980/2003/1124 3018/3085/2162 3019/3086/2163 3020/3087/2164 
f 1981/2004/1125 3021/3088/2165 3011/3074/2155 3010/3073/2154 
f 1982/2005/1126 3009/3072/2153 3008/3071/2152 3022/3089/2166 
f 1983/2006/1127 3023/3090/2167 3024/3091/2168 3025/3092/2169 
f 1984/2007/1128 3026/3093/2170 3027/3094/2171 3028/3095/2172 
f 1985/2008/1129 3029/3096/2173 3019/3086/2163 3018/3085/2162 
f 1986/2009/1130 3017/3084/2161 3016/3083/2160 3030/3097/2174 
f 1987/2010/1131 3031/3098/2175 3032/3099/2176 3033/3100/2177 
f 1988/2011/1132 3034/3101/2178 3035/3102/2179 3036/3103/2180 
f 1989/2012/1133 3037/3104/2181 3027/3094/2171 3026/3093/2170 
f 1990/2013/1134 3025/3092/2169 3024/3091/2168 3038/3105/2182 
f 1991/2014/1135 3039/3106/2183 3040/3107/2184 3041/3108/2185 
f 1992/2015/1136 3042/3109/2186 3043/3110/2187 3044/3111/2188 
f 1993/2016/1137 3045/3112/2189 3035/3102/2179 3034/3101/2178 
f 1994/2017/1138 3033/3100/2177 3032/3099/2176 3046/3113/2190 
f 1995/2018/1139 3047/3114/2191 3048/3115/2192 3049/3116/2193 
f 1996/2019/1140 3050/3117/2194 3051/3118/2195 3052/3119/2196 
f 1997/2020/1141 3053/3120/2197 3043/3110/2187 3042/3109/2186 
f 1998/2021/1142 3041/3108/2185 3040/3107/2184 3054/3121/2198 
f 1999/2022/1143 3055/3122/2199 3056/3123/2200 3057/3124/2201 
f 2000/2023/1144 3058/3125/2202 3059/3126/2203 3060/3127/2204 
f 2001/2024/1145 3061/3128/2205 3051/3118/2195 3050/3117/2194 
f 2002/2025/1146 3049/3116/2193 3048/3115/2192 3062/3129/2206 
f 2003/2026/1147 3063/3130/2207 3064/3131/2208 3065/3132/2209 
f 2004/2027/1148 3066/3133/2210 3067/3134/2211 3068/3135/2212 
f 2005/2028/1149 3069/3136/2213 3059/3126/2203 3058/3125/2202 
f 2006/2029/1150 3057/3124/2201 3056/3123/2200 3070/3137/2214 
f 2007/2030/1151 3071/3138/2215 3072/3139/2216 3073/3140/2217 
f 2008/2031/1152 3074/3141/2218 3075/3142/2219 3076/3143/2220 
f 2009/2032/1153 3077/3144/2221 3067/3134/2211 3066/3133/2210 
f 2010/2033/1154 3065/3132/2209 3064/3131/2208 3078/3145/2222 
f 2011/2034/1155 3079/3146/2223 3080/3147/2224 3081/3148/2225 
f 2012/2035/1156 3082/3149/2226 3083/3150/2227 3084/3151/2228 
f 2013/2036/1157 3085/3152/2229 3075/3142/2219 3074/3141/2218 
f 2014/2037/1158 3073/3140/2217 3072/3139/2216 3086/3153/2230 
f 2015/2038/1159 3087/3154/2231 3088/3155/2232 3089/3156/2233 
f 2016/2039/1160 3090/3157/2234 3091/3158/2235 3092/3159/2236 
f 2017/2040/1161 3093/3160/2237 3083/3150/2227 3082/3149/2226 
f 2018/2041/1162 3081/3148/2225 3080/3147/2224 3094/3161/2238 
f 2019/2042/1163 3095/3162/2239 3096/3163/2240 3097/3164/2241 
f 2020/2043/1164 3098/3165/2242 3099/3166/2243 3100/3167/2244 
f 2021/2044/1165 3101/3168/2245 3091/3158/2235 3090/3157/2234 
f 2022/2045/1166 3089/3156/2233 3088/3155/2232 3102/3169/2246 
f 2023/2046/1167 3103/3170/2247 3104/3171/2248 3105/3172/2249 
f 2024/2047/1168 3106/3173/2250 3107/3174/2251 3108/3175/2252 
f 2025/2048/1169 3109/3176/2253 3099/3166/2243 3098/3165/2242 
f 2026/2049/1170 3097/3164/2241 3096/3163/2240 3110/3177/2254 
f 2027/2050/1171 3111/3178/2255 3112/3179/2256 3113/3180/2257 
f 2028/2051/1172 3114/3181/2258 3115/3182/2259 3116/3183/2260 
f 2029/2052/1173 3117/3184/2261 3107/3174/2251 3106/3173/2250 
f 2030/2053/1174 3105/3172/2249 3104/3171/2248 3118/3185/2262 
f 2031/2054/1175 3119/3186/2263 3120/3187/2264 3121/3188/2265 
f 2032/2055/1176 3122/3189/2266 3123/3190/2267 3124/3191/2268 
f 2033/2056/1177 3125/3192/2269 3115/3182/2259 3114/3181/2258 
f 2034/2057/1178 3113/3180/2257 3112/3179/2256 3126/3193/2270 
f 2035/2058/1179 3127/3194/2271 3128/3195/2272 3129/3196/2273 
f 2036/2059/1180 3130/3197/2274 3131/3198/2275 3132/3199/2276 
f 2037/2060/1181 3133/3200/2277 3123/3190/2267 3122/3189/2266 
f 2038/2061/1182 3121/3188/2265 3120/3187/2264 3134/3201/2278 
f 2039/2062/1183 3135/3202/2279 3136/3203/2280 3137/3204/2281 
f 2040/2063/1184 3138/3205/2282 3139/3206/2283 3140/3207/2284 
f 2041/2064/1185 3141/3208/2285 3131/3198/2275 3130/3197/2274 
f 2042/2065/1186 3129/3196/2273 3128/3195/2272 3142/3209/2286 
f 2043/2066/1187 3143/3210/2287 3144/3211/2288 3145/3212/2289 
f 2044/2067/1188 3146/3213/2290 3147/3214/2291 3148/3215/2292 
f 2045/2068/1189 3149/3216/2293 3139/3206/2283 3138/3205/2282 
f 2046/2069/1190 3137/3204/2281 3136/3203/2280 3150/3217/2294 
f 2047/2070/1191 3151/3218/2295 2909/2972/2053 2908/2971/2052 
f 2048/2071/1192 2907/2970/2051 2906/2969/2050 3152/3219/2296 
f 2049/2072/1193 3153/3220/2297 3147/3214/2291 3146/3213/2290 
f 2050/2073/1194 3145/3212/2289 3144/3211/2288 3154/3221/2298 
f 2051/2074/1195 3155/3222/2299 3156/3223/2300 3157/3224/2301 
f 2052/2075/1196 3158/3225/2302 3159/3226/2303 3160/3227/2304 
f 2053/2076/1197 3161/3228/2305 3162/3229/2306 3163/3230/2307 
f 2054/2077/1198 3164/3231/2308 3165/3232/2309 3166/3233/2310 
f 2055/2078/1199 3167/3234/2311 3168/3235/2312 3169/3236/2313 
f 2056/2079/1200 3170/3237/2314 3171/3238/2315 3172/3239/2316 
f 2057/2080/1201 3173/3240/2317 3159/3226/2303 3158/3225/2302 
f 2058/2081/1202 3157/3224/2301 3156/3223/2300 3174/3241/2318 
f 2059/2082/1203 3175/3242/2319 3176/3243/2320 3177/3244/2321 
f 2060/2083/1204 3178/3245/2322 3179/3246/2323 3180/3247/2324 
f 2061/2084/1205 3181/3248/2325 3171/3238/2315 3170/3237/2314 
f 2062/2085/1206 3169/3236/2313 3168/3235/2312 3182/3249/2326 
f 2063/2086/1207 3183/3250/2327 3184/3251/2328 3185/3252/2329 
f 2064/2087/1208 3186/3253/2330 3187/3254/2331 3188/3255/2332 
f 2065/2088/1209 3189/3256/2333 3179/3246/2323 3178/3245/2322 
f 2066/2089/1210 3177/3244/2321 3176/3243/2320 3190/3257/2334 
f 2067/2090/1211 3191/3258/2335 3192/3259/2336 3193/3260/2337 
f 2068/2091/1212 3194/3261/2338 3195/3262/2339 3196/3263/2340 
f 2069/2092/1213 3197/3264/2341 3187/3254/2331 3186/3253/2330 
f 2070/2093/1214 3185/3252/2329 3184/3251/2328 3198/3265/2342 
f 2071/2094/1215 3199/3266/2343 3200/3267/2344 3201/3268/2345 
f 2072/2095/1216 3202/3269/2346 3203/3270/2347 3204/3271/2348 
f 2073/2096/1217 3205/3272/2349 3195/3262/2339 3194/3261/2338 
f 2074/2097/1218 3193/3260/2337 3192/3259/2336 3206/3273/2350 
f 2075/2098/1219 3207/3274/2351 3208/3275/2352 3209/3276/2353 
f 2076/2099/1220 3210/3277/2354 3211/3278/2355 3212/3279/2356 
f 2077/2100/1221 3213/3280/2357 3203/3270/2347 3202/3269/2346 
f 2078/2101/1222 3201/3268/2345 3200/3267/2344 3214/3281/2358 
f 2079/2102/1223 3215/3282/2359 3216/3283/2360 3217/3284/2361 
f 2080/2103/1224 3218/3285/2362 3219/3286/2363 3220/3287/2364 
f 2081/2104/1225 3221/3288/2365 3211/3278/2355 3210/3277/2354 
f 2082/2105/1226 3209/3276/2353 3208/3275/2352 3222/3289/2366 
f 2083/2106/1227 3223/3290/2367 3224/3291/2368 3225/3292/2369 
f 2084/2107/1228 3226/3293/2370 3227/3294/2371 3228/3295/2372 
f 2085/2108/1229 3229/3296/2373 3219/3286/2363 3218/3285/2362 
f 2086/2109/1230 3217/3284/2361 3216/3283/2360 3230/3297/2374 
f 2087/2110/1231 3231/3298/2375 3232/3299/2376 3233/3300/2377 
f 2088/2111/1232 3234/3301/2378 3235/3302/2379 3236/3303/2380 
f 2089/2112/1233 3237/3304/2381 3227/3294/2371 3226/3293/2370 
f 2090/2113/1234 3225/3292/2369 3224/3291/2368 3238/3305/2382 
f 2091/2114/1235 3239/3306/2383 3240/3307/2384 3241/3308/2385 
f 2092/2115/1236 3242/3309/2386 3243/3310/2387 3244/3311/2388 
f 2093/2116/1237 3245/3312/2389 3235/3302/2379 3234/3301/2378 
f 2094/2117/1238 3233/3300/2377 3232/3299/2376 3246/3313/2390 
f 2095/2118/1239 3247/3314/2391 3248/3315/2392 3249/3316/2393 
f 2096/2119/1240 3250/3317/2394 3251/3318/2395 3252/3319/2396 
f 2097/2120/1241 3253/3320/2397 3243/3310/2387 3242/3309/2386 
f 2098/2121/1242 3241/3308/2385 3240/3307/2384 3254/3321/2398 
f 2099/2122/1243 3255/3322/2399 3256/3323/2400 3257/3324/2401 
f 2100/2123/1244 3258/3325/2402 3259/3326/2403 3260/3327/2404 
f 2101/2124/1245 3261/3328/2405 3251/3318/2395 3250/3317/2394 
f 2102/2125/1246 3249/3316/2393 3248/3315/2392 3262/3329/2406 
f 2103/2126/1247 3263/3330/2407 3264/3331/2408 3265/3332/2409 
f 2104/2127/1248 3266/3333/2410 3267/3334/2411 3268/3335/2412 
f 2105/2128/1249 3269/3336/2413 3259/3337/2403 3258/3338/2402 
f 2106/2129/1250 3257/3339/2401 3256/3340/2400 3270/3341/2414 
f 2107/2130/1251 3271/3342/2415 3272/3343/2416 3273/3344/2417 
f 2108/2131/1252 3274/3345/2418 3275/3346/2419 3276/3347/2420 
f 2109/2132/1253 3277/3348/2421 3267/3334/2411 3266/3333/2410 
f 2110/2133/1254 3265/3332/2409 3264/3331/2408 3278/3349/2422 
f 2111/2134/1255 3279/3350/2423 3280/3351/2424 3281/3352/2425 
f 2112/2135/1256 3282/3353/2426 3283/3354/2427 3284/3355/2428 
f 2113/2136/1257 3285/3356/2429 3275/3346/2419 3274/3345/2418 
f 2114/2137/1258 3273/3344/2417 3272/3343/2416 3286/3357/2430 
f 2115/2138/1259 3287/3358/2431 3288/3359/2432 3289/3360/2433 
f 2116/2139/1260 3290/3361/2434 3291/3362/2435 3292/3363/2436 
f 2117/2140/1261 3293/3364/2437 3283/3354/2427 3282/3353/2426 
f 2118/2141/1262 3281/3352/2425 3280/3351/2424 3294/3365/2438 
f 2119/2142/1263 3295/3366/2439 3296/3367/2440 3297/3368/2441 
f 2120/2143/1264 3298/3369/2442 3299/3370/2443 3300/3371/2444 
f 2121/2144/1265 3301/3372/2445 3291/3362/2435 3290/3361/2434 
f 2122/2145/1266 3289/3360/2433 3288/3359/2432 3302/3373/2446 
f 2123/2146/1267 3303/3374/2447 3304/3375/2448 3305/3376/2449 
f 2124/2147/1268 3306/3377/2450 3307/3378/2451 3308/3379/2452 
f 2125/2148/1269 3309/3380/2453 3299/3370/2443 3298/3369/2442 
f 2126/2149/1270 3297/3368/2441 3296/3367/2440 3310/3381/2454 
f 2127/2150/1271 3311/3382/2455 3312/3383/2456 3313/3384/2457 
f 2128/2151/1272 3314/3385/2458 3315/3386/2459 3316/3387/2460 
f 2129/2152/1273 3317/3388/2461 3307/3378/2451 3306/3377/2450 
f 2130/2153/1274 3305/3376/2449 3304/3375/2448 3318/3389/2462 
f 2131/2154/1275 3319/3390/2463 3320/3391/2464 3321/3392/2465 
f 2132/2155/1276 3322/3393/2466 3323/3394/2467 3324/3395/2468 
f 2133/2156/1277 3325/3396/2469 3315/3386/2459 3314/3385/2458 
f 2134/2157/1278 3313/3384/2457 3312/3383/2456 3326/3397/2470 
f 2135/2158/1279 3327/3398/2471 3328/3399/2472 3329/3400/2473 
f 2136/2159/1280 3330/3401/2474 3331/3402/2475 3332/3403/2476 
f 2137/2160/1281 3333/3404/2477 3323/3394/2467 3322/3393/2466 
f 2138/2161/1282 3321/3392/2465 3320/3391/2464 3334/3405/2478 
f 2139/2162/1283 3335/3406/2479 3336/3407/2480 3337/3408/2481 
f 2140/2163/1284 3338/3409/2482 3339/3410/2483 3340/3411/2484 
f 2141/2164/1285 3341/3412/2485 3331/3402/2475 3330/3401/2474 
f 2142/2165/1286 3329/3400/2473 3328/3399/2472 3342/3413/2486 
f 2143/2166/1287 3343/3414/2487 3344/3415/2488 3345/3416/2489 
f 2144/2167/1288 3346/3417/2490 3347/3418/2491 3348/3419/2492 
f 2145/2168/1289 3349/3420/2493 3339/3410/2483 3338/3409/2482 
f 2146/2169/1290 3337/3408/2481 3336/3407/2480 3350/3421/2494 
f 2147/2170/1291 3351/3422/2495 3352/3423/2496 3353/3424/2497 
f 2148/2171/1292 3354/3425/2498 3355/3426/2499 3356/3427/2500 
f 2149/2172/1293 3357/3428/2501 3347/3418/2491 3346/3417/2490 
f 2150/2173/1294 3345/3416/2489 3344/3415/2488 3358/3429/2502 
f 2151/2174/1295 3359/3430/2503 3360/3431/2504 3361/3432/2505 
f 2152/2175/1296 3362/3433/2506 3363/3434/2507 3364/3435/2508 
f 2153/2176/1297 3365/3436/2509 3355/3426/2499 3354/3425/2498 
f 2154/2177/1298 3353/3424/2497 3352/3423/2496 3366/3437/2510 
f 2155/2178/1299 3367/3438/2511 3368/3439/2512 3369/3440/2513 
f 2156/2179/1300 3370/3441/2514 3371/3442/2515 3372/3443/2516 
f 2157/2180/1301 3373/3444/2517 3363/3434/2507 3362/3433/2506 
f 2158/2181/1302 3361/3432/2505 3360/3431/2504 3374/3445/2518 
f 2159/2182/1303 3375/3446/2519 3376/3447/2520 3377/3448/2521 
f 2160/2183/1304 3378/3449/2522 3379/3450/2523 3380/3451/2524 
f 2161/2184/1305 3381/3452/2525 3371/3442/2515 3370/3441/2514 
f 2162/2185/1306 3369/3440/2513 3368/3439/2512 3382/3453/2526 
f 2163/2186/1307 3383/3454/2527 3384/3455/2528 3385/3456/2529 
f 2164/2187/1308 3386/3457/2530 3387/3458/2531 3388/3459/2532 
f 2165/2188/1309 3389/3460/2533 3379/3450/2523 3378/3449/2522 
f 2166/2189/1310 3377/3448/2521 3376/3447/2520 3390/3461/2534 
f 2167/2190/1311 3391/3462/2535 3392/3463/2536 3393/3464/2537 
f 2168/2191/1312 3394/3465/2538 3395/3466/2539 3396/3467/2540 
f 2169/2192/1313 3397/3468/2541 3387/3458/2531 3386/3457/2530 
f 2170/2193/1314 3385/3456/2529 3384/3455/2528 3398/3469/2542 
f 2171/2194/1315 3399/3470/2543 3400/3471/2544 3401/3472/2545 
f 2172/2195/1316 3402/3473/2546 3403/3474/2547 3404/3475/2548 
f 2173/2196/1317 3405/3476/2549 3395/3466/2539 3394/3465/2538 
f 2174/2197/1318 3393/3464/2537 3392/3463/2536 3406/3477/2550 
f 2175/2198/1319 3407/3478/2551 3165/3232/2309 3164/3231/2308 
f 2176/2199/1320 3163/3230/2307 3162/3229/2306 3408/3479/2552 
f 2177/2200/1321 3409/3480/2553 3403/3474/2547 3402/3473/2546 
f 2178/2201/1322 3401/3472/2545 3400/3471/2544 3410/3481/2554 
f 2179/2202/1323 2651/2710/1795 2650/2709/1794 3411/3482/2555 
f 2180/2203/1324 3412/3483/2556 3156/3223/2300 3155/3222/2299 
f 2181/2204/1325 3166/3233/2310 3165/3232/2309 3413/3484/2557 
f 2182/2205/1326 3414/3485/2558 2653/2712/1797 2652/2711/1796 
f 2183/2206/1327 2661/2720/1805 2660/2719/1804 3415/3486/2559 
f 2184/2207/1328 3416/3487/2560 3168/3235/2312 3167/3234/2311 
f 2185/2208/1329 3174/3241/2318 3156/3223/2300 3412/3483/2556 
f 2186/2209/1330 3411/3482/2555 2650/2709/1794 2662/2721/1806 
f 2187/2210/1331 2669/2728/1813 2668/2727/1812 3417/3488/2561 
f 2188/2211/1332 3418/3489/2562 3176/3243/2320 3175/3242/2319 
f 2189/2212/1333 3182/3249/2326 3168/3235/2312 3416/3487/2560 
f 2190/2213/1334 3415/3486/2559 2660/2719/1804 2670/2729/1814 
f 2191/2214/1335 2677/2736/1821 2676/2735/1820 3419/3490/2563 
f 2192/2215/1336 3420/3491/2564 3184/3251/2328 3183/3250/2327 
f 2193/2216/1337 3190/3257/2334 3176/3243/2320 3418/3489/2562 
f 2194/2217/1338 3417/3488/2561 2668/2727/1812 2678/2737/1822 
f 2195/2218/1339 2685/2744/1829 2684/2743/1828 3421/3492/2565 
f 2196/2219/1340 3422/3493/2566 3192/3259/2336 3191/3258/2335 
f 2197/2220/1341 3198/3265/2342 3184/3251/2328 3420/3491/2564 
f 2198/2221/1342 3419/3490/2563 2676/2735/1820 2686/2745/1830 
f 2199/2222/1343 2693/2752/1837 2692/2751/1836 3423/3494/2567 
f 2200/2223/1344 3424/3495/2568 3200/3267/2344 3199/3266/2343 
f 2201/2224/1345 3206/3273/2350 3192/3259/2336 3422/3493/2566 
f 2202/2225/1346 3421/3492/2565 2684/2743/1828 2694/2753/1838 
f 2203/2226/1347 2701/2760/1845 2700/2759/1844 3425/3496/2569 
f 2204/2227/1348 3426/3497/2570 3208/3275/2352 3207/3274/2351 
f 2205/2228/1349 3214/3281/2358 3200/3267/2344 3424/3495/2568 
f 2206/2229/1350 3423/3494/2567 2692/2751/1836 2702/2761/1846 
f 2207/2230/1351 2709/2768/1853 2708/2767/1852 3427/3498/2571 
f 2208/2231/1352 3428/3499/2572 3216/3283/2360 3215/3282/2359 
f 2209/2232/1353 3222/3289/2366 3208/3275/2352 3426/3497/2570 
f 2210/2233/1354 3425/3496/2569 2700/2759/1844 2710/2769/1854 
f 2211/2234/1355 2717/2776/1861 2716/2775/1860 3429/3500/2573 
f 2212/2235/1356 3430/3501/2574 3224/3291/2368 3223/3290/2367 
f 2213/2236/1357 3230/3297/2374 3216/3283/2360 3428/3499/2572 
f 2214/2237/1358 3427/3498/2571 2708/2767/1852 2718/2777/1862 
f 2215/2238/1359 2725/2784/1869 2724/2783/1868 3431/3502/2575 
f 2216/2239/1360 3432/3503/2576 3232/3299/2376 3231/3298/2375 
f 2217/2240/1361 3238/3305/2382 3224/3291/2368 3430/3501/2574 
f 2218/2241/1362 3429/3500/2573 2716/2775/1860 2726/2785/1870 
f 2219/2242/1363 2733/2792/1877 2732/2791/1876 3433/3504/2577 
f 2220/2243/1364 3434/3505/2578 3240/3307/2384 3239/3306/2383 
f 2221/2244/1365 3246/3313/2390 3232/3299/2376 3432/3503/2576 
f 2222/2245/1366 3431/3502/2575 2724/2783/1868 2734/2793/1878 
f 2223/2246/1367 2741/2800/1885 2740/2799/1884 3435/3506/2579 
f 2224/2247/1368 3436/3507/2580 3248/3315/2392 3247/3314/2391 
f 2225/2248/1369 3254/3321/2398 3240/3307/2384 3434/3505/2578 
f 2226/2249/1370 3433/3504/2577 2732/2791/1876 2742/2801/1886 
f 2227/2250/1371 2749/2808/1893 2748/2807/1892 3437/3508/2581 
f 2228/2251/1372 3438/3509/2582 3256/3323/2400 3255/3322/2399 
f 2229/2252/1373 3262/3329/2406 3248/3315/2392 3436/3507/2580 
f 2230/2253/1374 3435/3506/2579 2740/2799/1884 2750/2809/1894 
f 2231/2254/1375 2757/2818/1901 2756/2817/1900 3439/3510/2583 
f 2232/2255/1376 3440/3511/2584 3264/3331/2408 3263/3330/2407 
f 2233/2256/1377 3270/3341/2414 3256/3340/2400 3438/3512/2582 
f 2234/2257/1378 3437/3513/2581 2748/2820/1892 2758/2819/1902 
f 2235/2258/1379 2765/2828/1909 2764/2827/1908 3441/3514/2585 
f 2236/2259/1380 3442/3515/2586 3272/3343/2416 3271/3342/2415 
f 2237/2260/1381 3278/3349/2422 3264/3331/2408 3440/3511/2584 
f 2238/2261/1382 3439/3510/2583 2756/2817/1900 2766/2829/1910 
f 2239/2262/1383 2773/2836/1917 2772/2835/1916 3443/3516/2587 
f 2240/2263/1384 3444/3517/2588 3280/3351/2424 3279/3350/2423 
f 2241/2264/1385 3286/3357/2430 3272/3343/2416 3442/3515/2586 
f 2242/2265/1386 3441/3514/2585 2764/2827/1908 2774/2837/1918 
f 2243/2266/1387 2781/2844/1925 2780/2843/1924 3445/3518/2589 
f 2244/2267/1388 3446/3519/2590 3288/3359/2432 3287/3358/2431 
f 2245/2268/1389 3294/3365/2438 3280/3351/2424 3444/3517/2588 
f 2246/2269/1390 3443/3516/2587 2772/2835/1916 2782/2845/1926 
f 2247/2270/1391 2789/2852/1933 2788/2851/1932 3447/3520/2591 
f 2248/2271/1392 3448/3521/2592 3296/3367/2440 3295/3366/2439 
f 2249/2272/1393 3302/3373/2446 3288/3359/2432 3446/3519/2590 
f 2250/2273/1394 3445/3518/2589 2780/2843/1924 2790/2853/1934 
f 2251/2274/1395 2797/2860/1941 2796/2859/1940 3449/3522/2593 
f 2252/2275/1396 3450/3523/2594 3304/3375/2448 3303/3374/2447 
f 2253/2276/1397 3310/3381/2454 3296/3367/2440 3448/3521/2592 
f 2254/2277/1398 3447/3520/2591 2788/2851/1932 2798/2861/1942 
f 2255/2278/1399 2805/2868/1949 2804/2867/1948 3451/3524/2595 
f 2256/2279/1400 3452/3525/2596 3312/3383/2456 3311/3382/2455 
f 2257/2280/1401 3318/3389/2462 3304/3375/2448 3450/3523/2594 
f 2258/2281/1402 3449/3522/2593 2796/2859/1940 2806/2869/1950 
f 2259/2282/1403 2813/2876/1957 2812/2875/1956 3453/3526/2597 
f 2260/2283/1404 3454/3527/2598 3320/3391/2464 3319/3390/2463 
f 2261/2284/1405 3326/3397/2470 3312/3383/2456 3452/3525/2596 
f 2262/2285/1406 3451/3524/2595 2804/2867/1948 2814/2877/1958 
f 2263/2286/1407 2821/2884/1965 2820/2883/1964 3455/3528/2599 
f 2264/2287/1408 3456/3529/2600 3328/3399/2472 3327/3398/2471 
f 2265/2288/1409 3334/3405/2478 3320/3391/2464 3454/3527/2598 
f 2266/2289/1410 3453/3526/2597 2812/2875/1956 2822/2885/1966 
f 2267/2290/1411 2829/2892/1973 2828/2891/1972 3457/3530/2601 
f 2268/2291/1412 3458/3531/2602 3336/3407/2480 3335/3406/2479 
f 2269/2292/1413 3342/3413/2486 3328/3399/2472 3456/3529/2600 
f 2270/2293/1414 3455/3528/2599 2820/2883/1964 2830/2893/1974 
f 2271/2294/1415 2837/2900/1981 2836/2899/1980 3459/3532/2603 
f 2272/2295/1416 3460/3533/2604 3344/3415/2488 3343/3414/2487 
f 2273/2296/1417 3350/3421/2494 3336/3407/2480 3458/3531/2602 
f 2274/2297/1418 3457/3530/2601 2828/2891/1972 2838/2901/1982 
f 2275/2298/1419 2845/2908/1989 2844/2907/1988 3461/3534/2605 
f 2276/2299/1420 3462/3535/2606 3352/3423/2496 3351/3422/2495 
f 2277/2300/1421 3358/3429/2502 3344/3415/2488 3460/3533/2604 
f 2278/2301/1422 3459/3532/2603 2836/2899/1980 2846/2909/1990 
f 2279/2302/1423 2853/2916/1997 2852/2915/1996 3463/3536/2607 
f 2280/2303/1424 3464/3537/2608 3360/3431/2504 3359/3430/2503 
f 2281/2304/1425 3366/3437/2510 3352/3423/2496 3462/3535/2606 
f 2282/2305/1426 3461/3534/2605 2844/2907/1988 2854/2917/1998 
f 2283/2306/1427 2861/2924/2005 2860/2923/2004 3465/3538/2609 
f 2284/2307/1428 3466/3539/2610 3368/3439/2512 3367/3438/2511 
f 2285/2308/1429 3374/3445/2518 3360/3431/2504 3464/3537/2608 
f 2286/2309/1430 3463/3536/2607 2852/2915/1996 2862/2925/2006 
f 2287/2310/1431 2869/2932/2013 2868/2931/2012 3467/3540/2611 
f 2288/2311/1432 3468/3541/2612 3376/3447/2520 3375/3446/2519 
f 2289/2312/1433 3382/3453/2526 3368/3439/2512 3466/3539/2610 
f 2290/2313/1434 3465/3538/2609 2860/2923/2004 2870/2933/2014 
f 2291/2314/1435 2877/2940/2021 2876/2939/2020 3469/3542/2613 
f 2292/2315/1436 3470/3543/2614 3384/3455/2528 3383/3454/2527 
f 2293/2316/1437 3390/3461/2534 3376/3447/2520 3468/3541/2612 
f 2294/2317/1438 3467/3540/2611 2868/2931/2012 2878/2941/2022 
f 2295/2318/1439 2885/2948/2029 2884/2947/2028 3471/3544/2615 
f 2296/2319/1440 3472/3545/2616 3392/3463/2536 3391/3462/2535 
f 2297/2320/1441 3398/3469/2542 3384/3455/2528 3470/3543/2614 
f 2298/2321/1442 3469/3542/2613 2876/2939/2020 2886/2949/2030 
f 2299/2322/1443 2893/2956/2037 2892/2955/2036 3473/3546/2617 
f 2300/2323/1444 3474/3547/2618 3400/3471/2544 3399/3470/2543 
f 2301/2324/1445 3406/3477/2550 3392/3463/2536 3472/3545/2616 
f 2302/2325/1446 3471/3544/2615 2884/2947/2028 2894/2957/2038 
f 2303/2326/1447 2897/2960/2041 2653/2712/1797 3414/3485/2558 
f 2304/2327/1448 3413/3484/2557 3165/3232/2309 3407/3478/2551 
f 2305/2328/1449 3410/3481/2554 3400/3471/2544 3474/3547/2618 
f 2306/2329/1450 3473/3546/2617 2892/2955/2036 2898/2961/2042 
f 2307/2330/1451 2904/2967/2048 2903/2966/2047 3475/3548/2619 
f 2310/2333/1454 3476/3549/2620 2906/2969/2050 2905/2968/2049 
f 2311/2334/1455 2916/2979/2060 2915/2978/2059 3477/3550/2621 
f 2314/2337/1458 3475/3548/2619 2903/2966/2047 2917/2980/2061 
f 2315/2338/1459 2924/2987/2068 2923/2986/2067 3478/3551/2622 
f 2318/2341/1462 3477/3550/2621 2915/2978/2059 2925/2988/2069 
f 2319/2342/1463 2932/2995/2076 2931/2994/2075 3479/3552/2623 
f 2322/2345/1466 3478/3551/2622 2923/2986/2067 2933/2996/2077 
f 2323/2346/1467 2940/3003/2084 2939/3002/2083 3480/3553/2624 
f 2326/2349/1470 3479/3552/2623 2931/2994/2075 2941/3004/2085 
f 2327/2350/1471 2948/3011/2092 2947/3010/2091 3481/3554/2625 
f 2330/2353/1474 3480/3553/2624 2939/3002/2083 2949/3012/2093 
f 2331/2354/1475 2956/3019/2100 2955/3018/2099 3482/3555/2626 
f 2334/2357/1478 3481/3554/2625 2947/3010/2091 2957/3020/2101 
f 2335/2358/1479 2964/3027/2108 2963/3026/2107 3483/3556/2627 
f 2338/2361/1482 3482/3555/2626 2955/3018/2099 2965/3028/2109 
f 2339/2362/1483 2972/3035/2116 2971/3034/2115 3484/3557/2628 
f 2342/2365/1486 3483/3556/2627 2963/3026/2107 2973/3036/2117 
f 2343/2366/1487 2980/3043/2124 2979/3042/2123 3485/3558/2629 
f 2346/2369/1490 3484/3557/2628 2971/3034/2115 2981/3044/2125 
f 2347/2370/1491 2988/3051/2132 2987/3050/2131 3486/3559/2630 
f 2350/2373/1494 3485/3558/2629 2979/3042/2123 2989/3052/2133 
f 2351/2374/1495 2996/3059/2140 2995/3058/2139 3487/3560/2631 
f 2354/2377/1498 3486/3559/2630 2987/3050/2131 2997/3060/2141 
f 2355/2378/1499 3004/3067/2148 3003/3066/2147 3488/3561/2632 
f 2358/2381/1502 3487/3560/2631 2995/3058/2139 3005/3068/2149 
f 2359/2382/1503 3012/3075/2156 3011/3074/2155 3489/3562/2633 
f 2362/2385/1506 3488/3563/2632 3003/3077/2147 3013/3076/2157 
f 2363/2386/1507 3020/3087/2164 3019/3086/2163 3490/3564/2634 
f 2366/2389/1510 3489/3562/2633 3011/3074/2155 3021/3088/2165 
f 2367/2390/1511 3028/3095/2172 3027/3094/2171 3491/3565/2635 
f 2370/2393/1514 3490/3564/2634 3019/3086/2163 3029/3096/2173 
f 2371/2394/1515 3036/3103/2180 3035/3102/2179 3492/3566/2636 
f 2374/2397/1518 3491/3565/2635 3027/3094/2171 3037/3104/2181 
f 2375/2398/1519 3044/3111/2188 3043/3110/2187 3493/3567/2637 
f 2378/2401/1522 3492/3566/2636 3035/3102/2179 3045/3112/2189 
f 2379/2402/1523 3052/3119/2196 3051/3118/2195 3494/3568/2638 
f 2382/2405/1526 3493/3567/2637 3043/3110/2187 3053/3120/2197 
f 2383/2406/1527 3060/3127/2204 3059/3126/2203 3495/3569/2639 
f 2386/2409/1530 3494/3568/2638 3051/3118/2195 3061/3128/2205 
f 2387/2410/1531 3068/3135/2212 3067/3134/2211 3496/3570/2640 
f 2390/2413/1534 3495/3569/2639 3059/3126/2203 3069/3136/2213 
f 2391/2414/1535 3076/3143/2220 3075/3142/2219 3497/3571/2641 
f 2394/2417/1538 3496/3570/2640 3067/3134/2211 3077/3144/2221 
f 2395/2418/1539 3084/3151/2228 3083/3150/2227 3498/3572/2642 
f 2398/2421/1542 3497/3571/2641 3075/3142/2219 3085/3152/2229 
f 2399/2422/1543 3092/3159/2236 3091/3158/2235 3499/3573/2643 
f 2402/2425/1546 3498/3572/2642 3083/3150/2227 3093/3160/2237 
f 2403/2426/1547 3100/3167/2244 3099/3166/2243 3500/3574/2644 
f 2406/2429/1550 3499/3573/2643 3091/3158/2235 3101/3168/2245 
f 2407/2430/1551 3108/3175/2252 3107/3174/2251 3501/3575/2645 
f 2410/2433/1554 3500/3574/2644 3099/3166/2243 3109/3176/2253 
f 2411/2434/1555 3116/3183/2260 3115/3182/2259 3502/3576/2646 
f 2414/2437/1558 3501/3575/2645 3107/3174/2251 3117/3184/2261 
f 2415/2438/1559 3124/3191/2268 3123/3190/2267 3503/3577/2647 
f 2418/2441/1562 3502/3576/2646 3115/3182/2259 3125/3192/2269 
f 2419/2442/1563 3132/3199/2276 3131/3198/2275 3504/3578/2648 
f 2422/2445/1566 3503/3577/2647 3123/3190/2267 3133/3200/2277 
f 2423/2446/1567 3140/3207/2284 3139/3206/2283 3505/3579/2649 
f 2426/2449/1570 3504/3578/2648 3131/3198/2275 3141/3208/2285 
f 2427/2450/1571 3148/3215/2292 3147/3214/2291 3506/3580/2650 
f 2430/2453/1574 3505/3579/2649 3139/3206/2283 3149/3216/2293 
f 2431/2454/1575 3152/3219/2296 2906/2969/2050 3476/3549/2620 
f 2434/2457/1578 3506/3580/2650 3147/3214/2291 3153/3220/2297 
f 2451/2491/1595 3160/3227/2304 3159/3226/2303 3507/3581/2651 
f 2452/2492/1596 3508/3582/2652 2900/2963/2044 2899/2962/2043 
f 2453/2493/1597 2910/2973/2054 2909/2972/2053 3509/3583/2653 
f 2454/2494/1598 3510/3584/2654 3162/3229/2306 3161/3228/2305 
f 2455/2495/1599 3172/3239/2316 3171/3238/2315 3511/3585/2655 
f 2456/2496/1600 3512/3586/2656 2912/2975/2056 2911/2974/2055 
f 2457/2497/1601 2918/2981/2062 2900/2963/2044 3508/3582/2652 
f 2458/2498/1602 3507/3581/2651 3159/3226/2303 3173/3240/2317 
f 2459/2499/1603 3180/3247/2324 3179/3246/2323 3513/3587/2657 
f 2460/2500/1604 3514/3588/2658 2920/2983/2064 2919/2982/2063 
f 2461/2501/1605 2926/2989/2070 2912/2975/2056 3512/3586/2656 
f 2462/2502/1606 3511/3585/2655 3171/3238/2315 3181/3248/2325 
f 2463/2503/1607 3188/3255/2332 3187/3254/2331 3515/3589/2659 
f 2464/2504/1608 3516/3590/2660 2928/2991/2072 2927/2990/2071 
f 2465/2505/1609 2934/2997/2078 2920/2983/2064 3514/3588/2658 
f 2466/2506/1610 3513/3587/2657 3179/3246/2323 3189/3256/2333 
f 2467/2507/1611 3196/3263/2340 3195/3262/2339 3517/3591/2661 
f 2468/2508/1612 3518/3592/2662 2936/2999/2080 2935/2998/2079 
f 2469/2509/1613 2942/3005/2086 2928/2991/2072 3516/3590/2660 
f 2470/2510/1614 3515/3589/2659 3187/3254/2331 3197/3264/2341 
f 2471/2511/1615 3204/3271/2348 3203/3270/2347 3519/3593/2663 
f 2472/2512/1616 3520/3594/2664 2944/3007/2088 2943/3006/2087 
f 2473/2513/1617 2950/3013/2094 2936/2999/2080 3518/3592/2662 
f 2474/2514/1618 3517/3591/2661 3195/3262/2339 3205/3272/2349 
f 2475/2515/1619 3212/3279/2356 3211/3278/2355 3521/3595/2665 
f 2476/2516/1620 3522/3596/2666 2952/3015/2096 2951/3014/2095 
f 2477/2517/1621 2958/3021/2102 2944/3007/2088 3520/3594/2664 
f 2478/2518/1622 3519/3593/2663 3203/3270/2347 3213/3280/2357 
f 2479/2519/1623 3220/3287/2364 3219/3286/2363 3523/3597/2667 
f 2480/2520/1624 3524/3598/2668 2960/3023/2104 2959/3022/2103 
f 2481/2521/1625 2966/3029/2110 2952/3015/2096 3522/3596/2666 
f 2482/2522/1626 3521/3595/2665 3211/3278/2355 3221/3288/2365 
f 2483/2523/1627 3228/3295/2372 3227/3294/2371 3525/3599/2669 
f 2484/2524/1628 3526/3600/2670 2968/3031/2112 2967/3030/2111 
f 2485/2525/1629 2974/3037/2118 2960/3023/2104 3524/3598/2668 
f 2486/2526/1630 3523/3597/2667 3219/3286/2363 3229/3296/2373 
f 2487/2527/1631 3236/3303/2380 3235/3302/2379 3527/3601/2671 
f 2488/2528/1632 3528/3602/2672 2976/3039/2120 2975/3038/2119 
f 2489/2529/1633 2982/3045/2126 2968/3031/2112 3526/3600/2670 
f 2490/2530/1634 3525/3599/2669 3227/3294/2371 3237/3304/2381 
f 2491/2531/1635 3244/3311/2388 3243/3310/2387 3529/3603/2673 
f 2492/2532/1636 3530/3604/2674 2984/3047/2128 2983/3046/2127 
f 2493/2533/1637 2990/3053/2134 2976/3039/2120 3528/3602/2672 
f 2494/2534/1638 3527/3601/2671 3235/3302/2379 3245/3312/2389 
f 2495/2535/1639 3252/3319/2396 3251/3318/2395 3531/3605/2675 
f 2496/2536/1640 3532/3606/2676 2992/3055/2136 2991/3054/2135 
f 2497/2537/1641 2998/3061/2142 2984/3047/2128 3530/3604/2674 
f 2498/2538/1642 3529/3603/2673 3243/3310/2387 3253/3320/2397 
f 2499/2539/1643 3260/3327/2404 3259/3326/2403 3533/3607/2677 
f 2500/2540/1644 3534/3608/2678 3000/3063/2144 2999/3062/2143 
f 2501/2541/1645 3006/3069/2150 2992/3055/2136 3532/3606/2676 
f 2502/2542/1646 3531/3605/2675 3251/3318/2395 3261/3328/2405 
f 2503/2543/1647 3268/3335/2412 3267/3334/2411 3535/3609/2679 
f 2504/2544/1648 3536/3610/2680 3008/3071/2152 3007/3070/2151 
f 2505/2545/1649 3014/3081/2158 3000/3080/2144 3534/3611/2678 
f 2506/2546/1650 3533/3612/2677 3259/3337/2403 3269/3336/2413 
f 2507/2547/1651 3276/3347/2420 3275/3346/2419 3537/3613/2681 
f 2508/2548/1652 3538/3614/2682 3016/3083/2160 3015/3082/2159 
f 2509/2549/1653 3022/3089/2166 3008/3071/2152 3536/3610/2680 
f 2510/2550/1654 3535/3609/2679 3267/3334/2411 3277/3348/2421 
f 2511/2551/1655 3284/3355/2428 3283/3354/2427 3539/3615/2683 
f 2512/2552/1656 3540/3616/2684 3024/3091/2168 3023/3090/2167 
f 2513/2553/1657 3030/3097/2174 3016/3083/2160 3538/3614/2682 
f 2514/2554/1658 3537/3613/2681 3275/3346/2419 3285/3356/2429 
f 2515/2555/1659 3292/3363/2436 3291/3362/2435 3541/3617/2685 
f 2516/2556/1660 3542/3618/2686 3032/3099/2176 3031/3098/2175 
f 2517/2557/1661 3038/3105/2182 3024/3091/2168 3540/3616/2684 
f 2518/2558/1662 3539/3615/2683 3283/3354/2427 3293/3364/2437 
f 2519/2559/1663 3300/3371/2444 3299/3370/2443 3543/3619/2687 
f 2520/2560/1664 3544/3620/2688 3040/3107/2184 3039/3106/2183 
f 2521/2561/1665 3046/3113/2190 3032/3099/2176 3542/3618/2686 
f 2522/2562/1666 3541/3617/2685 3291/3362/2435 3301/3372/2445 
f 2523/2563/1667 3308/3379/2452 3307/3378/2451 3545/3621/2689 
f 2524/2564/1668 3546/3622/2690 3048/3115/2192 3047/3114/2191 
f 2525/2565/1669 3054/3121/2198 3040/3107/2184 3544/3620/2688 
f 2526/2566/1670 3543/3619/2687 3299/3370/2443 3309/3380/2453 
f 2527/2567/1671 3316/3387/2460 3315/3386/2459 3547/3623/2691 
f 2528/2568/1672 3548/3624/2692 3056/3123/2200 3055/3122/2199 
f 2529/2569/1673 3062/3129/2206 3048/3115/2192 3546/3622/2690 
f 2530/2570/1674 3545/3621/2689 3307/3378/2451 3317/3388/2461 
f 2531/2571/1675 3324/3395/2468 3323/3394/2467 3549/3625/2693 
f 2532/2572/1676 3550/3626/2694 3064/3131/2208 3063/3130/2207 
f 2533/2573/1677 3070/3137/2214 3056/3123/2200 3548/3624/2692 
f 2534/2574/1678 3547/3623/2691 3315/3386/2459 3325/3396/2469 
f 2535/2575/1679 3332/3403/2476 3331/3402/2475 3551/3627/2695 
f 2536/2576/1680 3552/3628/2696 3072/3139/2216 3071/3138/2215 
f 2537/2577/1681 3078/3145/2222 3064/3131/2208 3550/3626/2694 
f 2538/2578/1682 3549/3625/2693 3323/3394/2467 3333/3404/2477 
f 2539/2579/1683 3340/3411/2484 3339/3410/2483 3553/3629/2697 
f 2540/2580/1684 3554/3630/2698 3080/3147/2224 3079/3146/2223 
f 2541/2581/1685 3086/3153/2230 3072/3139/2216 3552/3628/2696 
f 2542/2582/1686 3551/3627/2695 3331/3402/2475 3341/3412/2485 
f 2543/2583/1687 3348/3419/2492 3347/3418/2491 3555/3631/2699 
f 2544/2584/1688 3556/3632/2700 3088/3155/2232 3087/3154/2231 
f 2545/2585/1689 3094/3161/2238 3080/3147/2224 3554/3630/2698 
f 2546/2586/1690 3553/3629/2697 3339/3410/2483 3349/3420/2493 
f 2547/2587/1691 3356/3427/2500 3355/3426/2499 3557/3633/2701 
f 2548/2588/1692 3558/3634/2702 3096/3163/2240 3095/3162/2239 
f 2549/2589/1693 3102/3169/2246 3088/3155/2232 3556/3632/2700 
f 2550/2590/1694 3555/3631/2699 3347/3418/2491 3357/3428/2501 
f 2551/2591/1695 3364/3435/2508 3363/3434/2507 3559/3635/2703 
f 2552/2592/1696 3560/3636/2704 3104/3171/2248 3103/3170/2247 
f 2553/2593/1697 3110/3177/2254 3096/3163/2240 3558/3634/2702 
f 2554/2594/1698 3557/3633/2701 3355/3426/2499 3365/3436/2509 
f 2555/2595/1699 3372/3443/2516 3371/3442/2515 3561/3637/2705 
f 2556/2596/1700 3562/3638/2706 3112/3179/2256 3111/3178/2255 
f 2557/2597/1701 3118/3185/2262 3104/3171/2248 3560/3636/2704 
f 2558/2598/1702 3559/3635/2703 3363/3434/2507 3373/3444/2517 
f 2559/2599/1703 3380/3451/2524 3379/3450/2523 3563/3639/2707 
f 2560/2600/1704 3564/3640/2708 3120/3187/2264 3119/3186/2263 
f 2561/2601/1705 3126/3193/2270 3112/3179/2256 3562/3638/2706 
f 2562/2602/1706 3561/3637/2705 3371/3442/2515 3381/3452/2525 
f 2563/2603/1707 3388/3459/2532 3387/3458/2531 3565/3641/2709 
f 2564/2604/1708 3566/3642/2710 3128/3195/2272 3127/3194/2271 
f 2565/2605/1709 3134/3201/2278 3120/3187/2264 3564/3640/2708 
f 2566/2606/1710 3563/3639/2707 3379/3450/2523 3389/3460/2533 
f 2567/2607/1711 3396/3467/2540 3395/3466/2539 3567/3643/2711 
f 2568/2608/1712 3568/3644/2712 3136/3203/2280 3135/3202/2279 
f 2569/2609/1713 3142/3209/2286 3128/3195/2272 3566/3642/2710 
f 2570/2610/1714 3565/3641/2709 3387/3458/2531 3397/3468/2541 
f 2571/2611/1715 3404/3475/2548 3403/3474/2547 3569/3645/2713 
f 2572/2612/1716 3570/3646/2714 3144/3211/2288 3143/3210/2287 
f 2573/2613/1717 3150/3217/2294 3136/3203/2280 3568/3644/2712 
f 2574/2614/1718 3567/3643/2711 3395/3466/2539 3405/3476/2549 
f 2575/2615/1719 3408/3479/2552 3162/3229/2306 3510/3584/2654 
f 2576/2616/1720 3509/3583/2653 2909/2972/2053 3151/3218/2295 
f 2577/2617/1721 3154/3221/2298 3144/3211/2288 3570/3646/2714 
f 2578/2618/1722 3569/3645/2713 3403/3474/2547 3409/3480/2553 
f 1796/1819/940 1795/1818/939 2645/2704/1789 2646/2705/1790 
f 1797/1820/941 1796/1819/940 2648/2707/1792 2649/2708/1793 
f 1798/1821/942 1797/1820/941 2651/2710/1795 2652/2711/1796 
f 1795/1818/939 1798/1821/942 2654/2713/1798 2643/2702/1787 
f 1800/1823/944 1799/1822/943 2655/2714/1799 2656/2715/1800 
f 1801/1824/945 1800/1823/944 2658/2717/1802 2659/2718/1803 
f 1802/1825/946 1801/1824/945 2661/2720/1805 2662/2721/1806 
f 1799/1822/943 1802/1825/946 2649/2708/1793 2648/2707/1792 
f 1804/1827/948 1803/1826/947 2663/2722/1807 2664/2723/1808 
f 1805/1828/949 1804/1827/948 2666/2725/1810 2667/2726/1811 
f 1806/1829/950 1805/1828/949 2669/2728/1813 2670/2729/1814 
f 1803/1826/947 1806/1829/950 2659/2718/1803 2658/2717/1802 
f 1808/1831/952 1807/1830/951 2671/2730/1815 2672/2731/1816 
f 1809/1832/953 1808/1831/952 2674/2733/1818 2675/2734/1819 
f 1810/1833/954 1809/1832/953 2677/2736/1821 2678/2737/1822 
f 1807/1830/951 1810/1833/954 2667/2726/1811 2666/2725/1810 
f 1812/1835/956 1811/1834/955 2679/2738/1823 2680/2739/1824 
f 1813/1836/957 1812/1835/956 2682/2741/1826 2683/2742/1827 
f 1814/1837/958 1813/1836/957 2685/2744/1829 2686/2745/1830 
f 1811/1834/955 1814/1837/958 2675/2734/1819 2674/2733/1818 
f 1816/1839/960 1815/1838/959 2687/2746/1831 2688/2747/1832 
f 1817/1840/961 1816/1839/960 2690/2749/1834 2691/2750/1835 
f 1818/1841/962 1817/1840/961 2693/2752/1837 2694/2753/1838 
f 1815/1838/959 1818/1841/962 2683/2742/1827 2682/2741/1826 
f 1820/1843/964 1819/1842/963 2695/2754/1839 2696/2755/1840 
f 1821/1844/965 1820/1843/964 2698/2757/1842 2699/2758/1843 
f 1822/1845/966 1821/1844/965 2701/2760/1845 2702/2761/1846 
f 1819/1842/963 1822/1845/966 2691/2750/1835 2690/2749/1834 
f 1824/1847/968 1823/1846/967 2703/2762/1847 2704/2763/1848 
f 1825/1848/969 1824/1847/968 2706/2765/1850 2707/2766/1851 
f 1826/1849/970 1825/1848/969 2709/2768/1853 2710/2769/1854 
f 1823/1846/967 1826/1849/970 2699/2758/1843 2698/2757/1842 
f 1828/1851/972 1827/1850/971 2711/2770/1855 2712/2771/1856 
f 1829/1852/973 1828/1851/972 2714/2773/1858 2715/2774/1859 
f 1830/1853/974 1829/1852/973 2717/2776/1861 2718/2777/1862 
f 1827/1850/971 1830/1853/974 2707/2766/1851 2706/2765/1850 
f 1832/1855/976 1831/1854/975 2719/2778/1863 2720/2779/1864 
f 1833/1856/977 1832/1855/976 2722/2781/1866 2723/2782/1867 
f 1834/1857/978 1833/1856/977 2725/2784/1869 2726/2785/1870 
f 1831/1854/975 1834/1857/978 2715/2774/1859 2714/2773/1858 
f 1836/1859/980 1835/1858/979 2727/2786/1871 2728/2787/1872 
f 1837/1860/981 1836/1859/980 2730/2789/1874 2731/2790/1875 
f 1838/1861/982 1837/1860/981 2733/2792/1877 2734/2793/1878 
f 1835/1858/979 1838/1861/982 2723/2782/1867 2722/2781/1866 
f 1840/1863/984 1839/1862/983 2735/2794/1879 2736/2795/1880 
f 1841/1864/985 1840/1863/984 2738/2797/1882 2739/2798/1883 
f 1842/1865/986 1841/1864/985 2741/2800/1885 2742/2801/1886 
f 1839/1862/983 1842/1865/986 2731/2790/1875 2730/2789/1874 
f 1844/1867/988 1843/1866/987 2743/2802/1887 2744/2803/1888 
f 1845/1868/989 1844/1867/988 2746/2805/1890 2747/2806/1891 
f 1846/1869/990 1845/1868/989 2749/2808/1893 2750/2809/1894 
f 1843/1866/987 1846/1869/990 2739/2798/1883 2738/2797/1882 
f 1848/1871/992 1847/1870/991 2751/2812/1895 2752/2813/1896 
f 1849/1872/993 1848/1871/992 2754/2815/1898 2755/2816/1899 
f 1850/1873/994 1849/1872/993 2757/2818/1901 2758/2819/1902 
f 1847/1870/991 1850/1873/994 2747/2821/1891 2746/2810/1890 
f 1852/1875/996 1851/1874/995 2759/2822/1903 2760/2823/1904 
f 1853/1876/997 1852/1875/996 2762/2825/1906 2763/2826/1907 
f 1854/1877/998 1853/1876/997 2765/2828/1909 2766/2829/1910 
f 1851/1874/995 1854/1877/998 2755/2816/1899 2754/2815/1898 
f 1856/1879/1000 1855/1878/999 2767/2830/1911 2768/2831/1912 
f 1857/1880/1001 1856/1879/1000 2770/2833/1914 2771/2834/1915 
f 1858/1881/1002 1857/1880/1001 2773/2836/1917 2774/2837/1918 
f 1855/1878/999 1858/1881/1002 2763/2826/1907 2762/2825/1906 
f 1860/1883/1004 1859/1882/1003 2775/2838/1919 2776/2839/1920 
f 1861/1884/1005 1860/1883/1004 2778/2841/1922 2779/2842/1923 
f 1862/1885/1006 1861/1884/1005 2781/2844/1925 2782/2845/1926 
f 1859/1882/1003 1862/1885/1006 2771/2834/1915 2770/2833/1914 
f 1864/1887/1008 1863/1886/1007 2783/2846/1927 2784/2847/1928 
f 1865/1888/1009 1864/1887/1008 2786/2849/1930 2787/2850/1931 
f 1866/1889/1010 1865/1888/1009 2789/2852/1933 2790/2853/1934 
f 1863/1886/1007 1866/1889/1010 2779/2842/1923 2778/2841/1922 
f 1868/1891/1012 1867/1890/1011 2791/2854/1935 2792/2855/1936 
f 1869/1892/1013 1868/1891/1012 2794/2857/1938 2795/2858/1939 
f 1870/1893/1014 1869/1892/1013 2797/2860/1941 2798/2861/1942 
f 1867/1890/1011 1870/1893/1014 2787/2850/1931 2786/2849/1930 
f 1872/1895/1016 1871/1894/1015 2799/2862/1943 2800/2863/1944 
f 1873/1896/1017 1872/1895/1016 2802/2865/1946 2803/2866/1947 
f 1874/1897/1018 1873/1896/1017 2805/2868/1949 2806/2869/1950 
f 1871/1894/1015 1874/1897/1018 2795/2858/1939 2794/2857/1938 
f 1876/1899/1020 1875/1898/1019 2807/2870/1951 2808/2871/1952 
f 1877/1900/1021 1876/1899/1020 2810/2873/1954 2811/2874/1955 
f 1878/1901/1022 1877/1900/1021 2813/2876/1957 2814/2877/1958 
f 1875/1898/1019 1878/1901/1022 2803/2866/1947 2802/2865/1946 
f 1880/1903/1024 1879/1902/1023 2815/2878/1959 2816/2879/1960 
f 1881/1904/1025 1880/1903/1024 2818/2881/1962 2819/2882/1963 
f 1882/1905/1026 1881/1904/1025 2821/2884/1965 2822/2885/1966 
f 1879/1902/1023 1882/1905/1026 2811/2874/1955 2810/2873/1954 
f 1884/1907/1028 1883/1906/1027 2823/2886/1967 2824/2887/1968 
f 1885/1908/1029 1884/1907/1028 2826/2889/1970 2827/2890/1971 
f 1886/1909/1030 1885/1908/1029 2829/2892/1973 2830/2893/1974 
f 1883/1906/1027 1886/1909/1030 2819/2882/1963 2818/2881/1962 
f 1888/1911/1032 1887/1910/1031 2831/2894/1975 2832/2895/1976 
f 1889/1912/1033 1888/1911/1032 2834/2897/1978 2835/2898/1979 
f 1890/1913/1034 1889/1912/1033 2837/2900/1981 2838/2901/1982 
f 1887/1910/1031 1890/1913/1034 2827/2890/1971 2826/2889/1970 
f 1892/1915/1036 1891/1914/1035 2839/2902/1983 2840/2903/1984 
f 1893/1916/1037 1892/1915/1036 2842/2905/1986 2843/2906/1987 
f 1894/1917/1038 1893/1916/1037 2845/2908/1989 2846/2909/1990 
f 1891/1914/1035 1894/1917/1038 2835/2898/1979 2834/2897/1978 
f 1896/1919/1040 1895/1918/1039 2847/2910/1991 2848/2911/1992 
f 1897/1920/1041 1896/1919/1040 2850/2913/1994 2851/2914/1995 
f 1898/1921/1042 1897/1920/1041 2853/2916/1997 2854/2917/1998 
f 1895/1918/1039 1898/1921/1042 2843/2906/1987 2842/2905/1986 
f 1900/1923/1044 1899/1922/1043 2855/2918/1999 2856/2919/2000 
f 1901/1924/1045 1900/1923/1044 2858/2921/2002 2859/2922/2003 
f 1902/1925/1046 1901/1924/1045 2861/2924/2005 2862/2925/2006 
f 1899/1922/1043 1902/1925/1046 2851/2914/1995 2850/2913/1994 
f 1904/1927/1048 1903/1926/1047 2863/2926/2007 2864/2927/2008 
f 1905/1928/1049 1904/1927/1048 2866/2929/2010 2867/2930/2011 
f 1906/1929/1050 1905/1928/1049 2869/2932/2013 2870/2933/2014 
f 1903/1926/1047 1906/1929/1050 2859/2922/2003 2858/2921/2002 
f 1908/1931/1052 1907/1930/1051 2871/2934/2015 2872/2935/2016 
f 1909/1932/1053 1908/1931/1052 2874/2937/2018 2875/2938/2019 
f 1910/1933/1054 1909/1932/1053 2877/2940/2021 2878/2941/2022 
f 1907/1930/1051 1910/1933/1054 2867/2930/2011 2866/2929/2010 
f 1912/1935/1056 1911/1934/1055 2879/2942/2023 2880/2943/2024 
f 1913/1936/1057 1912/1935/1056 2882/2945/2026 2883/2946/2027 
f 1914/1937/1058 1913/1936/1057 2885/2948/2029 2886/2949/2030 
f 1911/1934/1055 1914/1937/1058 2875/2938/2019 2874/2937/2018 
f 1916/1939/1060 1915/1938/1059 2887/2950/2031 2888/2951/2032 
f 1917/1940/1061 1916/1939/1060 2890/2953/2034 2891/2954/2035 
f 1918/1941/1062 1917/1940/1061 2893/2956/2037 2894/2957/2038 
f 1915/1938/1059 1918/1941/1062 2883/2946/2027 2882/2945/2026 
f 1920/1943/1064 1919/1942/1063 2895/2958/2039 2896/2959/2040 
f 1921/1944/1065 1920/1943/1064 2643/2702/1787 2654/2713/1798 
f 1922/1945/1066 1921/1944/1065 2897/2960/2041 2898/2961/2042 
f 1919/1942/1063 1922/1945/1066 2891/2954/2035 2890/2953/2034 
f 1924/1947/1068 1923/1946/1067 2901/2964/2045 2902/2965/2046 
f 1925/1948/1069 1924/1947/1068 2904/2967/2048 2905/2968/2049 
f 1926/1949/1070 1925/1948/1069 2907/2970/2051 2908/2971/2052 
f 1923/1946/1067 1926/1949/1070 2910/2973/2054 2899/2962/2043 
f 1928/1951/1072 1927/1950/1071 2913/2976/2057 2914/2977/2058 
f 1929/1952/1073 1928/1951/1072 2916/2979/2060 2917/2980/2061 
f 1930/1953/1074 1929/1952/1073 2902/2965/2046 2901/2964/2045 
f 1927/1950/1071 1930/1953/1074 2918/2981/2062 2911/2974/2055 
f 1932/1955/1076 1931/1954/1075 2921/2984/2065 2922/2985/2066 
f 1933/1956/1077 1932/1955/1076 2924/2987/2068 2925/2988/2069 
f 1934/1957/1078 1933/1956/1077 2914/2977/2058 2913/2976/2057 
f 1931/1954/1075 1934/1957/1078 2926/2989/2070 2919/2982/2063 
f 1936/1959/1080 1935/1958/1079 2929/2992/2073 2930/2993/2074 
f 1937/1960/1081 1936/1959/1080 2932/2995/2076 2933/2996/2077 
f 1938/1961/1082 1937/1960/1081 2922/2985/2066 2921/2984/2065 
f 1935/1958/1079 1938/1961/1082 2934/2997/2078 2927/2990/2071 
f 1940/1963/1084 1939/1962/1083 2937/3000/2081 2938/3001/2082 
f 1941/1964/1085 1940/1963/1084 2940/3003/2084 2941/3004/2085 
f 1942/1965/1086 1941/1964/1085 2930/2993/2074 2929/2992/2073 
f 1939/1962/1083 1942/1965/1086 2942/3005/2086 2935/2998/2079 
f 1944/1967/1088 1943/1966/1087 2945/3008/2089 2946/3009/2090 
f 1945/1968/1089 1944/1967/1088 2948/3011/2092 2949/3012/2093 
f 1946/1969/1090 1945/1968/1089 2938/3001/2082 2937/3000/2081 
f 1943/1966/1087 1946/1969/1090 2950/3013/2094 2943/3006/2087 
f 1948/1971/1092 1947/1970/1091 2953/3016/2097 2954/3017/2098 
f 1949/1972/1093 1948/1971/1092 2956/3019/2100 2957/3020/2101 
f 1950/1973/1094 1949/1972/1093 2946/3009/2090 2945/3008/2089 
f 1947/1970/1091 1950/1973/1094 2958/3021/2102 2951/3014/2095 
f 1952/1975/1096 1951/1974/1095 2961/3024/2105 2962/3025/2106 
f 1953/1976/1097 1952/1975/1096 2964/3027/2108 2965/3028/2109 
f 1954/1977/1098 1953/1976/1097 2954/3017/2098 2953/3016/2097 
f 1951/1974/1095 1954/1977/1098 2966/3029/2110 2959/3022/2103 
f 1956/1979/1100 1955/1978/1099 2969/3032/2113 2970/3033/2114 
f 1957/1980/1101 1956/1979/1100 2972/3035/2116 2973/3036/2117 
f 1958/1981/1102 1957/1980/1101 2962/3025/2106 2961/3024/2105 
f 1955/1978/1099 1958/1981/1102 2974/3037/2118 2967/3030/2111 
f 1960/1983/1104 1959/1982/1103 2977/3040/2121 2978/3041/2122 
f 1961/1984/1105 1960/1983/1104 2980/3043/2124 2981/3044/2125 
f 1962/1985/1106 1961/1984/1105 2970/3033/2114 2969/3032/2113 
f 1959/1982/1103 1962/1985/1106 2982/3045/2126 2975/3038/2119 
f 1964/1987/1108 1963/1986/1107 2985/3048/2129 2986/3049/2130 
f 1965/1988/1109 1964/1987/1108 2988/3051/2132 2989/3052/2133 
f 1966/1989/1110 1965/1988/1109 2978/3041/2122 2977/3040/2121 
f 1963/1986/1107 1966/1989/1110 2990/3053/2134 2983/3046/2127 
f 1968/1991/1112 1967/1990/1111 2993/3056/2137 2994/3057/2138 
f 1969/1992/1113 1968/1991/1112 2996/3059/2140 2997/3060/2141 
f 1970/1993/1114 1969/1992/1113 2986/3049/2130 2985/3048/2129 
f 1967/1990/1111 1970/1993/1114 2998/3061/2142 2991/3054/2135 
f 1972/1995/1116 1971/1994/1115 3001/3064/2145 3002/3065/2146 
f 1973/1996/1117 1972/1995/1116 3004/3067/2148 3005/3068/2149 
f 1974/1997/1118 1973/1996/1117 2994/3057/2138 2993/3056/2137 
f 1971/1994/1115 1974/1997/1118 3006/3069/2150 2999/3062/2143 
f 1976/1999/1120 1975/1998/1119 3009/3072/2153 3010/3073/2154 
f 1977/2000/1121 1976/1999/1120 3012/3075/2156 3013/3076/2157 
f 1978/2001/1122 1977/2000/1121 3002/3078/2146 3001/3079/2145 
f 1975/1998/1119 1978/2001/1122 3014/3081/2158 3007/3070/2151 
f 1980/2003/1124 1979/2002/1123 3017/3084/2161 3018/3085/2162 
f 1981/2004/1125 1980/2003/1124 3020/3087/2164 3021/3088/2165 
f 1982/2005/1126 1981/2004/1125 3010/3073/2154 3009/3072/2153 
f 1979/2002/1123 1982/2005/1126 3022/3089/2166 3015/3082/2159 
f 1984/2007/1128 1983/2006/1127 3025/3092/2169 3026/3093/2170 
f 1985/2008/1129 1984/2007/1128 3028/3095/2172 3029/3096/2173 
f 1986/2009/1130 1985/2008/1129 3018/3085/2162 3017/3084/2161 
f 1983/2006/1127 1986/2009/1130 3030/3097/2174 3023/3090/2167 
f 1988/2011/1132 1987/2010/1131 3033/3100/2177 3034/3101/2178 
f 1989/2012/1133 1988/2011/1132 3036/3103/2180 3037/3104/2181 
f 1990/2013/1134 1989/2012/1133 3026/3093/2170 3025/3092/2169 
f 1987/2010/1131 1990/2013/1134 3038/3105/2182 3031/3098/2175 
f 1992/2015/1136 1991/2014/1135 3041/3108/2185 3042/3109/2186 
f 1993/2016/1137 1992/2015/1136 3044/3111/2188 3045/3112/2189 
f 1994/2017/1138 1993/2016/1137 3034/3101/2178 3033/3100/2177 
f 1991/2014/1135 1994/2017/1138 3046/3113/2190 3039/3106/2183 
f 1996/2019/1140 1995/2018/1139 3049/3116/2193 3050/3117/2194 
f 1997/2020/1141 1996/2019/1140 3052/3119/2196 3053/3120/2197 
f 1998/2021/1142 1997/2020/1141 3042/3109/2186 3041/3108/2185 
f 1995/2018/1139 1998/2021/1142 3054/3121/2198 3047/3114/2191 
f 2000/2023/1144 1999/2022/1143 3057/3124/2201 3058/3125/2202 
f 2001/2024/1145 2000/2023/1144 3060/3127/2204 3061/3128/2205 
f 2002/2025/1146 2001/2024/1145 3050/3117/2194 3049/3116/2193 
f 1999/2022/1143 2002/2025/1146 3062/3129/2206 3055/3122/2199 
f 2004/2027/1148 2003/2026/1147 3065/3132/2209 3066/3133/2210 
f 2005/2028/1149 2004/2027/1148 3068/3135/2212 3069/3136/2213 
f 2006/2029/1150 2005/2028/1149 3058/3125/2202 3057/3124/2201 
f 2003/2026/1147 2006/2029/1150 3070/3137/2214 3063/3130/2207 
f 2008/2031/1152 2007/2030/1151 3073/3140/2217 3074/3141/2218 
f 2009/2032/1153 2008/2031/1152 3076/3143/2220 3077/3144/2221 
f 2010/2033/1154 2009/2032/1153 3066/3133/2210 3065/3132/2209 
f 2007/2030/1151 2010/2033/1154 3078/3145/2222 3071/3138/2215 
f 2012/2035/1156 2011/2034/1155 3081/3148/2225 3082/3149/2226 
f 2013/2036/1157 2012/2035/1156 3084/3151/2228 3085/3152/2229 
f 2014/2037/1158 2013/2036/1157 3074/3141/2218 3073/3140/2217 
f 2011/2034/1155 2014/2037/1158 3086/3153/2230 3079/3146/2223 
f 2016/2039/1160 2015/2038/1159 3089/3156/2233 3090/3157/2234 
f 2017/2040/1161 2016/2039/1160 3092/3159/2236 3093/3160/2237 
f 2018/2041/1162 2017/2040/1161 3082/3149/2226 3081/3148/2225 
f 2015/2038/1159 2018/2041/1162 3094/3161/2238 3087/3154/2231 
f 2020/2043/1164 2019/2042/1163 3097/3164/2241 3098/3165/2242 
f 2021/2044/1165 2020/2043/1164 3100/3167/2244 3101/3168/2245 
f 2022/2045/1166 2021/2044/1165 3090/3157/2234 3089/3156/2233 
f 2019/2042/1163 2022/2045/1166 3102/3169/2246 3095/3162/2239 
f 2024/2047/1168 2023/2046/1167 3105/3172/2249 3106/3173/2250 
f 2025/2048/1169 2024/2047/1168 3108/3175/2252 3109/3176/2253 
f 2026/2049/1170 2025/2048/1169 3098/3165/2242 3097/3164/2241 
f 2023/2046/1167 2026/2049/1170 3110/3177/2254 3103/3170/2247 
f 2028/2051/1172 2027/2050/1171 3113/3180/2257 3114/3181/2258 
f 2029/2052/1173 2028/2051/1172 3116/3183/2260 3117/3184/2261 
f 2030/2053/1174 2029/2052/1173 3106/3173/2250 3105/3172/2249 
f 2027/2050/1171 2030/2053/1174 3118/3185/2262 3111/3178/2255 
f 2032/2055/1176 2031/2054/1175 3121/3188/2265 3122/3189/2266 
f 2033/2056/1177 2032/2055/1176 3124/3191/2268 3125/3192/2269 
f 2034/2057/1178 2033/2056/1177 3114/3181/2258 3113/3180/2257 
f 2031/2054/1175 2034/2057/1178 3126/3193/2270 3119/3186/2263 
f 2036/2059/1180 2035/2058/1179 3129/3196/2273 3130/3197/2274 
f 2037/2060/1181 2036/2059/1180 3132/3199/2276 3133/3200/2277 
f 2038/2061/1182 2037/2060/1181 3122/3189/2266 3121/3188/2265 
f 2035/2058/1179 2038/2061/1182 3134/3201/2278 3127/3194/2271 
f 2040/2063/1184 2039/2062/1183 3137/3204/2281 3138/3205/2282 
f 2041/2064/1185 2040/2063/1184 3140/3207/2284 3141/3208/2285 
f 2042/2065/1186 2041/2064/1185 3130/3197/2274 3129/3196/2273 
f 2039/2062/1183 2042/2065/1186 3142/3209/2286 3135/3202/2279 
f 2044/2067/1188 2043/2066/1187 3145/3212/2289 3146/3213/2290 
f 2045/2068/1189 2044/2067/1188 3148/3215/2292 3149/3216/2293 
f 2046/2069/1190 2045/2068/1189 3138/3205/2282 3137/3204/2281 
f 2043/2066/1187 2046/2069/1190 3150/3217/2294 3143/3210/2287 
f 2048/2071/1192 2047/2070/1191 2908/2971/2052 2907/2970/2051 
f 2049/2072/1193 2048/2071/1192 3152/3219/2296 3153/3220/2297 
f 2050/2073/1194 2049/2072/1193 3146/3213/2290 3145/3212/2289 
f 2047/2070/1191 2050/2073/1194 3154/3221/2298 3151/3218/2295 
f 2052/2075/1196 2051/2074/1195 3157/3224/2301 3158/3225/2302 
f 2053/2076/1197 2052/2075/1196 3160/3227/2304 3161/3228/2305 
f 2054/2077/1198 2053/2076/1197 3163/3230/2307 3164/3231/2308 
f 2051/2074/1195 2054/2077/1198 3166/3233/2310 3155/3222/2299 
f 2056/2079/1200 2055/2078/1199 3169/3236/2313 3170/3237/2314 
f 2057/2080/1201 2056/2079/1200 3172/3239/2316 3173/3240/2317 
f 2058/2081/1202 2057/2080/1201 3158/3225/2302 3157/3224/2301 
f 2055/2078/1199 2058/2081/1202 3174/3241/2318 3167/3234/2311 
f 2060/2083/1204 2059/2082/1203 3177/3244/2321 3178/3245/2322 
f 2061/2084/1205 2060/2083/1204 3180/3247/2324 3181/3248/2325 
f 2062/2085/1206 2061/2084/1205 3170/3237/2314 3169/3236/2313 
f 2059/2082/1203 2062/2085/1206 3182/3249/2326 3175/3242/2319 
f 2064/2087/1208 2063/2086/1207 3185/3252/2329 3186/3253/2330 
f 2065/2088/1209 2064/2087/1208 3188/3255/2332 3189/3256/2333 
f 2066/2089/1210 2065/2088/1209 3178/3245/2322 3177/3244/2321 
f 2063/2086/1207 2066/2089/1210 3190/3257/2334 3183/3250/2327 
f 2068/2091/1212 2067/2090/1211 3193/3260/2337 3194/3261/2338 
f 2069/2092/1213 2068/2091/1212 3196/3263/2340 3197/3264/2341 
f 2070/2093/1214 2069/2092/1213 3186/3253/2330 3185/3252/2329 
f 2067/2090/1211 2070/2093/1214 3198/3265/2342 3191/3258/2335 
f 2072/2095/1216 2071/2094/1215 3201/3268/2345 3202/3269/2346 
f 2073/2096/1217 2072/2095/1216 3204/3271/2348 3205/3272/2349 
f 2074/2097/1218 2073/2096/1217 3194/3261/2338 3193/3260/2337 
f 2071/2094/1215 2074/2097/1218 3206/3273/2350 3199/3266/2343 
f 2076/2099/1220 2075/2098/1219 3209/3276/2353 3210/3277/2354 
f 2077/2100/1221 2076/2099/1220 3212/3279/2356 3213/3280/2357 
f 2078/2101/1222 2077/2100/1221 3202/3269/2346 3201/3268/2345 
f 2075/2098/1219 2078/2101/1222 3214/3281/2358 3207/3274/2351 
f 2080/2103/1224 2079/2102/1223 3217/3284/2361 3218/3285/2362 
f 2081/2104/1225 2080/2103/1224 3220/3287/2364 3221/3288/2365 
f 2082/2105/1226 2081/2104/1225 3210/3277/2354 3209/3276/2353 
f 2079/2102/1223 2082/2105/1226 3222/3289/2366 3215/3282/2359 
f 2084/2107/1228 2083/2106/1227 3225/3292/2369 3226/3293/2370 
f 2085/2108/1229 2084/2107/1228 3228/3295/2372 3229/3296/2373 
f 2086/2109/1230 2085/2108/1229 3218/3285/2362 3217/3284/2361 
f 2083/2106/1227 2086/2109/1230 3230/3297/2374 3223/3290/2367 
f 2088/2111/1232 2087/2110/1231 3233/3300/2377 3234/3301/2378 
f 2089/2112/1233 2088/2111/1232 3236/3303/2380 3237/3304/2381 
f 2090/2113/1234 2089/2112/1233 3226/3293/2370 3225/3292/2369 
f 2087/2110/1231 2090/2113/1234 3238/3305/2382 3231/3298/2375 
f 2092/2115/1236 2091/2114/1235 3241/3308/2385 3242/3309/2386 
f 2093/2116/1237 2092/2115/1236 3244/3311/2388 3245/3312/2389 
f 2094/2117/1238 2093/2116/1237 3234/3301/2378 3233/3300/2377 
f 2091/2114/1235 2094/2117/1238 3246/3313/2390 3239/3306/2383 
f 2096/2119/1240 2095/2118/1239 3249/3316/2393 3250/3317/2394 
f 2097/2120/1241 2096/2119/1240 3252/3319/2396 3253/3320/2397 
f 2098/2121/1242 2097/2120/1241 3242/3309/2386 3241/3308/2385 
f 2095/2118/1239 2098/2121/1242 3254/3321/2398 3247/3314/2391 
f 2100/2123/1244 2099/2122/1243 3257/3324/2401 3258/3325/2402 
f 2101/2124/1245 2100/2123/1244 3260/3327/2404 3261/3328/2405 
f 2102/2125/1246 2101/2124/1245 3250/3317/2394 3249/3316/2393 
f 2099/2122/1243 2102/2125/1246 3262/3329/2406 3255/3322/2399 
f 2104/2127/1248 2103/2126/1247 3265/3332/2409 3266/3333/2410 
f 2105/2128/1249 2104/2127/1248 3268/3335/2412 3269/3336/2413 
f 2106/2129/1250 2105/2128/1249 3258/3338/2402 3257/3339/2401 
f 2103/2126/1247 2106/2129/1250 3270/3341/2414 3263/3330/2407 
f 2108/2131/1252 2107/2130/1251 3273/3344/2417 3274/3345/2418 
f 2109/2132/1253 2108/2131/1252 3276/3347/2420 3277/3348/2421 
f 2110/2133/1254 2109/2132/1253 3266/3333/2410 3265/3332/2409 
f 2107/2130/1251 2110/2133/1254 3278/3349/2422 3271/3342/2415 
f 2112/2135/1256 2111/2134/1255 3281/3352/2425 3282/3353/2426 
f 2113/2136/1257 2112/2135/1256 3284/3355/2428 3285/3356/2429 
f 2114/2137/1258 2113/2136/1257 3274/3345/2418 3273/3344/2417 
f 2111/2134/1255 2114/2137/1258 3286/3357/2430 3279/3350/2423 
f 2116/2139/1260 2115/2138/1259 3289/3360/2433 3290/3361/2434 
f 2117/2140/1261 2116/2139/1260 3292/3363/2436 3293/3364/2437 
f 2118/2141/1262 2117/2140/1261 3282/3353/2426 3281/3352/2425 
f 2115/2138/1259 2118/2141/1262 3294/3365/2438 3287/3358/2431 
f 2120/2143/1264 2119/2142/1263 3297/3368/2441 3298/3369/2442 
f 2121/2144/1265 2120/2143/1264 3300/3371/2444 3301/3372/2445 
f 2122/2145/1266 2121/2144/1265 3290/3361/2434 3289/3360/2433 
f 2119/2142/1263 2122/2145/1266 3302/3373/2446 3295/3366/2439 
f 2124/2147/1268 2123/2146/1267 3305/3376/2449 3306/3377/2450 
f 2125/2148/1269 2124/2147/1268 3308/3379/2452 3309/3380/2453 
f 2126/2149/1270 2125/2148/1269 3298/3369/2442 3297/3368/2441 
f 2123/2146/1267 2126/2149/1270 3310/3381/2454 3303/3374/2447 
f 2128/2151/1272 2127/2150/1271 3313/3384/2457 3314/3385/2458 
f 2129/2152/1273 2128/2151/1272 3316/3387/2460 3317/3388/2461 
f 2130/2153/1274 2129/2152/1273 3306/3377/2450 3305/3376/2449 
f 2127/2150/1271 2130/2153/1274 3318/3389/2462 3311/3382/2455 
f 2132/2155/1276 2131/2154/1275 3321/3392/2465 3322/3393/2466 
f 2133/2156/1277 2132/2155/1276 3324/3395/2468 3325/3396/2469 
f 2134/2157/1278 2133/2156/1277 3314/3385/2458 3313/3384/2457 
f 2131/2154/1275 2134/2157/1278 3326/3397/2470 3319/3390/2463 
f 2136/2159/1280 2135/2158/1279 3329/3400/2473 3330/3401/2474 
f 2137/2160/1281 2136/2159/1280 3332/3403/2476 3333/3404/2477 
f 2138/2161/1282 2137/2160/1281 3322/3393/2466 3321/3392/2465 
f 2135/2158/1279 2138/2161/1282 3334/3405/2478 3327/3398/2471 
f 2140/2163/1284 2139/2162/1283 3337/3408/2481 3338/3409/2482 
f 2141/2164/1285 2140/2163/1284 3340/3411/2484 3341/3412/2485 
f 2142/2165/1286 2141/2164/1285 3330/3401/2474 3329/3400/2473 
f 2139/2162/1283 2142/2165/1286 3342/3413/2486 3335/3406/2479 
f 2144/2167/1288 2143/2166/1287 3345/3416/2489 3346/3417/2490 
f 2145/2168/1289 2144/2167/1288 3348/3419/2492 3349/3420/2493 
f 2146/2169/1290 2145/2168/1289 3338/3409/2482 3337/3408/2481 
f 2143/2166/1287 2146/2169/1290 3350/3421/2494 3343/3414/2487 
f 2148/2171/1292 2147/2170/1291 3353/3424/2497 3354/3425/2498 
f 2149/2172/1293 2148/2171/1292 3356/3427/2500 3357/3428/2501 
f 2150/2173/1294 2149/2172/1293 3346/3417/2490 3345/3416/2489 
f 2147/2170/1291 2150/2173/1294 3358/3429/2502 3351/3422/2495 
f 2152/2175/1296 2151/2174/1295 3361/3432/2505 3362/3433/2506 
f 2153/2176/1297 2152/2175/1296 3364/3435/2508 3365/3436/2509 
f 2154/2177/1298 2153/2176/1297 3354/3425/2498 3353/3424/2497 
f 2151/2174/1295 2154/2177/1298 3366/3437/2510 3359/3430/2503 
f 2156/2179/1300 2155/2178/1299 3369/3440/2513 3370/3441/2514 
f 2157/2180/1301 2156/2179/1300 3372/3443/2516 3373/3444/2517 
f 2158/2181/1302 2157/2180/1301 3362/3433/2506 3361/3432/2505 
f 2155/2178/1299 2158/2181/1302 3374/3445/2518 3367/3438/2511 
f 2160/2183/1304 2159/2182/1303 3377/3448/2521 3378/3449/2522 
f 2161/2184/1305 2160/2183/1304 3380/3451/2524 3381/3452/2525 
f 2162/2185/1306 2161/2184/1305 3370/3441/2514 3369/3440/2513 
f 2159/2182/1303 2162/2185/1306 3382/3453/2526 3375/3446/2519 
f 2164/2187/1308 2163/2186/1307 3385/3456/2529 3386/3457/2530 
f 2165/2188/1309 2164/2187/1308 3388/3459/2532 3389/3460/2533 
f 2166/2189/1310 2165/2188/1309 3378/3449/2522 3377/3448/2521 
f 2163/2186/1307 2166/2189/1310 3390/3461/2534 3383/3454/2527 
f 2168/2191/1312 2167/2190/1311 3393/3464/2537 3394/3465/2538 
f 2169/2192/1313 2168/2191/1312 3396/3467/2540 3397/3468/2541 
f 2170/2193/1314 2169/2192/1313 3386/3457/2530 3385/3456/2529 
f 2167/2190/1311 2170/2193/1314 3398/3469/2542 3391/3462/2535 
f 2172/2195/1316 2171/2194/1315 3401/3472/2545 3402/3473/2546 
f 2173/2196/1317 2172/2195/1316 3404/3475/2548 3405/3476/2549 
f 2174/2197/1318 2173/2196/1317 3394/3465/2538 3393/3464/2537 
f 2171/2194/1315 2174/2197/1318 3406/3477/2550 3399/3470/2543 
f 2176/2199/1320 2175/2198/1319 3164/3231/2308 3163/3230/2307 
f 2177/2200/1321 2176/2199/1320 3408/3479/2552 3409/3480/2553 
f 2178/2201/1322 2177/2200/1321 3402/3473/2546 3401/3472/2545 
f 2175/2198/1319 2178/2201/1322 3410/3481/2554 3407/3478/2551 
f 2180/2203/1324 2179/2202/1323 3411/3482/2555 3412/3483/2556 
f 2181/2204/1325 2180/2203/1324 3155/3222/2299 3166/3233/2310 
f 2182/2205/1326 2181/2204/1325 3413/3484/2557 3414/3485/2558 
f 2179/2202/1323 2182/2205/1326 2652/2711/1796 2651/2710/1795 
f 2184/2207/1328 2183/2206/1327 3415/3486/2559 3416/3487/2560 
f 2185/2208/1329 2184/2207/1328 3167/3234/2311 3174/3241/2318 
f 2186/2209/1330 2185/2208/1329 3412/3483/2556 3411/3482/2555 
f 2183/2206/1327 2186/2209/1330 2662/2721/1806 2661/2720/1805 
f 2188/2211/1332 2187/2210/1331 3417/3488/2561 3418/3489/2562 
f 2189/2212/1333 2188/2211/1332 3175/3242/2319 3182/3249/2326 
f 2190/2213/1334 2189/2212/1333 3416/3487/2560 3415/3486/2559 
f 2187/2210/1331 2190/2213/1334 2670/2729/1814 2669/2728/1813 
f 2192/2215/1336 2191/2214/1335 3419/3490/2563 3420/3491/2564 
f 2193/2216/1337 2192/2215/1336 3183/3250/2327 3190/3257/2334 
f 2194/2217/1338 2193/2216/1337 3418/3489/2562 3417/3488/2561 
f 2191/2214/1335 2194/2217/1338 2678/2737/1822 2677/2736/1821 
f 2196/2219/1340 2195/2218/1339 3421/3492/2565 3422/3493/2566 
f 2197/2220/1341 2196/2219/1340 3191/3258/2335 3198/3265/2342 
f 2198/2221/1342 2197/2220/1341 3420/3491/2564 3419/3490/2563 
f 2195/2218/1339 2198/2221/1342 2686/2745/1830 2685/2744/1829 
f 2200/2223/1344 2199/2222/1343 3423/3494/2567 3424/3495/2568 
f 2201/2224/1345 2200/2223/1344 3199/3266/2343 3206/3273/2350 
f 2202/2225/1346 2201/2224/1345 3422/3493/2566 3421/3492/2565 
f 2199/2222/1343 2202/2225/1346 2694/2753/1838 2693/2752/1837 
f 2204/2227/1348 2203/2226/1347 3425/3496/2569 3426/3497/2570 
f 2205/2228/1349 2204/2227/1348 3207/3274/2351 3214/3281/2358 
f 2206/2229/1350 2205/2228/1349 3424/3495/2568 3423/3494/2567 
f 2203/2226/1347 2206/2229/1350 2702/2761/1846 2701/2760/1845 
f 2208/2231/1352 2207/2230/1351 3427/3498/2571 3428/3499/2572 
f 2209/2232/1353 2208/2231/1352 3215/3282/2359 3222/3289/2366 
f 2210/2233/1354 2209/2232/1353 3426/3497/2570 3425/3496/2569 
f 2207/2230/1351 2210/2233/1354 2710/2769/1854 2709/2768/1853 
f 2212/2235/1356 2211/2234/1355 3429/3500/2573 3430/3501/2574 
f 2213/2236/1357 2212/2235/1356 3223/3290/2367 3230/3297/2374 
f 2214/2237/1358 2213/2236/1357 3428/3499/2572 3427/3498/2571 
f 2211/2234/1355 2214/2237/1358 2718/2777/1862 2717/2776/1861 
f 2216/2239/1360 2215/2238/1359 3431/3502/2575 3432/3503/2576 
f 2217/2240/1361 2216/2239/1360 3231/3298/2375 3238/3305/2382 
f 2218/2241/1362 2217/2240/1361 3430/3501/2574 3429/3500/2573 
f 2215/2238/1359 2218/2241/1362 2726/2785/1870 2725/2784/1869 
f 2220/2243/1364 2219/2242/1363 3433/3504/2577 3434/3505/2578 
f 2221/2244/1365 2220/2243/1364 3239/3306/2383 3246/3313/2390 
f 2222/2245/1366 2221/2244/1365 3432/3503/2576 3431/3502/2575 
f 2219/2242/1363 2222/2245/1366 2734/2793/1878 2733/2792/1877 
f 2224/2247/1368 2223/2246/1367 3435/3506/2579 3436/3507/2580 
f 2225/2248/1369 2224/2247/1368 3247/3314/2391 3254/3321/2398 
f 2226/2249/1370 2225/2248/1369 3434/3505/2578 3433/3504/2577 
f 2223/2246/1367 2226/2249/1370 2742/2801/1886 2741/2800/1885 
f 2228/2251/1372 2227/2250/1371 3437/3508/2581 3438/3509/2582 
f 2229/2252/1373 2228/2251/1372 3255/3322/2399 3262/3329/2406 
f 2230/2253/1374 2229/2252/1373 3436/3507/2580 3435/3506/2579 
f 2227/2250/1371 2230/2253/1374 2750/2809/1894 2749/2808/1893 
f 2232/2255/1376 2231/2254/1375 3439/3510/2583 3440/3511/2584 
f 2233/2256/1377 2232/2255/1376 3263/3330/2407 3270/3341/2414 
f 2234/2257/1378 2233/2256/1377 3438/3512/2582 3437/3513/2581 
f 2231/2254/1375 2234/2257/1378 2758/2819/1902 2757/2818/1901 
f 2236/2259/1380 2235/2258/1379 3441/3514/2585 3442/3515/2586 
f 2237/2260/1381 2236/2259/1380 3271/3342/2415 3278/3349/2422 
f 2238/2261/1382 2237/2260/1381 3440/3511/2584 3439/3510/2583 
f 2235/2258/1379 2238/2261/1382 2766/2829/1910 2765/2828/1909 
f 2240/2263/1384 2239/2262/1383 3443/3516/2587 3444/3517/2588 
f 2241/2264/1385 2240/2263/1384 3279/3350/2423 3286/3357/2430 
f 2242/2265/1386 2241/2264/1385 3442/3515/2586 3441/3514/2585 
f 2239/2262/1383 2242/2265/1386 2774/2837/1918 2773/2836/1917 
f 2244/2267/1388 2243/2266/1387 3445/3518/2589 3446/3519/2590 
f 2245/2268/1389 2244/2267/1388 3287/3358/2431 3294/3365/2438 
f 2246/2269/1390 2245/2268/1389 3444/3517/2588 3443/3516/2587 
f 2243/2266/1387 2246/2269/1390 2782/2845/1926 2781/2844/1925 
f 2248/2271/1392 2247/2270/1391 3447/3520/2591 3448/3521/2592 
f 2249/2272/1393 2248/2271/1392 3295/3366/2439 3302/3373/2446 
f 2250/2273/1394 2249/2272/1393 3446/3519/2590 3445/3518/2589 
f 2247/2270/1391 2250/2273/1394 2790/2853/1934 2789/2852/1933 
f 2252/2275/1396 2251/2274/1395 3449/3522/2593 3450/3523/2594 
f 2253/2276/1397 2252/2275/1396 3303/3374/2447 3310/3381/2454 
f 2254/2277/1398 2253/2276/1397 3448/3521/2592 3447/3520/2591 
f 2251/2274/1395 2254/2277/1398 2798/2861/1942 2797/2860/1941 
f 2256/2279/1400 2255/2278/1399 3451/3524/2595 3452/3525/2596 
f 2257/2280/1401 2256/2279/1400 3311/3382/2455 3318/3389/2462 
f 2258/2281/1402 2257/2280/1401 3450/3523/2594 3449/3522/2593 
f 2255/2278/1399 2258/2281/1402 2806/2869/1950 2805/2868/1949 
f 2260/2283/1404 2259/2282/1403 3453/3526/2597 3454/3527/2598 
f 2261/2284/1405 2260/2283/1404 3319/3390/2463 3326/3397/2470 
f 2262/2285/1406 2261/2284/1405 3452/3525/2596 3451/3524/2595 
f 2259/2282/1403 2262/2285/1406 2814/2877/1958 2813/2876/1957 
f 2264/2287/1408 2263/2286/1407 3455/3528/2599 3456/3529/2600 
f 2265/2288/1409 2264/2287/1408 3327/3398/2471 3334/3405/2478 
f 2266/2289/1410 2265/2288/1409 3454/3527/2598 3453/3526/2597 
f 2263/2286/1407 2266/2289/1410 2822/2885/1966 2821/2884/1965 
f 2268/2291/1412 2267/2290/1411 3457/3530/2601 3458/3531/2602 
f 2269/2292/1413 2268/2291/1412 3335/3406/2479 3342/3413/2486 
f 2270/2293/1414 2269/2292/1413 3456/3529/2600 3455/3528/2599 
f 2267/2290/1411 2270/2293/1414 2830/2893/1974 2829/2892/1973 
f 2272/2295/1416 2271/2294/1415 3459/3532/2603 3460/3533/2604 
f 2273/2296/1417 2272/2295/1416 3343/3414/2487 3350/3421/2494 
f 2274/2297/1418 2273/2296/1417 3458/3531/2602 3457/3530/2601 
f 2271/2294/1415 2274/2297/1418 2838/2901/1982 2837/2900/1981 
f 2276/2299/1420 2275/2298/1419 3461/3534/2605 3462/3535/2606 
f 2277/2300/1421 2276/2299/1420 3351/3422/2495 3358/3429/2502 
f 2278/2301/1422 2277/2300/1421 3460/3533/2604 3459/3532/2603 
f 2275/2298/1419 2278/2301/1422 2846/2909/1990 2845/2908/1989 
f 2280/2303/1424 2279/2302/1423 3463/3536/2607 3464/3537/2608 
f 2281/2304/1425 2280/2303/1424 3359/3430/2503 3366/3437/2510 
f 2282/2305/1426 2281/2304/1425 3462/3535/2606 3461/3534/2605 
f 2279/2302/1423 2282/2305/1426 2854/2917/1998 2853/2916/1997 
f 2284/2307/1428 2283/2306/1427 3465/3538/2609 3466/3539/2610 
f 2285/2308/1429 2284/2307/1428 3367/3438/2511 3374/3445/2518 
f 2286/2309/1430 2285/2308/1429 3464/3537/2608 3463/3536/2607 
f 2283/2306/1427 2286/2309/1430 2862/2925/2006 2861/2924/2005 
f 2288/2311/1432 2287/2310/1431 3467/3540/2611 3468/3541/2612 
f 2289/2312/1433 2288/2311/1432 3375/3446/2519 3382/3453/2526 
f 2290/2313/1434 2289/2312/1433 3466/3539/2610 3465/3538/2609 
f 2287/2310/1431 2290/2313/1434 2870/2933/2014 2869/2932/2013 
f 2292/2315/1436 2291/2314/1435 3469/3542/2613 3470/3543/2614 
f 2293/2316/1437 2292/2315/1436 3383/3454/2527 3390/3461/2534 
f 2294/2317/1438 2293/2316/1437 3468/3541/2612 3467/3540/2611 
f 2291/2314/1435 2294/2317/1438 2878/2941/2022 2877/2940/2021 
f 2296/2319/1440 2295/2318/1439 3471/3544/2615 3472/3545/2616 
f 2297/2320/1441 2296/2319/1440 3391/3462/2535 3398/3469/2542 
f 2298/2321/1442 2297/2320/1441 3470/3543/2614 3469/3542/2613 
f 2295/2318/1439 2298/2321/1442 2886/2949/2030 2885/2948/2029 
f 2300/2323/1444 2299/2322/1443 3473/3546/2617 3474/3547/2618 
f 2301/2324/1445 2300/2323/1444 3399/3470/2543 3406/3477/2550 
f 2302/2325/1446 2301/2324/1445 3472/3545/2616 3471/3544/2615 
f 2299/2322/1443 2302/2325/1446 2894/2957/2038 2893/2956/2037 
f 2304/2327/1448 2303/2326/1447 3414/3485/2558 3413/3484/2557 
f 2305/2328/1449 2304/2327/1448 3407/3478/2551 3410/3481/2554 
f 2306/2329/1450 2305/2328/1449 3474/3547/2618 3473/3546/2617 
f 2303/2326/1447 2306/2329/1450 2898/2961/2042 2897/2960/2041 
f 2308/2331/1452 2307/2330/1451 3475/3548/2619 3571/3647/2715 
f 2310/2333/1454 2309/2332/1453 3572/3648/2716 3476/3549/2620 
f 2307/2330/1451 2310/2333/1454 2905/2968/2049 2904/2967/2048 
f 2312/2335/1456 2311/2334/1455 3477/3550/2621 3573/3649/2717 
f 2314/2337/1458 2313/2336/1457 3571/3647/2715 3475/3548/2619 
f 2311/2334/1455 2314/2337/1458 2917/2980/2061 2916/2979/2060 
f 2316/2339/1460 2315/2338/1459 3478/3551/2622 3574/3650/2718 
f 2318/2341/1462 2317/2340/1461 3573/3649/2717 3477/3550/2621 
f 2315/2338/1459 2318/2341/1462 2925/2988/2069 2924/2987/2068 
f 2320/2343/1464 2319/2342/1463 3479/3552/2623 3575/3651/2719 
f 2322/2345/1466 2321/2344/1465 3574/3650/2718 3478/3551/2622 
f 2319/2342/1463 2322/2345/1466 2933/2996/2077 2932/2995/2076 
f 2324/2347/1468 2323/2346/1467 3480/3553/2624 3576/3652/2720 
f 2326/2349/1470 2325/2348/1469 3575/3651/2719 3479/3552/2623 
f 2323/2346/1467 2326/2349/1470 2941/3004/2085 2940/3003/2084 
f 2328/2351/1472 2327/2350/1471 3481/3554/2625 3577/3653/2721 
f 2330/2353/1474 2329/2352/1473 3576/3652/2720 3480/3553/2624 
f 2327/2350/1471 2330/2353/1474 2949/3012/2093 2948/3011/2092 
f 2332/2355/1476 2331/2354/1475 3482/3555/2626 3578/3654/2722 
f 2334/2357/1478 2333/2356/1477 3577/3653/2721 3481/3554/2625 
f 2331/2354/1475 2334/2357/1478 2957/3020/2101 2956/3019/2100 
f 2336/2359/1480 2335/2358/1479 3483/3556/2627 3579/3655/2723 
f 2338/2361/1482 2337/2360/1481 3578/3654/2722 3482/3555/2626 
f 2335/2358/1479 2338/2361/1482 2965/3028/2109 2964/3027/2108 
f 2340/2363/1484 2339/2362/1483 3484/3557/2628 3580/3656/2724 
f 2342/2365/1486 2341/2364/1485 3579/3655/2723 3483/3556/2627 
f 2339/2362/1483 2342/2365/1486 2973/3036/2117 2972/3035/2116 
f 2344/2367/1488 2343/2366/1487 3485/3558/2629 3581/3657/2725 
f 2346/2369/1490 2345/2368/1489 3580/3656/2724 3484/3557/2628 
f 2343/2366/1487 2346/2369/1490 2981/3044/2125 2980/3043/2124 
f 2348/2371/1492 2347/2370/1491 3486/3559/2630 3582/3658/2726 
f 2350/2373/1494 2349/2372/1493 3581/3657/2725 3485/3558/2629 
f 2347/2370/1491 2350/2373/1494 2989/3052/2133 2988/3051/2132 
f 2352/2375/1496 2351/2374/1495 3487/3560/2631 3583/3659/2727 
f 2354/2377/1498 2353/2376/1497 3582/3658/2726 3486/3559/2630 
f 2351/2374/1495 2354/2377/1498 2997/3060/2141 2996/3059/2140 
f 2356/2379/1500 2355/2378/1499 3488/3561/2632 3584/3660/2728 
f 2358/2381/1502 2357/2380/1501 3583/3659/2727 3487/3560/2631 
f 2355/2378/1499 2358/2381/1502 3005/3068/2149 3004/3067/2148 
f 2360/2383/1504 2359/2382/1503 3489/3562/2633 3585/3661/2729 
f 2362/2385/1506 2361/2384/1505 3584/3662/2728 3488/3563/2632 
f 2359/2382/1503 2362/2385/1506 3013/3076/2157 3012/3075/2156 
f 2364/2387/1508 2363/2386/1507 3490/3564/2634 3586/3663/2730 
f 2366/2389/1510 2365/2388/1509 3585/3661/2729 3489/3562/2633 
f 2363/2386/1507 2366/2389/1510 3021/3088/2165 3020/3087/2164 
f 2368/2391/1512 2367/2390/1511 3491/3565/2635 3587/3664/2731 
f 2370/2393/1514 2369/2392/1513 3586/3663/2730 3490/3564/2634 
f 2367/2390/1511 2370/2393/1514 3029/3096/2173 3028/3095/2172 
f 2372/2395/1516 2371/2394/1515 3492/3566/2636 3588/3665/2732 
f 2374/2397/1518 2373/2396/1517 3587/3664/2731 3491/3565/2635 
f 2371/2394/1515 2374/2397/1518 3037/3104/2181 3036/3103/2180 
f 2376/2399/1520 2375/2398/1519 3493/3567/2637 3589/3666/2733 
f 2378/2401/1522 2377/2400/1521 3588/3665/2732 3492/3566/2636 
f 2375/2398/1519 2378/2401/1522 3045/3112/2189 3044/3111/2188 
f 2380/2403/1524 2379/2402/1523 3494/3568/2638 3590/3667/2734 
f 2382/2405/1526 2381/2404/1525 3589/3666/2733 3493/3567/2637 
f 2379/2402/1523 2382/2405/1526 3053/3120/2197 3052/3119/2196 
f 2384/2407/1528 2383/2406/1527 3495/3569/2639 3591/3668/2735 
f 2386/2409/1530 2385/2408/1529 3590/3667/2734 3494/3568/2638 
f 2383/2406/1527 2386/2409/1530 3061/3128/2205 3060/3127/2204 
f 2388/2411/1532 2387/2410/1531 3496/3570/2640 3592/3669/2736 
f 2390/2413/1534 2389/2412/1533 3591/3668/2735 3495/3569/2639 
f 2387/2410/1531 2390/2413/1534 3069/3136/2213 3068/3135/2212 
f 2392/2415/1536 2391/2414/1535 3497/3571/2641 3593/3670/2737 
f 2394/2417/1538 2393/2416/1537 3592/3669/2736 3496/3570/2640 
f 2391/2414/1535 2394/2417/1538 3077/3144/2221 3076/3143/2220 
f 2396/2419/1540 2395/2418/1539 3498/3572/2642 3594/3671/2738 
f 2398/2421/1542 2397/2420/1541 3593/3670/2737 3497/3571/2641 
f 2395/2418/1539 2398/2421/1542 3085/3152/2229 3084/3151/2228 
f 2400/2423/1544 2399/2422/1543 3499/3573/2643 3595/3672/2739 
f 2402/2425/1546 2401/2424/1545 3594/3671/2738 3498/3572/2642 
f 2399/2422/1543 2402/2425/1546 3093/3160/2237 3092/3159/2236 
f 2404/2427/1548 2403/2426/1547 3500/3574/2644 3596/3673/2740 
f 2406/2429/1550 2405/2428/1549 3595/3672/2739 3499/3573/2643 
f 2403/2426/1547 2406/2429/1550 3101/3168/2245 3100/3167/2244 
f 2408/2431/1552 2407/2430/1551 3501/3575/2645 3597/3674/2741 
f 2410/2433/1554 2409/2432/1553 3596/3673/2740 3500/3574/2644 
f 2407/2430/1551 2410/2433/1554 3109/3176/2253 3108/3175/2252 
f 2412/2435/1556 2411/2434/1555 3502/3576/2646 3598/3675/2742 
f 2414/2437/1558 2413/2436/1557 3597/3674/2741 3501/3575/2645 
f 2411/2434/1555 2414/2437/1558 3117/3184/2261 3116/3183/2260 
f 2416/2439/1560 2415/2438/1559 3503/3577/2647 3599/3676/2743 
f 2418/2441/1562 2417/2440/1561 3598/3675/2742 3502/3576/2646 
f 2415/2438/1559 2418/2441/1562 3125/3192/2269 3124/3191/2268 
f 2420/2443/1564 2419/2442/1563 3504/3578/2648 3600/3677/2744 
f 2422/2445/1566 2421/2444/1565 3599/3676/2743 3503/3577/2647 
f 2419/2442/1563 2422/2445/1566 3133/3200/2277 3132/3199/2276 
f 2424/2447/1568 2423/2446/1567 3505/3579/2649 3601/3678/2745 
f 2426/2449/1570 2425/2448/1569 3600/3677/2744 3504/3578/2648 
f 2423/2446/1567 2426/2449/1570 3141/3208/2285 3140/3207/2284 
f 2428/2451/1572 2427/2450/1571 3506/3580/2650 3602/3679/2746 
f 2430/2453/1574 2429/2452/1573 3601/3678/2745 3505/3579/2649 
f 2427/2450/1571 2430/2453/1574 3149/3216/2293 3148/3215/2292 
f 2432/2455/1576 2431/2454/1575 3476/3549/2620 3572/3648/2716 
f 2434/2457/1578 2433/2456/1577 3602/3679/2746 3506/3580/2650 
f 2431/2454/1575 2434/2457/1578 3153/3220/2297 3152/3219/2296 
f 2452/2492/1596 2451/2491/1595 3507/3581/2651 3508/3582/2652 
f 2453/2493/1597 2452/2492/1596 2899/2962/2043 2910/2973/2054 
f 2454/2494/1598 2453/2493/1597 3509/3583/2653 3510/3584/2654 
f 2451/2491/1595 2454/2494/1598 3161/3228/2305 3160/3227/2304 
f 2456/2496/1600 2455/2495/1599 3511/3585/2655 3512/3586/2656 
f 2457/2497/1601 2456/2496/1600 2911/2974/2055 2918/2981/2062 
f 2458/2498/1602 2457/2497/1601 3508/3582/2652 3507/3581/2651 
f 2455/2495/1599 2458/2498/1602 3173/3240/2317 3172/3239/2316 
f 2460/2500/1604 2459/2499/1603 3513/3587/2657 3514/3588/2658 
f 2461/2501/1605 2460/2500/1604 2919/2982/2063 2926/2989/2070 
f 2462/2502/1606 2461/2501/1605 3512/3586/2656 3511/3585/2655 
f 2459/2499/1603 2462/2502/1606 3181/3248/2325 3180/3247/2324 
f 2464/2504/1608 2463/2503/1607 3515/3589/2659 3516/3590/2660 
f 2465/2505/1609 2464/2504/1608 2927/2990/2071 2934/2997/2078 
f 2466/2506/1610 2465/2505/1609 3514/3588/2658 3513/3587/2657 
f 2463/2503/1607 2466/2506/1610 3189/3256/2333 3188/3255/2332 
f 2468/2508/1612 2467/2507/1611 3517/3591/2661 3518/3592/2662 
f 2469/2509/1613 2468/2508/1612 2935/2998/2079 2942/3005/2086 
f 2470/2510/1614 2469/2509/1613 3516/3590/2660 3515/3589/2659 
f 2467/2507/1611 2470/2510/1614 3197/3264/2341 3196/3263/2340 
f 2472/2512/1616 2471/2511/1615 3519/3593/2663 3520/3594/2664 
f 2473/2513/1617 2472/2512/1616 2943/3006/2087 2950/3013/2094 
f 2474/2514/1618 2473/2513/1617 3518/3592/2662 3517/3591/2661 
f 2471/2511/1615 2474/2514/1618 3205/3272/2349 3204/3271/2348 
f 2476/2516/1620 2475/2515/1619 3521/3595/2665 3522/3596/2666 
f 2477/2517/1621 2476/2516/1620 2951/3014/2095 2958/3021/2102 
f 2478/2518/1622 2477/2517/1621 3520/3594/2664 3519/3593/2663 
f 2475/2515/1619 2478/2518/1622 3213/3280/2357 3212/3279/2356 
f 2480/2520/1624 2479/2519/1623 3523/3597/2667 3524/3598/2668 
f 2481/2521/1625 2480/2520/1624 2959/3022/2103 2966/3029/2110 
f 2482/2522/1626 2481/2521/1625 3522/3596/2666 3521/3595/2665 
f 2479/2519/1623 2482/2522/1626 3221/3288/2365 3220/3287/2364 
f 2484/2524/1628 2483/2523/1627 3525/3599/2669 3526/3600/2670 
f 2485/2525/1629 2484/2524/1628 2967/3030/2111 2974/3037/2118 
f 2486/2526/1630 2485/2525/1629 3524/3598/2668 3523/3597/2667 
f 2483/2523/1627 2486/2526/1630 3229/3296/2373 3228/3295/2372 
f 2488/2528/1632 2487/2527/1631 3527/3601/2671 3528/3602/2672 
f 2489/2529/1633 2488/2528/1632 2975/3038/2119 2982/3045/2126 
f 2490/2530/1634 2489/2529/1633 3526/3600/2670 3525/3599/2669 
f 2487/2527/1631 2490/2530/1634 3237/3304/2381 3236/3303/2380 
f 2492/2532/1636 2491/2531/1635 3529/3603/2673 3530/3604/2674 
f 2493/2533/1637 2492/2532/1636 2983/3046/2127 2990/3053/2134 
f 2494/2534/1638 2493/2533/1637 3528/3602/2672 3527/3601/2671 
f 2491/2531/1635 2494/2534/1638 3245/3312/2389 3244/3311/2388 
f 2496/2536/1640 2495/2535/1639 3531/3605/2675 3532/3606/2676 
f 2497/2537/1641 2496/2536/1640 2991/3054/2135 2998/3061/2142 
f 2498/2538/1642 2497/2537/1641 3530/3604/2674 3529/3603/2673 
f 2495/2535/1639 2498/2538/1642 3253/3320/2397 3252/3319/2396 
f 2500/2540/1644 2499/2539/1643 3533/3607/2677 3534/3608/2678 
f 2501/2541/1645 2500/2540/1644 2999/3062/2143 3006/3069/2150 
f 2502/2542/1646 2501/2541/1645 3532/3606/2676 3531/3605/2675 
f 2499/2539/1643 2502/2542/1646 3261/3328/2405 3260/3327/2404 
f 2504/2544/1648 2503/2543/1647 3535/3609/2679 3536/3610/2680 
f 2505/2545/1649 2504/2544/1648 3007/3070/2151 3014/3081/2158 
f 2506/2546/1650 2505/2545/1649 3534/3611/2678 3533/3612/2677 
f 2503/2543/1647 2506/2546/1650 3269/3336/2413 3268/3335/2412 
f 2508/2548/1652 2507/2547/1651 3537/3613/2681 3538/3614/2682 
f 2509/2549/1653 2508/2548/1652 3015/3082/2159 3022/3089/2166 
f 2510/2550/1654 2509/2549/1653 3536/3610/2680 3535/3609/2679 
f 2507/2547/1651 2510/2550/1654 3277/3348/2421 3276/3347/2420 
f 2512/2552/1656 2511/2551/1655 3539/3615/2683 3540/3616/2684 
f 2513/2553/1657 2512/2552/1656 3023/3090/2167 3030/3097/2174 
f 2514/2554/1658 2513/2553/1657 3538/3614/2682 3537/3613/2681 
f 2511/2551/1655 2514/2554/1658 3285/3356/2429 3284/3355/2428 
f 2516/2556/1660 2515/2555/1659 3541/3617/2685 3542/3618/2686 
f 2517/2557/1661 2516/2556/1660 3031/3098/2175 3038/3105/2182 
f 2518/2558/1662 2517/2557/1661 3540/3616/2684 3539/3615/2683 
f 2515/2555/1659 2518/2558/1662 3293/3364/2437 3292/3363/2436 
f 2520/2560/1664 2519/2559/1663 3543/3619/2687 3544/3620/2688 
f 2521/2561/1665 2520/2560/1664 3039/3106/2183 3046/3113/2190 
f 2522/2562/1666 2521/2561/1665 3542/3618/2686 3541/3617/2685 
f 2519/2559/1663 2522/2562/1666 3301/3372/2445 3300/3371/2444 
f 2524/2564/1668 2523/2563/1667 3545/3621/2689 3546/3622/2690 
f 2525/2565/1669 2524/2564/1668 3047/3114/2191 3054/3121/2198 
f 2526/2566/1670 2525/2565/1669 3544/3620/2688 3543/3619/2687 
f 2523/2563/1667 2526/2566/1670 3309/3380/2453 3308/3379/2452 
f 2528/2568/1672 2527/2567/1671 3547/3623/2691 3548/3624/2692 
f 2529/2569/1673 2528/2568/1672 3055/3122/2199 3062/3129/2206 
f 2530/2570/1674 2529/2569/1673 3546/3622/2690 3545/3621/2689 
f 2527/2567/1671 2530/2570/1674 3317/3388/2461 3316/3387/2460 
f 2532/2572/1676 2531/2571/1675 3549/3625/2693 3550/3626/2694 
f 2533/2573/1677 2532/2572/1676 3063/3130/2207 3070/3137/2214 
f 2534/2574/1678 2533/2573/1677 3548/3624/2692 3547/3623/2691 
f 2531/2571/1675 2534/2574/1678 3325/3396/2469 3324/3395/2468 
f 2536/2576/1680 2535/2575/1679 3551/3627/2695 3552/3628/2696 
f 2537/2577/1681 2536/2576/1680 3071/3138/2215 3078/3145/2222 
f 2538/2578/1682 2537/2577/1681 3550/3626/2694 3549/3625/2693 
f 2535/2575/1679 2538/2578/1682 3333/3404/2477 3332/3403/2476 
f 2540/2580/1684 2539/2579/1683 3553/3629/2697 3554/3630/2698 
f 2541/2581/1685 2540/2580/1684 3079/3146/2223 3086/3153/2230 
f 2542/2582/1686 2541/2581/1685 3552/3628/2696 3551/3627/2695 
f 2539/2579/1683 2542/2582/1686 3341/3412/2485 3340/3411/2484 
f 2544/2584/1688 2543/2583/1687 3555/3631/2699 3556/3632/2700 
f 2545/2585/1689 2544/2584/1688 3087/3154/2231 3094/3161/2238 
f 2546/2586/1690 2545/2585/1689 3554/3630/2698 3553/3629/2697 
f 2543/2583/1687 2546/2586/1690 3349/3420/2493 3348/3419/2492 
f 2548/2588/1692 2547/2587/1691 3557/3633/2701 3558/3634/2702 
f 2549/2589/1693 2548/2588/1692 3095/3162/2239 3102/3169/2246 
f 2550/2590/1694 2549/2589/1693 3556/3632/2700 3555/3631/2699 
f 2547/2587/1691 2550/2590/1694 3357/3428/2501 3356/3427/2500 
f 2552/2592/1696 2551/2591/1695 3559/3635/2703 3560/3636/2704 
f 2553/2593/1697 2552/2592/1696 3103/3170/2247 3110/3177/2254 
f 2554/2594/1698 2553/2593/1697 3558/3634/2702 3557/3633/2701 
f 2551/2591/1695 2554/2594/1698 3365/3436/2509 3364/3435/2508 
f 2556/2596/1700 2555/2595/1699 3561/3637/2705 3562/3638/2706 
f 2557/2597/1701 2556/2596/1700 3111/3178/2255 3118/3185/2262 
f 2558/2598/1702 2557/2597/1701 3560/3636/2704 3559/3635/2703 
f 2555/2595/1699 2558/2598/1702 3373/3444/2517 3372/3443/2516 
f 2560/2600/1704 2559/2599/1703 3563/3639/2707 3564/3640/2708 
f 2561/2601/1705 2560/2600/1704 3119/3186/2263 3126/3193/2270 
f 2562/2602/1706 2561/2601/1705 3562/3638/2706 3561/3637/2705 
f 2559/2599/1703 2562/2602/1706 3381/3452/2525 3380/3451/2524 
f 2564/2604/1708 2563/2603/1707 3565/3641/2709 3566/3642/2710 
f 2565/2605/1709 2564/2604/1708 3127/3194/2271 3134/3201/2278 
f 2566/2606/1710 2565/2605/1709 3564/3640/2708 3563/3639/2707 
f 2563/2603/1707 2566/2606/1710 3389/3460/2533 3388/3459/2532 
f 2568/2608/1712 2567/2607/1711 3567/3643/2711 3568/3644/2712 
f 2569/2609/1713 2568/2608/1712 3135/3202/2279 3142/3209/2286 
f 2570/2610/1714 2569/2609/1713 3566/3642/2710 3565/3641/2709 
f 2567/2607/1711 2570/2610/1714 3397/3468/2541 3396/3467/2540 
f 2572/2612/1716 2571/2611/1715 3569/3645/2713 3570/3646/2714 
f 2573/2613/1717 2572/2612/1716 3143/3210/2287 3150/3217/2294 
f 2574/2614/1718 2573/2613/1717 3568/3644/2712 3567/3643/2711 
f 2571/2611/1715 2574/2614/1718 3405/3476/2549 3404/3475/2548 
f 2576/2616/1720 2575/2615/1719 3510/3584/2654 3509/3583/2653 
f 2577/2617/1721 2576/2616/1720 3151/3218/2295 3154/3221/2298 
f 2578/2618/1722 2577/2617/1721 3570/3646/2714 3569/3645/2713 
f 2575/2615/1719 2578/2618/1722 3409/3480/2553 3408/3479/2552 
f 2602/2642/1746 2604/2644/1748 2646/2705/1790 2645/2704/1789 
f 2604/2644/1748 2606/2646/1750 2656/2715/1800 2655/2714/1799 
f 2606/2646/1750 2608/2648/1752 2664/2723/1808 2663/2722/1807 
f 2608/2648/1752 2610/2650/1754 2672/2731/1816 2671/2730/1815 
f 2610/2650/1754 2612/2652/1756 2680/2739/1824 2679/2738/1823 
f 2612/2652/1756 2614/2654/1758 2688/2747/1832 2687/2746/1831 
f 2614/2654/1758 2616/2656/1760 2696/2755/1840 2695/2754/1839 
f 2616/2656/1760 2618/2658/1762 2704/2763/1848 2703/2762/1847 
f 2618/2658/1762 2620/2660/1764 2712/2771/1856 2711/2770/1855 
f 2620/2660/1764 2622/2662/1766 2720/2779/1864 2719/2778/1863 
f 2622/2662/1766 2624/2664/1768 2728/2787/1872 2727/2786/1871 
f 2624/2664/1768 2626/2666/1770 2736/2795/1880 2735/2794/1879 
f 2626/2666/1770 2628/2668/1772 2744/2803/1888 2743/2802/1887 
f 2628/2672/1772 2630/2671/1774 2752/2813/1896 2751/2812/1895 
f 2630/2671/1774 2632/2674/1776 2760/2823/1904 2759/2822/1903 
f 2632/2674/1776 2634/2676/1778 2768/2831/1912 2767/2830/1911 
f 2634/2676/1778 2636/2678/1780 2776/2839/1920 2775/2838/1919 
f 2636/2678/1780 2638/2680/1782 2784/2847/1928 2783/2846/1927 
f 2638/2680/1782 2640/2682/1784 2792/2855/1936 2791/2854/1935 
f 2640/2682/1784 2642/2684/1786 2800/2863/1944 2799/2862/1943 
f 2642/2684/1786 2582/2622/1726 2808/2871/1952 2807/2870/1951 
f 2582/2622/1726 2581/2621/1725 2816/2879/1960 2815/2878/1959 
f 2581/2621/1725 2584/2624/1728 2824/2887/1968 2823/2886/1967 
f 2584/2624/1728 2586/2626/1730 2832/2895/1976 2831/2894/1975 
f 2586/2626/1730 2588/2628/1732 2840/2903/1984 2839/2902/1983 
f 2588/2628/1732 2590/2630/1734 2848/2911/1992 2847/2910/1991 
f 2590/2630/1734 2592/2632/1736 2856/2919/2000 2855/2918/1999 
f 2592/2632/1736 2594/2634/1738 2864/2927/2008 2863/2926/2007 
f 2594/2634/1738 2596/2636/1740 2872/2935/2016 2871/2934/2015 
f 2596/2636/1740 2598/2638/1742 2880/2943/2024 2879/2942/2023 
f 2598/2638/1742 2600/2640/1744 2888/2951/2032 2887/2950/2031 
f 2600/2640/1744 2602/2642/1746 2896/2959/2040 2895/2958/2039 
f 2602/2642/1746 2645/2704/1789 2644/2703/1788 2896/2959/2040 
f 2604/2644/1748 2655/2714/1799 2647/2706/1791 2646/2705/1790 
f 2606/2646/1750 2663/2722/1807 2657/2716/1801 2656/2715/1800 
f 2608/2648/1752 2671/2730/1815 2665/2724/1809 2664/2723/1808 
f 2610/2650/1754 2679/2738/1823 2673/2732/1817 2672/2731/1816 
f 2612/2652/1756 2687/2746/1831 2681/2740/1825 2680/2739/1824 
f 2614/2654/1758 2695/2754/1839 2689/2748/1833 2688/2747/1832 
f 2616/2656/1760 2703/2762/1847 2697/2756/1841 2696/2755/1840 
f 2618/2658/1762 2711/2770/1855 2705/2764/1849 2704/2763/1848 
f 2620/2660/1764 2719/2778/1863 2713/2772/1857 2712/2771/1856 
f 2622/2662/1766 2727/2786/1871 2721/2780/1865 2720/2779/1864 
f 2624/2664/1768 2735/2794/1879 2729/2788/1873 2728/2787/1872 
f 2626/2666/1770 2743/2802/1887 2737/2796/1881 2736/2795/1880 
f 2628/2672/1772 2751/2812/1895 2745/2811/1889 2744/3680/1888 
f 2630/2671/1774 2759/2822/1903 2753/2814/1897 2752/2813/1896 
f 2632/2674/1776 2767/2830/1911 2761/2824/1905 2760/2823/1904 
f 2634/2676/1778 2775/2838/1919 2769/2832/1913 2768/2831/1912 
f 2636/2678/1780 2783/2846/1927 2777/2840/1921 2776/2839/1920 
f 2638/2680/1782 2791/2854/1935 2785/2848/1929 2784/2847/1928 
f 2640/2682/1784 2799/2862/1943 2793/2856/1937 2792/2855/1936 
f 2642/2684/1786 2807/2870/1951 2801/2864/1945 2800/2863/1944 
f 2582/2622/1726 2815/2878/1959 2809/2872/1953 2808/2871/1952 
f 2581/2621/1725 2823/2886/1967 2817/2880/1961 2816/2879/1960 
f 2584/2624/1728 2831/2894/1975 2825/2888/1969 2824/2887/1968 
f 2586/2626/1730 2839/2902/1983 2833/2896/1977 2832/2895/1976 
f 2588/2628/1732 2847/2910/1991 2841/2904/1985 2840/2903/1984 
f 2590/2630/1734 2855/2918/1999 2849/2912/1993 2848/2911/1992 
f 2592/2632/1736 2863/2926/2007 2857/2920/2001 2856/2919/2000 
f 2594/2634/1738 2871/2934/2015 2865/2928/2009 2864/2927/2008 
f 2596/2636/1740 2879/2942/2023 2873/2936/2017 2872/2935/2016 
f 2598/2638/1742 2887/2950/2031 2881/2944/2025 2880/2943/2024 
f 2600/2640/1744 2895/2958/2039 2889/2952/2033 2888/2951/2032 
f 3603/3681/587 3604/3682/587 3605/3683/587 
f 3606/3684/587 3604/3682/587 3603/3681/587 
f 3607/3685/587 3604/3682/587 3606/3684/587 
f 3608/3686/587 3604/3682/587 3607/3685/587 
f 3609/3687/587 3604/3682/587 3608/3686/587 
f 3610/3688/587 3604/3682/587 3609/3687/587 
f 3611/3689/587 3604/3682/587 3610/3688/587 
f 3612/3690/587 3604/3682/587 3611/3689/587 
f 3613/3691/587 3604/3682/587 3612/3690/587 
f 3614/3692/587 3604/3682/587 3613/3691/587 
f 3615/3693/587 3604/3682/587 3614/3692/587 
f 3616/3694/587 3604/3682/587 3615/3693/587 
f 3617/3695/587 3604/3682/587 3616/3694/587 
f 3618/3696/587 3604/3682/587 3617/3695/587 
f 3619/3697/587 3604/3682/587 3618/3696/587 
f 3620/3698/587 3604/3682/587 3619/3697/587 
f 3621/3699/587 3604/3682/587 3620/3698/587 
f 3622/3700/587 3604/3682/587 3621/3699/587 
f 3623/3701/587 3604/3682/587 3622/3700/587 
f 3624/3702/587 3604/3682/587 3623/3701/587 
f 3625/3703/587 3604/3682/587 3624/3702/587 
f 3626/3704/587 3604/3682/587 3625/3703/587 
f 3627/3705/587 3604/3682/587 3626/3704/587 
f 3628/3706/587 3604/3682/587 3627/3705/587 
f 3629/3707/587 3604/3682/587 3628/3706/587 
f 3630/3708/587 3604/3682/587 3629/3707/587 
f 3631/3709/587 3604/3682/587 3630/3708/587 
f 3632/3710/587 3604/3682/587 3631/3709/587 
f 3633/3711/587 3604/3682/587 3632/3710/587 
f 3634/3712/587 3604/3682/587 3633/3711/587 
f 3635/3713/587 3604/3682/587 3634/3712/587 
f 3605/3683/587 3604/3682/587 3635/3713/587 
f 3636/3714/598 3637/3715/598 3638/3716/598 
f 3636/3714/598 3639/3717/598 3637/3715/598 
f 3636/3714/598 3640/3718/598 3639/3717/598 
f 3636/3714/598 3641/3719/598 3640/3718/598 
f 3636/3714/598 3642/3720/598 3641/3719/598 
f 3636/3714/598 3643/3721/598 3642/3720/598 
f 3636/3714/598 3644/3722/598 3643/3721/598 
f 3636/3714/598 3645/3723/598 3644/3722/598 
f 3636/3714/598 3646/3724/598 3645/3723/598 
f 3636/3714/598 3647/3725/598 3646/3724/598 
f 3636/3714/598 3648/3726/598 3647/3725/598 
f 3636/3714/598 3649/3727/598 3648/3726/598 
f 3636/3714/598 3650/3728/598 3649/3727/598 
f 3636/3714/598 3651/3729/598 3650/3728/598 
f 3636/3714/598 3652/3730/598 3651/3729/598 
f 3636/3714/598 3653/3731/598 3652/3730/598 
f 3636/3714/598 3654/3732/598 3653/3731/598 
f 3636/3714/598 3655/3733/598 3654/3732/598 
f 3636/3714/598 3656/3734/598 3655/3733/598 
f 3636/3714/598 3657/3735/598 3656/3734/598 
f 3636/3714/598 3658/3736/598 3657/3735/598 
f 3636/3714/598 3659/3737/598 3658/3736/598 
f 3636/3714/598 3660/3738/598 3659/3737/598 
f 3636/3714/598 3661/3739/598 3660/3738/598 
f 3636/3714/598 3662/3740/598 3661/3739/598 
f 3636/3714/598 3663/3741/598 3662/3740/598 
f 3636/3714/598 3664/3742/598 3663/3741/598 
f 3636/3714/598 3665/3743/598 3664/3742/598 
f 3636/3714/598 3666/3744/598 3665/3743/598 
f 3636/3714/598 3667/3745/598 3666/3744/598 
f 3636/3714/598 3668/3746/598 3667/3745/598 
f 3636/3714/598 3638/3716/598 3668/3746/598 
f 3669/3747/777 3670/3748/783 3671/3749/783 3672/3750/777 
f 3670/3748/783 3673/3751/800 3674/3752/800 3671/3749/783 
f 3673/3751/800 3675/3753/806 3676/3754/806 3674/3752/800 
f 3675/3753/806 3677/3755/623 3678/3756/623 3676/3754/806 
f 3677/3755/623 3679/3757/828 3680/3758/828 3678/3756/623 
f 3679/3757/828 3681/3759/646 3682/3760/646 3680/3758/828 
f 3681/3759/646 3683/3761/849 3684/3762/849 3682/3760/646 
f 3683/3761/849 3685/3763/2747 3686/3764/2747 3684/3762/849 
f 3685/3763/2747 3687/3765/872 3688/3766/872 3686/3764/2747 
f 3687/3765/872 3689/3767/692 3690/3768/692 3688/3766/872 
f 3689/3767/692 3691/3769/894 3692/3770/894 3690/3768/692 
f 3691/3769/894 3693/3771/715 3694/3772/715 3692/3770/894 
f 3693/3771/715 3695/3773/916 3696/3774/916 3694/3772/715 
f 3695/3773/916 3697/3775/738 3698/3776/738 3696/3774/916 
f 3697/3775/738 3699/3777/938 3700/3778/938 3698/3776/738 
f 3699/3779/938 3701/3780/585 3702/3781/585 3700/3782/938 
f 3701/3780/585 3703/3783/584 3704/3784/584 3702/3781/585 
f 3703/3783/584 3705/3785/784 3706/3786/784 3704/3784/584 
f 3705/3785/784 3707/3787/621 3708/3788/621 3706/3786/784 
f 3707/3787/621 3709/3789/639 3710/3790/639 3708/3788/621 
f 3709/3789/639 3711/3791/645 3712/3792/645 3710/3790/639 
f 3711/3791/645 3713/3793/2748 3714/3794/2748 3712/3792/645 
f 3713/3793/2748 3715/3795/668 3716/3796/668 3714/3794/2748 
f 3715/3795/668 3717/3797/685 3718/3798/685 3716/3796/668 
f 3717/3797/685 3719/3799/691 3720/3800/691 3718/3798/685 
f 3719/3799/691 3721/3801/873 3722/3802/873 3720/3800/691 
f 3721/3801/873 3723/3803/714 3724/3804/714 3722/3802/873 
f 3723/3803/714 3725/3805/731 3726/3806/731 3724/3804/714 
f 3725/3805/731 3727/3807/737 3728/3808/737 3726/3806/731 
f 3727/3807/737 3729/3809/917 3730/3810/917 3728/3808/737 
f 3729/3809/917 3731/3811/761 3732/3812/761 3730/3810/917 
f 3731/3811/761 3669/3747/777 3672/3750/777 3732/3812/761 
f 3605/3683/587 3733/3813/587 3734/3814/587 3603/3681/587 
f 3603/3681/587 3734/3814/587 3735/3815/587 3606/3684/587 
f 3606/3684/587 3735/3815/587 3736/3816/587 3607/3685/587 
f 3607/3685/587 3736/3816/587 3737/3817/587 3608/3686/587 
f 3608/3686/587 3737/3817/587 3738/3818/587 3609/3687/587 
f 3609/3687/587 3738/3818/587 3739/3819/587 3610/3688/587 
f 3610/3688/587 3739/3819/587 3740/3820/587 3611/3689/587 
f 3611/3689/587 3740/3820/587 3741/3821/587 3612/3690/587 
f 3612/3690/587 3741/3821/587 3742/3822/587 3613/3691/587 
f 3613/3691/587 3742/3822/587 3743/3823/587 3614/3692/587 
f 3614/3692/587 3743/3823/587 3744/3824/587 3615/3693/587 
f 3615/3693/587 3744/3824/587 3745/3825/587 3616/3694/587 
f 3616/3694/587 3745/3825/587 3746/3826/587 3617/3695/587 
f 3617/3695/587 3746/3826/587 3747/3827/587 3618/3696/587 
f 3618/3696/587 3747/3827/587 3748/3828/587 3619/3697/587 
f 3619/3697/587 3748/3828/587 3749/3829/587 3620/3698/587 
f 3620/3698/587 3749/3829/587 3750/3830/587 3621/3699/587 
f 3621/3699/587 3750/3830/587 3751/3831/587 3622/3700/587 
f 3622/3700/587 3751/3831/587 3752/3832/587 3623/3701/587 
f 3623/3701/587 3752/3832/587 3753/3833/587 3624/3702/587 
f 3624/3702/587 3753/3833/587 3754/3834/587 3625/3703/587 
f 3625/3703/587 3754/3834/587 3755/3835/587 3626/3704/587 
f 3626/3704/587 3755/3835/587 3756/3836/587 3627/3705/587 
f 3627/3705/587 3756/3836/587 3757/3837/587 3628/3706/587 
f 3628/3706/587 3757/3837/587 3758/3838/587 3629/3707/587 
f 3629/3707/587 3758/3838/587 3759/3839/587 3630/3708/587 
f 3630/3708/587 3759/3839/587 3760/3840/587 3631/3709/587 
f 3631/3709/587 3760/3840/587 3761/3841/587 3632/3710/587 
f 3632/3710/587 3761/3841/587 3762/3842/587 3633/3711/587 
f 3633/3711/587 3762/3842/587 3763/3843/587 3634/3712/587 
f 3634/3712/587 3763/3843/587 3764/3844/587 3635/3713/587 
f 3635/3713/587 3764/3844/587 3733/3813/587 3605/3683/587 
f 3637/3715/598 3765/3845/598 3766/3846/598 3638/3716/598 
f 3639/3717/598 3767/3847/598 3765/3845/598 3637/3715/598 
f 3640/3718/598 3768/3848/598 3767/3847/598 3639/3717/598 
f 3641/3719/598 3769/3849/598 3768/3848/598 3640/3718/598 
f 3642/3720/598 3770/3850/598 3769/3849/598 3641/3719/598 
f 3643/3721/598 3771/3851/598 3770/3850/598 3642/3720/598 
f 3644/3722/598 3772/3852/598 3771/3851/598 3643/3721/598 
f 3645/3723/598 3773/3853/598 3772/3852/598 3644/3722/598 
f 3646/3724/598 3774/3854/598 3773/3853/598 3645/3723/598 
f 3647/3725/598 3775/3855/598 3774/3854/598 3646/3724/598 
f 3648/3726/598 3776/3856/598 3775/3855/598 3647/3725/598 
f 3649/3727/598 3777/3857/598 3776/3856/598 3648/3726/598 
f 3650/3728/598 3778/3858/598 3777/3857/598 3649/3727/598 
f 3651/3729/598 3779/3859/598 3778/3858/598 3650/3728/598 
f 3652/3730/598 3780/3860/598 3779/3859/598 3651/3729/598 
f 3653/3731/598 3781/3861/598 3780/3860/598 3652/3730/598 
f 3654/3732/598 3782/3862/598 3781/3861/598 3653/3731/598 
f 3655/3733/598 3783/3863/598 3782/3862/598 3654/3732/598 
f 3656/3734/598 3784/3864/598 3783/3863/598 3655/3733/598 
f 3657/3735/598 3785/3865/598 3784/3864/598 3656/3734/598 
f 3658/3736/598 3786/3866/598 3785/3865/598 3657/3735/598 
f 3659/3737/598 3787/3867/598 3786/3866/598 3658/3736/598 
f 3660/3738/598 3788/3868/598 3787/3867/598 3659/3737/598 
f 3661/3739/598 3789/3869/598 3788/3868/598 3660/3738/598 
f 3662/3740/598 3790/3870/598 3789/3869/598 3661/3739/598 
f 3663/3741/598 3791/3871/598 3790/3870/598 3662/3740/598 
f 3664/3742/598 3792/3872/598 3791/3871/598 3663/3741/598 
f 3665/3743/598 3793/3873/598 3792/3872/598 3664/3742/598 
f 3666/3744/598 3794/3874/598 3793/3873/598 3665/3743/598 
f 3667/3745/598 3795/3875/598 3794/3874/598 3666/3744/598 
f 3668/3746/598 3796/3876/598 3795/3875/598 3667/3745/598 
f 3638/3716/598 3766/3846/598 3796/3876/598 3668/3746/598 
f 3733/3813/587 3797/3877/1755 3798/3878/2749 3734/3814/587 
f 3734/3814/587 3798/3878/2749 3799/3879/1759 3735/3815/587 
f 3735/3815/587 3799/3879/1759 3800/3880/1761 3736/3816/587 
f 3736/3816/587 3800/3880/1761 3801/3881/2750 3737/3817/587 
f 3737/3817/587 3801/3881/2750 3802/3882/1765 3738/3818/587 
f 3738/3818/587 3802/3882/1765 3803/3883/1767 3739/3819/587 
f 3739/3819/587 3803/3883/1767 3804/3884/1769 3740/3820/587 
f 3740/3820/587 3804/3884/1769 3805/3885/1771 3741/3821/587 
f 3741/3821/587 3805/3885/1771 3806/3886/1773 3742/3822/587 
f 3742/3822/587 3806/3886/1773 3807/3887/2751 3743/3823/587 
f 3743/3823/587 3807/3887/2751 3808/3888/1777 3744/3824/587 
f 3744/3824/587 3808/3888/1777 3809/3889/1779 3745/3825/587 
f 3745/3825/587 3809/3889/1779 3810/3890/1781 3746/3826/587 
f 3746/3826/587 3810/3890/1781 3811/3891/1783 3747/3827/587 
f 3747/3827/587 3811/3891/1783 3812/3892/1785 3748/3828/587 
f 3748/3828/587 3812/3892/1785 3813/3893/1724 3749/3829/587 
f 3749/3829/587 3813/3893/1724 3814/3894/1723 3750/3830/587 
f 3750/3830/587 3814/3894/1723 3815/3895/2752 3751/3831/587 
f 3751/3831/587 3815/3895/2752 3816/3896/1729 3752/3832/587 
f 3752/3832/587 3816/3896/1729 3817/3897/1731 3753/3833/587 
f 3753/3833/587 3817/3897/1731 3818/3898/1733 3754/3834/587 
f 3754/3834/587 3818/3898/1733 3819/3899/2753 3755/3835/587 
f 3755/3835/587 3819/3899/2753 3820/3900/1737 3756/3836/587 
f 3756/3836/587 3820/3900/1737 3821/3901/1739 3757/3837/587 
f 3757/3837/587 3821/3901/1739 3822/3902/1741 3758/3838/587 
f 3758/3838/587 3822/3902/1741 3823/3903/1743 3759/3839/587 
f 3759/3839/587 3823/3903/1743 3824/3904/1745 3760/3840/587 
f 3760/3840/587 3824/3904/1745 3825/3905/1747 3761/3841/587 
f 3761/3841/587 3825/3905/1747 3826/3906/1749 3762/3842/587 
f 3762/3842/587 3826/3906/1749 3827/3907/2754 3763/3843/587 
f 3763/3843/587 3827/3907/2754 3828/3908/1753 3764/3844/587 
f 3764/3844/587 3828/3908/1753 3797/3877/1755 3733/3813/587 
f 3765/3845/598 3829/3909/2755 3830/3910/2756 3766/3846/598 
f 3767/3847/598 3831/3911/610 3829/3909/2755 3765/3845/598 
f 3768/3848/598 3832/3912/616 3831/3911/610 3767/3847/598 
f 3769/3849/598 3833/3913/634 3832/3912/616 3768/3848/598 
f 3770/3850/598 3834/3914/640 3833/3913/634 3769/3849/598 
f 3771/3851/598 3835/3915/657 3834/3914/640 3770/3850/598 
f 3772/3852/598 3836/3916/663 3835/3915/657 3771/3851/598 
f 3773/3853/598 3837/3917/2757 3836/3916/663 3772/3852/598 
f 3774/3854/598 3838/3918/686 3837/3917/2757 3773/3853/598 
f 3775/3855/598 3839/3919/703 3838/3918/686 3774/3854/598 
f 3776/3856/598 3840/3920/709 3839/3919/703 3775/3855/598 
f 3777/3857/598 3841/3921/726 3840/3920/709 3776/3856/598 
f 3778/3858/598 3842/3922/732 3841/3921/726 3777/3857/598 
f 3779/3859/598 3843/3923/2758 3842/3922/732 3778/3858/598 
f 3780/3860/598 3844/3924/756 3843/3923/2758 3779/3859/598 
f 3781/3861/598 3845/3925/772 3844/3924/756 3780/3860/598 
f 3782/3862/598 3846/3926/778 3845/3925/772 3781/3861/598 
f 3783/3863/598 3847/3927/2759 3846/3926/778 3782/3862/598 
f 3784/3864/598 3848/3928/801 3847/3927/2759 3783/3863/598 
f 3785/3865/598 3849/3929/817 3848/3928/801 3784/3864/598 
f 3786/3866/598 3850/3930/823 3849/3929/817 3785/3865/598 
f 3787/3867/598 3851/3931/839 3850/3930/823 3786/3866/598 
f 3788/3868/598 3852/3932/844 3851/3931/839 3787/3867/598 
f 3789/3869/598 3853/3933/2760 3852/3932/844 3788/3868/598 
f 3790/3870/598 3854/3934/867 3853/3933/2760 3789/3869/598 
f 3791/3871/598 3855/3935/884 3854/3934/867 3790/3870/598 
f 3792/3872/598 3856/3936/889 3855/3935/884 3791/3871/598 
f 3793/3873/598 3857/3937/906 3856/3936/889 3792/3872/598 
f 3794/3874/598 3858/3938/911 3857/3937/906 3793/3873/598 
f 3795/3875/598 3859/3939/928 3858/3938/911 3794/3874/598 
f 3796/3876/598 3860/3940/933 3859/3939/928 3795/3875/598 
f 3766/3846/598 3830/3910/2756 3860/3940/933 3796/3876/598 
f 3669/3747/777 3830/3941/2756 3829/3942/2755 3670/3748/783 
f 3671/3749/783 3798/3943/2749 3797/3944/1755 3672/3750/777 
f 3670/3748/783 3829/3942/2755 3831/3945/610 3673/3751/800 
f 3674/3752/800 3799/3946/1759 3798/3943/2749 3671/3749/783 
f 3673/3751/800 3831/3945/610 3832/3947/616 3675/3753/806 
f 3676/3754/806 3800/3948/1761 3799/3946/1759 3674/3752/800 
f 3675/3753/806 3832/3947/616 3833/3949/634 3677/3755/623 
f 3678/3756/623 3801/3950/2750 3800/3948/1761 3676/3754/806 
f 3677/3755/623 3833/3949/634 3834/3951/640 3679/3757/828 
f 3680/3758/828 3802/3952/1765 3801/3950/2750 3678/3756/623 
f 3679/3757/828 3834/3951/640 3835/3953/657 3681/3759/646 
f 3682/3760/646 3803/3954/1767 3802/3952/1765 3680/3758/828 
f 3681/3759/646 3835/3953/657 3836/3955/663 3683/3761/849 
f 3684/3762/849 3804/3956/1769 3803/3954/1767 3682/3760/646 
f 3683/3761/849 3836/3955/663 3837/3957/2757 3685/3763/2747 
f 3686/3764/2747 3805/3958/1771 3804/3956/1769 3684/3762/849 
f 3685/3763/2747 3837/3957/2757 3838/3959/686 3687/3765/872 
f 3688/3766/872 3806/3960/1773 3805/3958/1771 3686/3764/2747 
f 3687/3765/872 3838/3959/686 3839/3961/703 3689/3767/692 
f 3690/3768/692 3807/3962/2751 3806/3960/1773 3688/3766/872 
f 3689/3767/692 3839/3961/703 3840/3963/709 3691/3769/894 
f 3692/3770/894 3808/3964/1777 3807/3962/2751 3690/3768/692 
f 3691/3769/894 3840/3963/709 3841/3965/726 3693/3771/715 
f 3694/3772/715 3809/3966/1779 3808/3964/1777 3692/3770/894 
f 3693/3771/715 3841/3965/726 3842/3967/732 3695/3773/916 
f 3696/3774/916 3810/3968/1781 3809/3966/1779 3694/3772/715 
f 3695/3773/916 3842/3967/732 3843/3969/2758 3697/3775/738 
f 3698/3776/738 3811/3970/1783 3810/3968/1781 3696/3774/916 
f 3697/3775/738 3843/3969/2758 3844/3971/756 3699/3777/938 
f 3700/3778/938 3812/3972/1785 3811/3970/1783 3698/3776/738 
f 3699/3779/938 3844/3973/756 3845/3974/772 3701/3780/585 
f 3702/3781/585 3813/3975/1724 3812/3976/1785 3700/3782/938 
f 3701/3780/585 3845/3974/772 3846/3977/778 3703/3783/584 
f 3704/3784/584 3814/3978/1723 3813/3975/1724 3702/3781/585 
f 3703/3783/584 3846/3977/778 3847/3979/2759 3705/3785/784 
f 3706/3786/784 3815/3980/2752 3814/3978/1723 3704/3784/584 
f 3705/3785/784 3847/3979/2759 3848/3981/801 3707/3787/621 
f 3708/3788/621 3816/3982/1729 3815/3980/2752 3706/3786/784 
f 3707/3787/621 3848/3981/801 3849/3983/817 3709/3789/639 
f 3710/3790/639 3817/3984/1731 3816/3982/1729 3708/3788/621 
f 3709/3789/639 3849/3983/817 3850/3985/823 3711/3791/645 
f 3712/3792/645 3818/3986/1733 3817/3984/1731 3710/3790/639 
f 3711/3791/645 3850/3985/823 3851/3987/839 3713/3793/2748 
f 3714/3794/2748 3819/3988/2753 3818/3986/1733 3712/3792/645 
f 3713/3793/2748 3851/3987/839 3852/3989/844 3715/3795/668 
f 3716/3796/668 3820/3990/1737 3819/3988/2753 3714/3794/2748 
f 3715/3795/668 3852/3989/844 3853/3991/2760 3717/3797/685 
f 3718/3798/685 3821/3992/1739 3820/3990/1737 3716/3796/668 
f 3717/3797/685 3853/3991/2760 3854/3993/867 3719/3799/691 
f 3720/3800/691 3822/3994/1741 3821/3992/1739 3718/3798/685 
f 3719/3799/691 3854/3993/867 3855/3995/884 3721/3801/873 
f 3722/3802/873 3823/3996/1743 3822/3994/1741 3720/3800/691 
f 3721/3801/873 3855/3995/884 3856/3997/889 3723/3803/714 
f 3724/3804/714 3824/3998/1745 3823/3996/1743 3722/3802/873 
f 3723/3803/714 3856/3997/889 3857/3999/906 3725/3805/731 
f 3726/3806/731 3825/4000/1747 3824/3998/1745 3724/3804/714 
f 3725/3805/731 3857/3999/906 3858/4001/911 3727/3807/737 
f 3728/3808/737 3826/4002/1749 3825/4000/1747 3726/3806/731 
f 3727/3807/737 3858/4001/911 3859/4003/928 3729/3809/917 
f 3730/3810/917 3827/4004/2754 3826/4002/1749 3728/3808/737 
f 3729/3809/917 3859/4003/928 3860/4005/933 3731/3811/761 
f 3732/3812/761 3828/4006/1753 3827/4004/2754 3730/3810/917 
f 3731/3811/761 3860/4005/933 3830/3941/2756 3669/3747/777 
f 3672/3750/777 3797/3944/1755 3828/4006/1753 3732/3812/761 
# 2400 polygons - 112 triangles

